season,franchise_id,conference,division,bonus_wins_raw,bonus_ties_raw,bonus_losses_raw,bonus_wins,pred_q1_bonus_wins,pred_q2_bonus_wins,pred_q3_bonus_wins,pred_q4_bonus_wins,pred_rs_bonus_wins,pred_total_bonus
2026,0004,00,00,1,0,0,1,1,0.8308333333333333,0.8196666666666667,0.812,0.9906666666666667,4.453166666666667
2026,0005,00,01,1,0,0,1,1,0.792,0.7986666666666666,0.7888333333333334,0.9871666666666666,4.366666666666666
2026,0014,00,03,1,0,0,1,1,0.6285,0.6138333333333333,0.6323333333333333,0.8313333333333334,3.706
2026,0015,00,03,1,0,0,1,1,0.6056666666666667,0.614,0.6071666666666666,0.8138333333333333,3.6406666666666663
2026,0013,00,03,1,0,0,1,1,0.534,0.5495,0.5443333333333333,0.654,3.281833333333333
2026,0012,00,02,1,0,0,1,1,0.247,0.25566666666666665,0.24883333333333332,0.21133333333333335,1.9628333333333332
2026,0008,00,01,1,0,0,1,1,0.413,0.4033333333333333,0.403,0.377,2.596333333333333
2026,0003,00,00,1,0,0,1,1,0.7065,0.71,0.7016666666666667,0.8901666666666667,4.008333333333334
2026,0010,00,02,1,0,0,1,1,0.5903333333333334,0.5931666666666666,0.5971666666666666,0.6875,3.468166666666667
2026,0006,00,01,0,0,1,0,0,0.4891666666666667,0.4846666666666667,0.49883333333333335,0.4205,1.8931666666666667
2026,0002,00,00,0,0,1,0,0,0.2916666666666667,0.283,0.29183333333333333,0.16133333333333333,1.0278333333333334
2026,0011,00,02,0,0,1,0,0,0.35883333333333334,0.374,0.367,0.25066666666666665,1.3504999999999998
2026,0001,00,00,0,0,1,0,0,0.40166666666666667,0.405,0.4101666666666667,0.235,1.451833333333333
2026,0009,00,02,0,0,1,0,0,0.346,0.334,0.3353333333333333,0.16033333333333333,1.1756666666666664
2026,0016,00,03,0,0,1,0,0,0.3555,0.3785,0.375,0.19033333333333333,1.2993333333333332
2026,0007,00,01,0,0,1,0,0,0.6695,0.6546666666666666,0.6528333333333334,0.416,2.3930000000000002
2026,0031,01,07,1,0,0,1,1,0.7083333333333334,0.701,0.702,0.9665,4.077833333333333
2026,0025,01,06,1,0,0,1,1,0.5633333333333334,0.5843333333333334,0.5893333333333334,0.886,3.623
2026,0018,01,04,1,0,0,1,1,0.6756666666666666,0.6893333333333334,0.6941666666666667,0.9201666666666667,3.979333333333334
2026,0021,01,05,1,0,0,1,1,0.7985,0.8045,0.7973333333333333,0.9715,4.371833333333333
2026,0020,01,04,1,0,0,1,1,0.41983333333333334,0.39066666666666666,0.402,0.4538333333333333,2.6663333333333332
2026,0026,01,06,0,1,0,0.5,0.5,0.46216666666666667,0.4718333333333333,0.4801666666666667,0.45866666666666667,2.3728333333333333
2026,0022,01,05,0,0,1,0,0,0.42933333333333334,0.43916666666666665,0.4231666666666667,0.26366666666666666,1.5553333333333335
2026,0027,01,06,1,0,0,1,1,0.44066666666666665,0.4545,0.4488333333333333,0.4855,2.8295
2026,0029,01,07,0,1,0,0.5,0.5,0.271,0.2685,0.26816666666666666,0.18733333333333332,1.495
2026,0017,01,04,0,0,1,0,0,0.7433333333333333,0.7258333333333333,0.719,0.801,2.9891666666666667
2026,0030,01,07,0,0,1,0,0,0.6196666666666667,0.617,0.6045,0.5943333333333334,2.4355
2026,0023,01,05,0,0,1,0,0,0.38233333333333336,0.37766666666666665,0.38716666666666666,0.21933333333333332,1.3665
2026,0032,01,07,0,0,1,0,0,0.37866666666666665,0.3626666666666667,0.366,0.193,1.3003333333333336
2026,0019,01,04,0,0,1,0,0,0.4741666666666667,0.47,0.4525,0.28883333333333333,1.6854999999999998
2026,0024,01,05,0,0,1,0,0,0.14016666666666666,0.13916666666666666,0.14666666666666667,0.014333333333333333,0.4403333333333333
2026,0028,01,06,0,0,1,0,0,0.23266666666666666,0.23216666666666666,0.25266666666666665,0.018833333333333334,0.7363333333333334
