season,week,franchise_id,points_for_week,potential_points_week
2018,1,0001,168.4,223.6
2018,2,0001,174.2,211.5
2018,3,0001,147.4,213.0
2018,4,0001,214.8,231.7
2018,5,0001,155.9,201.7
2018,6,0001,145.5,202.0
2018,7,0001,157.5,223.1
2018,8,0001,123.8,183.7
2018,9,0001,175.6,211.4
2018,10,0001,118.3,143.8
2018,11,0001,173.6,222.6
2018,12,0001,157.9,227.8
2018,1,0002,124.9,207.2
2018,2,0002,156.3,258.1
2018,3,0002,123.8,202.0
2018,4,0002,192.3,235.4
2018,5,0002,178.0,248.0
2018,6,0002,154.3,189.6
2018,7,0002,93.7,159.6
2018,8,0002,127.0,187.7
2018,9,0002,144.5,192.5
2018,10,0002,189.8,220.0
2018,11,0002,47.4,78.3
2018,12,0002,174.1,232.1
2018,1,0003,131.8,233.0
2018,2,0003,210.4,280.2
2018,3,0003,160.5,229.5
2018,4,0003,243.4,324.9
2018,5,0003,240.3,284.8
2018,6,0003,194.7,240.0
2018,7,0003,198.2,249.9
2018,8,0003,169.7,214.3
2018,9,0003,160.5,187.2
2018,10,0003,173.7,214.4
2018,11,0003,195.0,217.9
2018,12,0003,215.3,268.5
2018,1,0004,319.4,339.9
2018,2,0004,200.2,255.8
2018,3,0004,240.5,291.8
2018,4,0004,288.0,310.5
2018,5,0004,199.0,227.9
2018,6,0004,125.3,215.9
2018,7,0004,173.8,209.1
2018,8,0004,198.4,268.9
2018,9,0004,202.3,236.1
2018,10,0004,199.4,212.5
2018,11,0004,180.1,204.5
2018,12,0004,153.4,160.9
2018,1,0005,236.7,313.6
2018,2,0005,172.3,283.9
2018,3,0005,216.3,271.9
2018,4,0005,211.6,291.0
2018,5,0005,219.3,281.0
2018,6,0005,236.0,269.8
2018,7,0005,169.7,208.1
2018,8,0005,228.8,272.5
2018,9,0005,216.3,261.1
2018,10,0005,219.3,289.7
2018,11,0005,258.5,311.9
2018,12,0005,184.4,239.7
2018,1,0006,142.7,191.1
2018,2,0006,212.4,249.8
2018,3,0006,154.7,199.5
2018,4,0006,215.4,251.8
2018,5,0006,194.5,208.1
2018,6,0006,212.4,227.0
2018,7,0006,270.4,283.9
2018,8,0006,203.6,251.2
2018,9,0006,178.2,226.2
2018,10,0006,229.4,282.2
2018,11,0006,231.8,245.7
2018,12,0006,201.8,260.5
2018,1,0007,188.5,233.9
2018,2,0007,198.5,244.7
2018,3,0007,159.9,195.4
2018,4,0007,158.3,208.3
2018,5,0007,175.8,230.3
2018,6,0007,180.9,251.5
2018,7,0007,124.9,188.1
2018,8,0007,205.2,263.2
2018,9,0007,139.4,188.9
2018,10,0007,170.3,210.8
2018,11,0007,128.5,222.9
2018,12,0007,175.7,236.6
2018,1,0008,160.5,209.6
2018,2,0008,135.9,178.8
2018,3,0008,143.7,202.4
2018,4,0008,148.1,272.6
2018,5,0008,203.8,232.5
2018,6,0008,232.1,263.3
2018,7,0008,144.0,175.3
2018,8,0008,169.5,203.1
2018,9,0008,134.2,158.1
2018,10,0008,217.0,306.7
2018,11,0008,143.7,197.6
2018,12,0008,199.4,223.7
2018,1,0009,179.6,232.9
2018,2,0009,175.0,207.1
2018,3,0009,157.3,188.2
2018,4,0009,210.8,262.1
2018,5,0009,177.2,228.4
2018,6,0009,198.1,281.4
2018,7,0009,133.7,188.4
2018,8,0009,142.7,162.2
2018,9,0009,229.4,265.0
2018,10,0009,180.0,211.2
2018,11,0009,206.7,242.3
2018,12,0009,226.6,253.8
2018,1,0010,146.3,215.4
2018,2,0010,188.6,270.4
2018,3,0010,161.8,216.7
2018,4,0010,194.3,266.7
2018,5,0010,195.4,251.8
2018,6,0010,154.3,224.1
2018,7,0010,176.9,199.9
2018,8,0010,202.1,276.0
2018,9,0010,132.0,187.9
2018,10,0010,213.1,241.9
2018,11,0010,212.8,247.0
2018,12,0010,195.1,236.6
2018,1,0011,193.9,240.0
2018,2,0011,223.7,284.9
2018,3,0011,227.6,253.9
2018,4,0011,177.4,248.8
2018,5,0011,218.9,255.8
2018,6,0011,184.3,225.7
2018,7,0011,211.2,241.4
2018,8,0011,226.2,283.7
2018,9,0011,213.9,253.3
2018,10,0011,176.6,191.5
2018,11,0011,215.5,234.9
2018,12,0011,201.6,251.6
2018,1,0012,199.2,284.9
2018,2,0012,219.5,256.5
2018,3,0012,243.3,290.7
2018,4,0012,212.0,224.1
2018,5,0012,201.9,240.9
2018,6,0012,205.4,276.5
2018,7,0012,191.7,229.9
2018,8,0012,168.3,218.8
2018,9,0012,167.2,189.2
2018,10,0012,228.3,247.8
2018,11,0012,185.1,214.9
2018,12,0012,220.7,251.8
2018,1,0013,153.4,208.9
2018,2,0013,136.3,155.6
2018,3,0013,147.2,181.4
2018,4,0013,127.9,144.0
2018,5,0013,178.4,272.1
2018,6,0013,184.5,225.5
2018,7,0013,146.8,181.1
2018,8,0013,142.7,180.8
2018,9,0013,156.1,220.7
2018,10,0013,175.8,209.5
2018,11,0013,114.9,161.4
2018,12,0013,176.6,223.3
2018,1,0014,140.4,182.1
2018,2,0014,217.1,254.5
2018,3,0014,239.3,275.4
2018,4,0014,225.7,255.6
2018,5,0014,190.9,263.1
2018,6,0014,242.7,272.1
2018,7,0014,196.3,258.6
2018,8,0014,149.2,176.9
2018,9,0014,183.7,226.0
2018,10,0014,168.5,226.8
2018,11,0014,181.4,213.7
2018,12,0014,181.2,235.4
2018,1,0015,129.3,184.6
2018,2,0015,156.7,181.4
2018,3,0015,185.5,239.3
2018,4,0015,87.8,145.8
2018,5,0015,119.0,160.6
2018,6,0015,136.8,143.8
2018,7,0015,134.9,157.5
2018,8,0015,151.7,182.7
2018,9,0015,87.2,117.9
2018,10,0015,94.7,170.5
2018,11,0015,148.2,179.9
2018,12,0015,153.7,178.0
2018,1,0016,243.9,345.4
2018,2,0016,215.1,315.8
2018,3,0016,209.2,268.5
2018,4,0016,175.3,285.6
2018,5,0016,170.3,209.2
2018,6,0016,166.7,185.1
2018,7,0016,152.2,180.0
2018,8,0016,153.9,194.7
2018,9,0016,165.7,218.6
2018,10,0016,186.9,214.1
2018,11,0016,179.1,210.4
2018,12,0016,170.6,223.4
2018,1,0017,217.6,255.3
2018,2,0017,176.0,242.7
2018,3,0017,152.2,212.5
2018,4,0017,233.3,267.4
2018,5,0017,244.7,276.2
2018,6,0017,155.2,203.9
2018,7,0017,177.8,234.3
2018,8,0017,204.6,221.1
2018,9,0017,160.8,221.3
2018,10,0017,251.1,305.3
2018,11,0017,205.8,227.4
2018,12,0017,196.8,241.3
2018,1,0018,193.4,239.6
2018,2,0018,170.8,211.9
2018,3,0018,152.6,206.0
2018,4,0018,187.5,215.1
2018,5,0018,175.5,211.6
2018,6,0018,175.8,203.6
2018,7,0018,187.7,209.2
2018,8,0018,128.5,156.5
2018,9,0018,81.6,98.0
2018,10,0018,168.0,193.5
2018,11,0018,80.3,116.6
2018,12,0018,154.6,185.5
2018,1,0019,149.9,204.6
2018,2,0019,165.7,210.9
2018,3,0019,195.2,221.0
2018,4,0019,204.5,233.5
2018,5,0019,182.3,240.5
2018,6,0019,120.4,212.9
2018,7,0019,164.8,206.5
2018,8,0019,244.7,272.8
2018,9,0019,169.7,241.2
2018,10,0019,136.5,166.6
2018,11,0019,120.0,153.6
2018,12,0019,224.4,270.4
2018,1,0020,202.9,254.5
2018,2,0020,178.8,220.6
2018,3,0020,170.2,224.6
2018,4,0020,243.5,326.2
2018,5,0020,164.8,231.6
2018,6,0020,145.5,213.7
2018,7,0020,156.1,177.8
2018,8,0020,162.8,167.8
2018,9,0020,140.7,154.8
2018,10,0020,126.3,166.9
2018,11,0020,108.5,147.8
2018,12,0020,200.7,247.6
2018,1,0021,163.3,189.2
2018,2,0021,220.6,258.0
2018,3,0021,204.3,259.8
2018,4,0021,279.8,326.1
2018,5,0021,222.0,285.9
2018,6,0021,209.2,262.7
2018,7,0021,194.7,255.9
2018,8,0021,189.6,248.1
2018,9,0021,236.1,256.7
2018,10,0021,177.7,199.7
2018,11,0021,212.6,263.2
2018,12,0021,148.3,219.0
2018,1,0022,154.6,200.9
2018,2,0022,246.9,295.8
2018,3,0022,225.2,291.6
2018,4,0022,214.3,253.8
2018,5,0022,124.9,175.2
2018,6,0022,202.8,225.8
2018,7,0022,167.4,248.5
2018,8,0022,178.5,235.5
2018,9,0022,221.7,237.0
2018,10,0022,169.2,203.1
2018,11,0022,205.7,241.3
2018,12,0022,205.7,226.3
2018,1,0023,194.7,260.1
2018,2,0023,149.6,216.2
2018,3,0023,239.1,277.0
2018,4,0023,182.6,252.2
2018,5,0023,187.0,228.5
2018,6,0023,223.0,271.2
2018,7,0023,158.2,194.5
2018,8,0023,150.7,190.6
2018,9,0023,172.7,183.2
2018,10,0023,219.4,247.5
2018,11,0023,152.5,179.3
2018,12,0023,200.5,252.2
2018,1,0024,173.5,240.1
2018,2,0024,211.6,226.0
2018,3,0024,173.0,259.1
2018,4,0024,147.9,198.0
2018,5,0024,159.0,181.7
2018,6,0024,169.4,229.7
2018,7,0024,157.5,199.2
2018,8,0024,137.8,158.0
2018,9,0024,184.5,211.4
2018,10,0024,186.7,215.3
2018,11,0024,168.0,199.8
2018,12,0024,195.8,231.7
2018,1,0025,166.7,244.9
2018,2,0025,168.5,231.7
2018,3,0025,99.2,194.2
2018,4,0025,175.4,222.0
2018,5,0025,141.2,230.9
2018,6,0025,182.0,250.9
2018,7,0025,120.2,169.0
2018,8,0025,167.6,225.9
2018,9,0025,89.2,135.1
2018,10,0025,138.5,183.1
2018,11,0025,129.8,160.2
2018,12,0025,131.7,162.3
2018,1,0026,109.5,176.5
2018,2,0026,138.8,217.6
2018,3,0026,191.5,251.4
2018,4,0026,115.5,153.1
2018,5,0026,158.2,202.2
2018,6,0026,215.1,246.3
2018,7,0026,159.4,197.7
2018,8,0026,125.5,205.4
2018,9,0026,151.8,187.0
2018,10,0026,120.7,189.9
2018,11,0026,216.1,268.8
2018,12,0026,129.5,165.8
2018,1,0027,181.0,251.9
2018,2,0027,163.7,229.6
2018,3,0027,111.1,225.5
2018,4,0027,164.8,259.9
2018,5,0027,190.5,253.3
2018,6,0027,202.7,274.1
2018,7,0027,178.1,229.0
2018,8,0027,250.9,292.1
2018,9,0027,185.8,235.7
2018,10,0027,170.0,260.8
2018,11,0027,171.8,223.6
2018,12,0027,247.4,317.1
2018,1,0028,233.3,280.4
2018,2,0028,148.8,214.7
2018,3,0028,203.0,256.5
2018,4,0028,163.8,258.4
2018,5,0028,208.0,276.4
2018,6,0028,202.4,269.8
2018,7,0028,127.2,178.9
2018,8,0028,163.1,213.2
2018,9,0028,201.7,234.6
2018,10,0028,242.7,262.1
2018,11,0028,212.3,274.3
2018,12,0028,169.4,211.0
2018,1,0029,223.3,242.5
2018,2,0029,148.9,180.1
2018,3,0029,180.5,218.3
2018,4,0029,183.6,248.6
2018,5,0029,209.1,244.0
2018,6,0029,185.6,212.8
2018,7,0029,126.9,186.7
2018,8,0029,163.3,187.1
2018,9,0029,132.3,195.2
2018,10,0029,166.0,222.2
2018,11,0029,186.5,203.7
2018,12,0029,145.0,182.2
2018,1,0030,214.5,278.2
2018,2,0030,253.4,315.3
2018,3,0030,196.6,262.6
2018,4,0030,213.4,333.4
2018,5,0030,200.9,298.4
2018,6,0030,233.3,304.5
2018,7,0030,274.6,320.5
2018,8,0030,261.1,270.7
2018,9,0030,196.9,222.2
2018,10,0030,256.6,293.6
2018,11,0030,284.7,296.7
2018,12,0030,169.9,212.1
2018,1,0031,240.5,272.9
2018,2,0031,271.8,312.6
2018,3,0031,202.0,262.2
2018,4,0031,158.3,202.7
2018,5,0031,199.5,227.4
2018,6,0031,200.1,220.8
2018,7,0031,152.6,174.3
2018,8,0031,167.8,179.5
2018,9,0031,114.6,120.9
2018,10,0031,146.0,186.4
2018,11,0031,221.0,228.4
2018,12,0031,185.7,215.8
2018,1,0032,214.1,267.7
2018,2,0032,224.0,243.6
2018,3,0032,158.4,206.0
2018,4,0032,145.7,189.3
2018,5,0032,278.0,304.9
2018,6,0032,146.0,161.0
2018,7,0032,181.7,217.7
2018,8,0032,159.1,195.9
2018,9,0032,171.4,208.8
2018,10,0032,244.7,252.9
2018,11,0032,172.8,223.0
2018,12,0032,218.0,256.6
2019,1,0001,235.1,281.6
2019,2,0001,170.6,213.9
2019,3,0001,242.1,289.5
2019,4,0001,116.4,161.2
2019,5,0001,275.2,295.8
2019,6,0001,160.7,181.4
2019,7,0001,151.0,219.4
2019,8,0001,252.4,299.3
2019,9,0001,195.6,214.7
2019,10,0001,185.1,205.3
2019,11,0001,143.5,191.9
2019,12,0001,157.6,197.0
2019,1,0002,162.3,220.8
2019,2,0002,193.8,297.0
2019,3,0002,207.5,295.1
2019,4,0002,77.9,142.1
2019,5,0002,162.7,198.0
2019,6,0002,181.0,196.7
2019,7,0002,180.2,235.0
2019,8,0002,157.6,268.7
2019,9,0002,235.5,274.4
2019,10,0002,152.2,219.2
2019,11,0002,177.1,201.2
2019,12,0002,184.1,217.2
2019,1,0003,180.3,210.7
2019,2,0003,219.4,283.9
2019,3,0003,211.3,267.2
2019,4,0003,133.9,187.9
2019,5,0003,171.9,209.7
2019,6,0003,173.0,201.2
2019,7,0003,148.9,179.7
2019,8,0003,169.1,229.2
2019,9,0003,146.8,211.2
2019,10,0003,193.6,224.3
2019,11,0003,179.9,217.2
2019,12,0003,191.3,272.7
2019,1,0004,201.1,276.9
2019,2,0004,218.4,259.1
2019,3,0004,207.9,276.6
2019,4,0004,174.3,250.3
2019,5,0004,166.0,231.3
2019,6,0004,73.8,151.8
2019,7,0004,176.7,217.4
2019,8,0004,224.3,257.5
2019,9,0004,144.6,200.3
2019,10,0004,139.6,208.8
2019,11,0004,162.1,190.0
2019,12,0004,204.4,210.7
2019,1,0005,240.6,335.8
2019,2,0005,257.1,281.0
2019,3,0005,276.3,302.6
2019,4,0005,213.3,271.1
2019,5,0005,216.6,258.0
2019,6,0005,156.2,189.8
2019,7,0005,202.0,277.2
2019,8,0005,185.4,219.2
2019,9,0005,193.0,218.1
2019,10,0005,274.2,309.6
2019,11,0005,182.1,215.3
2019,12,0005,163.8,211.6
2019,1,0006,174.9,270.5
2019,2,0006,160.0,196.8
2019,3,0006,242.6,271.4
2019,4,0006,135.4,234.0
2019,5,0006,218.3,235.9
2019,6,0006,157.7,198.8
2019,7,0006,143.6,183.5
2019,8,0006,173.3,228.1
2019,9,0006,179.2,201.0
2019,10,0006,170.6,228.3
2019,11,0006,197.9,224.9
2019,12,0006,151.2,190.8
2019,1,0007,208.8,279.9
2019,2,0007,128.6,222.1
2019,3,0007,201.5,290.5
2019,4,0007,204.8,248.9
2019,5,0007,123.5,208.4
2019,6,0007,143.2,251.1
2019,7,0007,177.7,250.5
2019,8,0007,228.8,281.2
2019,9,0007,204.0,291.5
2019,10,0007,137.2,185.1
2019,11,0007,147.1,177.7
2019,12,0007,128.3,204.0
2019,1,0008,195.1,259.3
2019,2,0008,180.8,221.6
2019,3,0008,193.5,220.8
2019,4,0008,275.0,332.3
2019,5,0008,232.2,289.4
2019,6,0008,183.7,233.1
2019,7,0008,267.5,293.1
2019,8,0008,212.7,268.9
2019,9,0008,159.2,222.5
2019,10,0008,240.1,251.0
2019,11,0008,130.5,162.0
2019,12,0008,217.7,274.2
2019,1,0009,139.5,201.0
2019,2,0009,151.4,191.1
2019,3,0009,133.2,220.9
2019,4,0009,158.8,201.6
2019,5,0009,172.9,223.9
2019,6,0009,197.6,230.4
2019,7,0009,169.0,237.3
2019,8,0009,151.4,212.9
2019,9,0009,136.6,222.4
2019,10,0009,159.4,189.8
2019,11,0009,141.9,179.0
2019,12,0009,117.4,147.0
2019,1,0010,221.8,279.7
2019,2,0010,230.2,253.6
2019,3,0010,219.0,278.5
2019,4,0010,193.5,273.2
2019,5,0010,206.4,266.3
2019,6,0010,234.0,259.4
2019,7,0010,200.7,267.6
2019,8,0010,214.9,261.0
2019,9,0010,185.1,258.1
2019,10,0010,222.4,255.9
2019,11,0010,263.8,303.1
2019,12,0010,188.3,255.9
2019,1,0011,223.3,275.1
2019,2,0011,199.1,274.8
2019,3,0011,147.4,233.2
2019,4,0011,209.2,280.8
2019,5,0011,222.2,246.5
2019,6,0011,187.6,232.7
2019,7,0011,217.6,285.5
2019,8,0011,218.4,281.1
2019,9,0011,178.3,212.2
2019,10,0011,227.9,249.9
2019,11,0011,167.5,256.5
2019,12,0011,189.9,240.2
2019,1,0012,190.9,297.5
2019,2,0012,231.1,257.6
2019,3,0012,180.6,271.5
2019,4,0012,129.6,166.8
2019,5,0012,253.9,335.3
2019,6,0012,192.6,256.6
2019,7,0012,176.9,218.7
2019,8,0012,164.1,243.2
2019,9,0012,234.3,280.5
2019,10,0012,195.1,279.7
2019,11,0012,213.9,235.0
2019,12,0012,191.1,241.2
2019,1,0013,285.0,314.3
2019,2,0013,159.1,220.0
2019,3,0013,244.2,299.3
2019,4,0013,207.3,262.3
2019,5,0013,229.7,263.6
2019,6,0013,224.6,269.7
2019,7,0013,105.6,133.5
2019,8,0013,203.0,261.2
2019,9,0013,223.9,262.0
2019,10,0013,158.8,191.8
2019,11,0013,184.7,207.1
2019,12,0013,161.0,189.9
2019,1,0014,169.2,240.6
2019,2,0014,174.4,202.3
2019,3,0014,192.2,251.2
2019,4,0014,238.0,284.6
2019,5,0014,218.9,276.2
2019,6,0014,202.8,230.6
2019,7,0014,158.4,188.2
2019,8,0014,207.4,232.8
2019,9,0014,174.8,202.6
2019,10,0014,165.0,215.4
2019,11,0014,148.0,242.5
2019,12,0014,212.0,239.2
2019,1,0015,200.9,262.5
2019,2,0015,102.2,168.1
2019,3,0015,158.4,177.9
2019,4,0015,216.1,246.8
2019,5,0015,131.0,160.4
2019,6,0015,225.6,316.0
2019,7,0015,122.7,181.8
2019,8,0015,194.9,249.0
2019,9,0015,204.1,235.5
2019,10,0015,161.3,210.9
2019,11,0015,153.7,206.1
2019,12,0015,159.5,212.6
2019,1,0016,98.3,141.5
2019,2,0016,199.2,245.7
2019,3,0016,135.2,182.8
2019,4,0016,182.2,265.9
2019,5,0016,109.5,144.5
2019,6,0016,165.0,191.0
2019,7,0016,135.1,166.4
2019,8,0016,164.9,226.2
2019,9,0016,195.8,219.4
2019,10,0016,212.9,228.8
2019,11,0016,277.8,325.0
2019,12,0016,245.7,271.2
2019,1,0017,201.2,231.3
2019,2,0017,182.0,273.4
2019,3,0017,191.3,256.3
2019,4,0017,275.8,318.3
2019,5,0017,207.1,230.6
2019,6,0017,125.3,157.2
2019,7,0017,206.1,237.3
2019,8,0017,179.2,252.2
2019,9,0017,131.7,193.1
2019,10,0017,219.1,241.0
2019,11,0017,180.1,240.7
2019,12,0017,170.9,225.7
2019,1,0018,213.2,270.7
2019,2,0018,148.3,163.4
2019,3,0018,174.9,210.8
2019,4,0018,199.4,248.0
2019,5,0018,190.0,233.3
2019,6,0018,154.2,208.2
2019,7,0018,134.8,144.5
2019,8,0018,171.5,210.0
2019,9,0018,158.4,169.9
2019,10,0018,151.3,161.3
2019,11,0018,173.8,239.5
2019,12,0018,143.8,188.1
2019,1,0019,240.7,329.6
2019,2,0019,187.4,283.0
2019,3,0019,258.7,324.2
2019,4,0019,158.4,211.2
2019,5,0019,237.1,290.7
2019,6,0019,172.2,276.8
2019,7,0019,112.5,177.1
2019,8,0019,233.7,289.8
2019,9,0019,240.3,289.0
2019,10,0019,180.9,238.6
2019,11,0019,150.3,230.6
2019,12,0019,186.7,223.1
2019,1,0020,244.5,301.6
2019,2,0020,174.8,215.9
2019,3,0020,194.4,257.3
2019,4,0020,164.2,211.8
2019,5,0020,273.9,308.4
2019,6,0020,189.2,243.8
2019,7,0020,211.9,231.4
2019,8,0020,210.4,227.3
2019,9,0020,181.5,238.3
2019,10,0020,225.8,260.2
2019,11,0020,195.5,242.5
2019,12,0020,199.2,210.3
2019,1,0021,233.1,313.7
2019,2,0021,171.2,232.3
2019,3,0021,275.7,310.6
2019,4,0021,111.1,255.0
2019,5,0021,251.0,353.8
2019,6,0021,186.9,250.2
2019,7,0021,260.9,293.8
2019,8,0021,260.4,314.6
2019,9,0021,252.6,313.2
2019,10,0021,219.1,252.1
2019,11,0021,143.8,228.1
2019,12,0021,212.1,255.9
2019,1,0022,172.2,249.4
2019,2,0022,176.6,233.0
2019,3,0022,213.3,265.3
2019,4,0022,165.9,204.4
2019,5,0022,191.7,215.3
2019,6,0022,190.4,212.7
2019,7,0022,127.7,182.7
2019,8,0022,178.2,230.4
2019,9,0022,137.0,202.1
2019,10,0022,172.2,194.3
2019,11,0022,197.1,239.1
2019,12,0022,141.9,195.0
2019,1,0023,196.2,240.7
2019,2,0023,167.6,237.8
2019,3,0023,237.7,284.4
2019,4,0023,182.4,247.7
2019,5,0023,150.1,191.4
2019,6,0023,151.0,196.2
2019,7,0023,277.9,308.5
2019,8,0023,170.8,210.8
2019,9,0023,161.4,246.4
2019,10,0023,143.6,160.1
2019,11,0023,196.6,206.6
2019,12,0023,188.8,194.2
2019,1,0024,206.7,330.2
2019,2,0024,180.1,214.0
2019,3,0024,174.6,261.1
2019,4,0024,217.7,261.4
2019,5,0024,194.3,236.8
2019,6,0024,171.3,208.0
2019,7,0024,183.3,213.1
2019,8,0024,242.5,258.3
2019,9,0024,230.4,258.0
2019,10,0024,179.4,198.4
2019,11,0024,189.2,216.5
2019,12,0024,161.1,185.9
2019,1,0025,193.8,319.4
2019,2,0025,181.0,190.8
2019,3,0025,132.8,202.9
2019,4,0025,198.4,238.9
2019,5,0025,196.7,275.0
2019,6,0025,139.7,224.7
2019,7,0025,142.4,236.4
2019,8,0025,178.4,270.1
2019,9,0025,163.4,176.6
2019,10,0025,182.3,201.9
2019,11,0025,154.7,200.4
2019,12,0025,182.4,233.7
2019,1,0026,208.9,265.9
2019,2,0026,200.7,249.7
2019,3,0026,150.0,196.4
2019,4,0026,240.8,275.4
2019,5,0026,142.6,170.9
2019,6,0026,182.9,227.9
2019,7,0026,200.1,235.1
2019,8,0026,199.8,227.0
2019,9,0026,145.7,191.4
2019,10,0026,278.8,326.6
2019,11,0026,187.0,226.3
2019,12,0026,210.7,242.1
2019,1,0027,213.6,262.9
2019,2,0027,173.7,207.5
2019,3,0027,272.2,363.2
2019,4,0027,200.2,232.5
2019,5,0027,210.0,245.4
2019,6,0027,230.9,238.4
2019,7,0027,158.0,234.3
2019,8,0027,180.7,240.5
2019,9,0027,196.6,238.0
2019,10,0027,198.4,239.2
2019,11,0027,236.3,256.1
2019,12,0027,185.5,246.6
2019,1,0028,177.0,211.2
2019,2,0028,127.2,206.9
2019,3,0028,149.7,213.8
2019,4,0028,108.9,166.8
2019,5,0028,275.6,309.9
2019,6,0028,162.8,267.6
2019,7,0028,129.7,221.7
2019,8,0028,275.1,294.8
2019,9,0028,184.4,271.6
2019,10,0028,176.2,239.9
2019,11,0028,155.3,192.1
2019,12,0028,174.8,215.0
2019,1,0029,170.9,214.6
2019,2,0029,115.4,214.2
2019,3,0029,172.0,240.3
2019,4,0029,260.4,262.4
2019,5,0029,162.6,239.8
2019,6,0029,250.4,265.7
2019,7,0029,230.2,264.9
2019,8,0029,169.1,228.2
2019,9,0029,205.5,232.9
2019,10,0029,163.3,183.0
2019,11,0029,166.8,232.2
2019,12,0029,140.8,223.9
2019,1,0030,235.0,309.0
2019,2,0030,289.1,330.3
2019,3,0030,220.0,257.7
2019,4,0030,271.9,331.6
2019,5,0030,199.8,260.7
2019,6,0030,242.7,265.1
2019,7,0030,133.3,188.4
2019,8,0030,170.5,242.9
2019,9,0030,184.7,240.9
2019,10,0030,252.7,291.6
2019,11,0030,258.5,303.9
2019,12,0030,204.1,299.1
2019,1,0031,159.0,194.2
2019,2,0031,208.8,275.8
2019,3,0031,195.2,293.3
2019,4,0031,233.2,297.1
2019,5,0031,172.1,192.4
2019,6,0031,147.8,193.8
2019,7,0031,172.7,233.7
2019,8,0031,208.9,257.4
2019,9,0031,166.4,248.7
2019,10,0031,132.1,212.1
2019,11,0031,98.0,146.8
2019,12,0031,150.3,216.1
2019,1,0032,123.3,161.8
2019,2,0032,198.7,281.8
2019,3,0032,174.2,215.0
2019,4,0032,142.1,194.6
2019,5,0032,68.4,138.9
2019,6,0032,186.6,220.8
2019,7,0032,138.9,156.3
2019,8,0032,197.8,231.4
2019,9,0032,199.0,240.9
2019,10,0032,199.3,231.9
2019,11,0032,149.4,182.1
2019,12,0032,219.5,249.5
2020,1,0001,197.4,242.6
2020,2,0001,189.0,264.8
2020,3,0001,235.2,270.3
2020,4,0001,175.2,228.6
2020,5,0001,242.1,276.0
2020,6,0001,245.9,285.3
2020,7,0001,184.9,218.9
2020,8,0001,230.3,249.3
2020,9,0001,248.1,277.9
2020,10,0001,208.2,251.5
2020,11,0001,264.0,282.1
2020,12,0001,249.1,294.7
2020,1,0002,179.7,248.5
2020,2,0002,225.2,255.4
2020,3,0002,167.2,222.7
2020,4,0002,181.6,190.0
2020,5,0002,164.8,198.2
2020,6,0002,167.5,217.8
2020,7,0002,156.9,241.3
2020,8,0002,223.6,241.1
2020,9,0002,195.6,259.8
2020,10,0002,194.9,262.4
2020,11,0002,220.7,230.4
2020,12,0002,165.5,182.8
2020,1,0003,207.6,256.7
2020,2,0003,212.8,311.9
2020,3,0003,207.0,276.4
2020,4,0003,226.4,260.6
2020,5,0003,223.3,318.4
2020,6,0003,194.0,231.7
2020,7,0003,196.9,271.7
2020,8,0003,200.8,249.5
2020,9,0003,152.1,228.4
2020,10,0003,129.5,182.8
2020,11,0003,184.4,238.6
2020,12,0003,203.0,239.3
2020,1,0004,167.5,231.6
2020,2,0004,268.8,325.3
2020,3,0004,250.1,280.8
2020,4,0004,207.8,262.0
2020,5,0004,247.6,244.7
2020,6,0004,201.1,232.0
2020,7,0004,192.9,234.6
2020,8,0004,192.8,248.4
2020,9,0004,167.5,222.3
2020,10,0004,203.2,243.6
2020,11,0004,207.9,263.8
2020,12,0004,174.7,222.6
2020,1,0005,269.1,325.0
2020,2,0005,242.6,320.0
2020,3,0005,233.4,279.1
2020,4,0005,225.7,260.6
2020,5,0005,243.4,347.1
2020,6,0005,229.7,326.4
2020,7,0005,167.6,272.3
2020,8,0005,271.7,322.8
2020,9,0005,268.3,318.1
2020,10,0005,186.6,245.0
2020,11,0005,212.5,239.7
2020,12,0005,221.0,289.8
2020,1,0006,145.3,231.1
2020,2,0006,196.7,260.6
2020,3,0006,255.7,321.6
2020,4,0006,199.5,213.9
2020,5,0006,203.1,209.7
2020,6,0006,150.2,215.1
2020,7,0006,209.4,245.1
2020,8,0006,194.7,233.4
2020,9,0006,143.4,192.4
2020,10,0006,227.8,293.2
2020,11,0006,144.7,177.3
2020,12,0006,171.4,246.4
2020,1,0007,156.2,212.4
2020,2,0007,148.2,276.5
2020,3,0007,125.8,202.6
2020,4,0007,179.2,225.0
2020,5,0007,106.7,158.2
2020,6,0007,143.3,218.8
2020,7,0007,102.5,149.2
2020,8,0007,122.2,185.1
2020,9,0007,108.9,172.0
2020,10,0007,83.9,183.9
2020,11,0007,133.1,200.0
2020,12,0007,119.7,220.5
2020,1,0008,167.3,184.6
2020,2,0008,191.7,211.0
2020,3,0008,251.4,281.4
2020,4,0008,189.6,197.4
2020,5,0008,124.9,161.4
2020,6,0008,197.7,226.4
2020,7,0008,242.4,260.0
2020,8,0008,242.0,262.2
2020,9,0008,221.1,262.6
2020,10,0008,205.1,221.3
2020,11,0008,204.2,240.7
2020,12,0008,324.3,355.5
2020,1,0009,168.1,224.0
2020,2,0009,173.6,261.7
2020,3,0009,176.3,218.4
2020,4,0009,176.6,257.4
2020,5,0009,197.7,230.6
2020,6,0009,157.2,185.2
2020,7,0009,146.1,214.0
2020,8,0009,109.0,144.1
2020,9,0009,214.5,237.0
2020,10,0009,151.8,167.9
2020,11,0009,197.3,250.3
2020,12,0009,187.1,201.0
2020,1,0010,265.3,314.7
2020,2,0010,276.4,341.2
2020,3,0010,208.3,274.8
2020,4,0010,239.7,312.1
2020,5,0010,213.9,281.5
2020,6,0010,158.5,182.8
2020,7,0010,215.6,250.0
2020,8,0010,172.6,185.1
2020,9,0010,212.7,253.0
2020,10,0010,203.9,216.7
2020,11,0010,221.3,265.8
2020,12,0010,150.2,188.0
2020,1,0011,172.1,237.6
2020,2,0011,245.9,263.7
2020,3,0011,192.1,220.7
2020,4,0011,228.3,252.9
2020,5,0011,165.4,222.4
2020,6,0011,233.8,261.0
2020,7,0011,190.8,225.7
2020,8,0011,222.6,257.0
2020,9,0011,181.7,236.1
2020,10,0011,167.5,184.0
2020,11,0011,122.1,211.5
2020,12,0011,207.7,228.6
2020,1,0012,263.7,285.6
2020,2,0012,254.3,285.7
2020,3,0012,221.6,259.3
2020,4,0012,195.9,253.0
2020,5,0012,158.3,180.0
2020,6,0012,200.5,227.3
2020,7,0012,221.5,278.6
2020,8,0012,115.9,154.4
2020,9,0012,173.6,201.3
2020,10,0012,219.5,250.4
2020,11,0012,183.7,219.9
2020,12,0012,156.1,225.3
2020,1,0013,132.4,182.5
2020,2,0013,171.3,227.4
2020,3,0013,139.2,224.8
2020,4,0013,189.5,226.7
2020,5,0013,155.6,210.0
2020,6,0013,145.2,191.4
2020,7,0013,147.5,181.2
2020,8,0013,75.7,151.1
2020,9,0013,116.5,169.1
2020,10,0013,120.2,155.8
2020,11,0013,143.8,160.0
2020,12,0013,141.8,196.9
2020,1,0014,162.7,213.0
2020,2,0014,206.6,255.3
2020,3,0014,228.8,265.3
2020,4,0014,177.9,200.8
2020,5,0014,205.6,249.4
2020,6,0014,114.7,165.9
2020,7,0014,221.6,253.0
2020,8,0014,223.3,240.2
2020,9,0014,142.5,239.9
2020,10,0014,170.0,203.5
2020,11,0014,163.6,224.5
2020,12,0014,215.5,243.4
2020,1,0015,176.6,248.9
2020,2,0015,137.5,190.7
2020,3,0015,152.9,218.8
2020,4,0015,193.8,269.4
2020,5,0015,130.6,166.3
2020,6,0015,231.3,300.8
2020,7,0015,191.1,241.6
2020,8,0015,191.5,214.2
2020,9,0015,187.5,210.8
2020,10,0015,155.3,265.8
2020,11,0015,176.9,250.6
2020,12,0015,157.3,234.8
2020,1,0016,249.9,262.4
2020,2,0016,225.5,268.3
2020,3,0016,199.7,277.3
2020,4,0016,166.3,227.1
2020,5,0016,209.2,260.3
2020,6,0016,171.2,231.1
2020,7,0016,205.6,244.8
2020,8,0016,205.5,219.5
2020,9,0016,142.3,192.4
2020,10,0016,104.4,186.8
2020,11,0016,162.4,173.7
2020,12,0016,263.2,307.5
2020,1,0017,180.9,241.5
2020,2,0017,223.2,254.0
2020,3,0017,178.9,233.9
2020,4,0017,172.4,240.4
2020,5,0017,189.1,236.2
2020,6,0017,185.6,226.6
2020,7,0017,185.9,267.8
2020,8,0017,234.4,260.5
2020,9,0017,217.2,270.7
2020,10,0017,198.2,241.1
2020,11,0017,227.5,249.1
2020,12,0017,175.9,244.0
2020,1,0018,116.0,181.8
2020,2,0018,144.0,194.5
2020,3,0018,195.0,226.5
2020,4,0018,163.0,201.1
2020,5,0018,140.8,180.6
2020,6,0018,180.4,198.6
2020,7,0018,201.6,262.2
2020,8,0018,60.9,150.1
2020,9,0018,212.8,243.6
2020,10,0018,136.0,234.7
2020,11,0018,149.5,185.8
2020,12,0018,129.6,214.4
2020,1,0019,143.9,213.5
2020,2,0019,226.8,272.4
2020,3,0019,193.4,231.4
2020,4,0019,199.3,234.3
2020,5,0019,204.9,240.7
2020,6,0019,200.9,265.6
2020,7,0019,184.3,216.7
2020,8,0019,213.6,233.5
2020,9,0019,207.0,258.1
2020,10,0019,132.3,172.5
2020,11,0019,283.3,325.0
2020,12,0019,190.1,300.0
2020,1,0020,222.0,263.7
2020,2,0020,266.8,323.2
2020,3,0020,256.9,311.4
2020,4,0020,231.3,301.8
2020,5,0020,168.3,227.8
2020,6,0020,254.0,289.8
2020,7,0020,150.3,193.5
2020,8,0020,197.2,249.1
2020,9,0020,158.3,272.1
2020,10,0020,157.1,212.8
2020,11,0020,180.0,234.5
2020,12,0020,251.1,308.3
2020,1,0021,241.5,275.8
2020,2,0021,255.7,304.7
2020,3,0021,175.7,246.7
2020,4,0021,234.3,278.2
2020,5,0021,244.0,296.1
2020,6,0021,200.6,247.7
2020,7,0021,233.9,275.6
2020,8,0021,249.7,272.6
2020,9,0021,231.5,247.3
2020,10,0021,152.5,213.0
2020,11,0021,248.8,291.8
2020,12,0021,200.7,231.9
2020,1,0022,218.4,240.1
2020,2,0022,207.5,285.3
2020,3,0022,156.9,187.0
2020,4,0022,137.9,185.1
2020,5,0022,117.1,186.7
2020,6,0022,211.4,230.9
2020,7,0022,187.4,236.0
2020,8,0022,238.8,255.5
2020,9,0022,172.1,179.5
2020,10,0022,190.4,246.3
2020,11,0022,133.5,190.8
2020,12,0022,128.3,173.8
2020,1,0023,193.4,234.2
2020,2,0023,261.6,285.2
2020,3,0023,256.6,315.7
2020,4,0023,179.4,212.5
2020,5,0023,119.7,186.3
2020,6,0023,237.0,292.0
2020,7,0023,183.3,231.0
2020,8,0023,142.7,229.1
2020,9,0023,206.0,237.5
2020,10,0023,196.3,216.4
2020,11,0023,198.1,225.2
2020,12,0023,185.3,215.0
2020,1,0024,152.8,206.2
2020,2,0024,155.1,228.7
2020,3,0024,198.8,277.1
2020,4,0024,179.9,231.8
2020,5,0024,202.0,294.2
2020,6,0024,178.4,211.7
2020,7,0024,183.6,217.7
2020,8,0024,193.7,245.9
2020,9,0024,152.9,153.4
2020,10,0024,162.8,176.0
2020,11,0024,145.4,200.5
2020,12,0024,127.2,190.1
2020,1,0025,198.4,280.9
2020,2,0025,185.9,230.4
2020,3,0025,166.2,226.6
2020,4,0025,181.4,234.3
2020,5,0025,210.8,261.5
2020,6,0025,206.9,240.7
2020,7,0025,128.3,220.4
2020,8,0025,204.7,233.2
2020,9,0025,193.6,215.4
2020,10,0025,209.6,219.4
2020,11,0025,179.8,226.8
2020,12,0025,160.6,200.2
2020,1,0026,250.0,298.5
2020,2,0026,188.7,256.2
2020,3,0026,226.2,266.1
2020,4,0026,181.1,211.9
2020,5,0026,146.9,194.5
2020,6,0026,205.8,265.7
2020,7,0026,157.2,231.6
2020,8,0026,151.9,175.3
2020,9,0026,214.3,235.1
2020,10,0026,236.8,255.1
2020,11,0026,151.1,178.7
2020,12,0026,164.3,209.2
2020,1,0027,217.8,266.8
2020,2,0027,224.3,281.5
2020,3,0027,196.2,252.2
2020,4,0027,224.0,242.9
2020,5,0027,182.3,221.8
2020,6,0027,168.9,192.9
2020,7,0027,189.8,217.6
2020,8,0027,180.9,220.4
2020,9,0027,171.5,242.4
2020,10,0027,103.3,194.3
2020,11,0027,172.9,229.4
2020,12,0027,189.7,227.0
2020,1,0028,150.2,188.3
2020,2,0028,238.6,269.0
2020,3,0028,169.1,219.6
2020,4,0028,188.8,254.3
2020,5,0028,163.5,177.4
2020,6,0028,167.7,194.6
2020,7,0028,220.2,244.4
2020,8,0028,146.7,171.6
2020,9,0028,197.9,247.6
2020,10,0028,183.3,217.0
2020,11,0028,146.5,190.8
2020,12,0028,203.8,260.9
2020,1,0029,223.6,279.1
2020,2,0029,214.7,256.9
2020,3,0029,172.3,244.7
2020,4,0029,173.5,202.4
2020,5,0029,197.9,238.9
2020,6,0029,142.8,201.6
2020,7,0029,205.8,238.7
2020,8,0029,200.5,275.0
2020,9,0029,234.4,285.2
2020,10,0029,214.2,255.1
2020,11,0029,202.6,213.6
2020,12,0029,197.6,224.5
2020,1,0030,186.3,250.7
2020,2,0030,225.4,286.1
2020,3,0030,276.8,340.1
2020,4,0030,189.5,251.2
2020,5,0030,283.0,327.5
2020,6,0030,232.1,288.0
2020,7,0030,203.6,250.2
2020,8,0030,206.8,265.7
2020,9,0030,249.3,272.1
2020,10,0030,222.5,275.6
2020,11,0030,217.7,256.9
2020,12,0030,344.5,394.4
2020,1,0031,162.6,248.2
2020,2,0031,199.2,263.3
2020,3,0031,216.7,261.7
2020,4,0031,157.0,187.2
2020,5,0031,231.0,215.3
2020,6,0031,157.7,206.3
2020,7,0031,163.5,188.6
2020,8,0031,140.7,182.2
2020,9,0031,140.3,187.5
2020,10,0031,161.7,246.6
2020,11,0031,173.0,234.6
2020,12,0031,164.6,210.9
2020,1,0032,163.7,240.0
2020,2,0032,162.3,298.7
2020,3,0032,194.2,273.0
2020,4,0032,236.6,276.6
2020,5,0032,144.4,211.4
2020,6,0032,159.6,224.3
2020,7,0032,252.8,267.7
2020,8,0032,202.4,240.3
2020,9,0032,124.6,202.7
2020,10,0032,195.1,228.2
2020,11,0032,92.8,199.8
2020,12,0032,214.2,276.8
2021,1,0001,174.1,252.3
2021,2,0001,186.4,243.3
2021,3,0001,190.3,240.4
2021,4,0001,183.4,232.9
2021,5,0001,185.4,231.3
2021,6,0001,185.0,204.1
2021,7,0001,186.1,209.0
2021,8,0001,178.0,190.6
2021,9,0001,162.1,207.5
2021,10,0001,174.1,203.8
2021,11,0001,153.7,184.1
2021,12,0001,181.9,200.8
2021,1,0002,234.6,274.6
2021,2,0002,133.2,163.5
2021,3,0002,216.6,249.3
2021,4,0002,149.9,214.0
2021,5,0002,215.3,334.0
2021,6,0002,209.9,244.8
2021,7,0002,190.8,272.4
2021,8,0002,114.3,206.3
2021,9,0002,235.9,268.1
2021,10,0002,137.9,206.3
2021,11,0002,216.9,216.9
2021,12,0002,119.4,151.4
2021,1,0003,156.4,251.2
2021,2,0003,215.3,301.7
2021,3,0003,216.9,274.2
2021,4,0003,148.2,218.0
2021,5,0003,208.0,236.3
2021,6,0003,219.6,247.6
2021,7,0003,160.9,199.8
2021,8,0003,190.9,265.9
2021,9,0003,104.9,156.6
2021,10,0003,217.2,248.0
2021,11,0003,119.0,234.6
2021,12,0003,180.3,258.2
2021,1,0004,198.7,268.7
2021,2,0004,203.1,271.7
2021,3,0004,333.9,345.4
2021,4,0004,253.6,323.5
2021,5,0004,305.1,338.6
2021,6,0004,197.3,230.9
2021,7,0004,266.7,310.0
2021,8,0004,257.2,323.8
2021,9,0004,139.4,203.7
2021,10,0004,191.3,210.7
2021,11,0004,244.0,268.5
2021,12,0004,174.4,269.6
2021,1,0005,249.2,322.8
2021,2,0005,230.5,300.0
2021,3,0005,269.3,305.2
2021,4,0005,252.6,278.0
2021,5,0005,196.7,260.2
2021,6,0005,227.8,285.6
2021,7,0005,148.4,174.9
2021,8,0005,221.6,283.8
2021,9,0005,208.5,273.5
2021,10,0005,236.6,263.6
2021,11,0005,179.2,239.6
2021,12,0005,243.1,316.4
2021,1,0006,278.4,324.8
2021,2,0006,213.3,268.3
2021,3,0006,221.8,256.0
2021,4,0006,236.8,304.6
2021,5,0006,231.7,299.4
2021,6,0006,268.7,324.6
2021,7,0006,220.2,246.0
2021,8,0006,227.5,266.9
2021,9,0006,164.3,210.0
2021,10,0006,244.1,271.9
2021,11,0006,209.1,234.7
2021,12,0006,175.1,286.3
2021,1,0007,201.8,257.8
2021,2,0007,181.6,218.8
2021,3,0007,159.3,200.3
2021,4,0007,103.2,160.9
2021,5,0007,143.1,206.4
2021,6,0007,207.1,258.9
2021,7,0007,138.2,180.0
2021,8,0007,178.0,215.9
2021,9,0007,176.5,225.5
2021,10,0007,171.3,223.0
2021,11,0007,193.0,211.6
2021,12,0007,186.4,222.3
2021,1,0008,163.5,236.9
2021,2,0008,215.6,255.4
2021,3,0008,176.3,250.3
2021,4,0008,177.3,221.9
2021,5,0008,220.5,271.0
2021,6,0008,200.8,210.7
2021,7,0008,206.9,215.6
2021,8,0008,230.4,251.3
2021,9,0008,183.5,209.4
2021,10,0008,213.6,274.9
2021,11,0008,264.4,281.5
2021,12,0008,209.9,223.5
2021,1,0009,231.7,261.8
2021,2,0009,230.1,274.6
2021,3,0009,224.3,279.0
2021,4,0009,222.2,294.1
2021,5,0009,265.2,333.3
2021,6,0009,267.0,289.3
2021,7,0009,199.2,232.8
2021,8,0009,230.0,293.5
2021,9,0009,236.8,305.6
2021,10,0009,185.9,241.3
2021,11,0009,286.5,325.2
2021,12,0009,227.0,274.9
2021,1,0010,188.4,256.7
2021,2,0010,241.2,371.3
2021,3,0010,202.6,291.9
2021,4,0010,197.1,268.6
2021,5,0010,221.7,236.8
2021,6,0010,234.2,282.3
2021,7,0010,201.0,273.0
2021,8,0010,147.4,214.8
2021,9,0010,162.9,218.2
2021,10,0010,188.5,276.9
2021,11,0010,182.5,208.9
2021,12,0010,188.9,276.3
2021,1,0011,188.3,224.7
2021,2,0011,106.1,155.5
2021,3,0011,183.0,268.7
2021,4,0011,246.1,278.2
2021,5,0011,185.2,239.6
2021,6,0011,185.5,231.5
2021,7,0011,145.6,167.0
2021,8,0011,176.5,244.3
2021,9,0011,169.7,263.7
2021,10,0011,127.3,172.2
2021,11,0011,107.1,153.1
2021,12,0011,179.9,196.0
2021,1,0012,196.9,207.4
2021,2,0012,238.2,281.2
2021,3,0012,161.0,177.2
2021,4,0012,202.9,245.0
2021,5,0012,326.9,338.7
2021,6,0012,191.3,192.7
2021,7,0012,238.7,246.4
2021,8,0012,298.7,328.7
2021,9,0012,239.7,280.9
2021,10,0012,176.2,177.7
2021,11,0012,159.0,247.5
2021,12,0012,139.8,184.6
2021,1,0013,169.7,246.1
2021,2,0013,187.6,251.2
2021,3,0013,100.2,165.1
2021,4,0013,158.8,203.4
2021,5,0013,229.0,276.7
2021,6,0013,212.2,239.3
2021,7,0013,120.7,161.7
2021,8,0013,76.8,140.6
2021,9,0013,172.8,199.9
2021,10,0013,181.1,206.8
2021,11,0013,141.6,212.7
2021,12,0013,162.1,218.3
2021,1,0014,207.4,275.9
2021,2,0014,229.4,262.1
2021,3,0014,198.5,261.4
2021,4,0014,185.2,270.7
2021,5,0014,182.9,275.3
2021,6,0014,183.4,191.8
2021,7,0014,125.4,127.7
2021,8,0014,161.7,217.0
2021,9,0014,190.8,212.2
2021,10,0014,143.0,208.9
2021,11,0014,221.9,252.2
2021,12,0014,135.7,165.6
2021,1,0015,251.1,284.6
2021,2,0015,207.9,304.7
2021,3,0015,172.0,212.9
2021,4,0015,232.1,292.7
2021,5,0015,250.6,295.0
2021,6,0015,174.6,247.1
2021,7,0015,221.7,279.6
2021,8,0015,158.3,202.6
2021,9,0015,212.9,255.3
2021,10,0015,208.6,246.4
2021,11,0015,162.1,197.8
2021,12,0015,148.4,234.2
2021,1,0016,196.6,258.3
2021,2,0016,232.1,264.6
2021,3,0016,158.4,230.5
2021,4,0016,194.6,263.9
2021,5,0016,160.1,212.9
2021,6,0016,162.3,219.7
2021,7,0016,221.7,257.6
2021,8,0016,131.7,176.7
2021,9,0016,126.2,164.3
2021,10,0016,150.8,212.4
2021,11,0016,215.9,247.9
2021,12,0016,221.0,315.4
2021,1,0017,196.1,281.2
2021,2,0017,225.1,332.4
2021,3,0017,183.7,227.9
2021,4,0017,189.3,252.8
2021,5,0017,227.9,274.6
2021,6,0017,218.6,258.2
2021,7,0017,252.1,270.6
2021,8,0017,175.3,262.8
2021,9,0017,200.5,298.6
2021,10,0017,202.7,260.5
2021,11,0017,259.3,333.5
2021,12,0017,185.7,222.4
2021,1,0018,118.1,194.0
2021,2,0018,88.5,152.7
2021,3,0018,115.8,161.3
2021,4,0018,147.7,183.6
2021,5,0018,169.6,230.5
2021,6,0018,180.5,188.9
2021,7,0018,144.8,152.6
2021,8,0018,181.4,233.7
2021,9,0018,221.7,235.5
2021,10,0018,127.6,135.8
2021,11,0018,138.0,167.2
2021,12,0018,178.6,195.5
2021,1,0019,181.2,252.6
2021,2,0019,207.7,261.7
2021,3,0019,198.4,226.5
2021,4,0019,186.2,223.4
2021,5,0019,184.6,269.7
2021,6,0019,199.4,239.1
2021,7,0019,209.3,254.9
2021,8,0019,196.5,244.4
2021,9,0019,150.4,218.5
2021,10,0019,152.4,216.3
2021,11,0019,202.8,238.6
2021,12,0019,236.4,280.1
2021,1,0020,197.7,251.7
2021,2,0020,164.8,214.8
2021,3,0020,266.6,292.0
2021,4,0020,212.1,258.4
2021,5,0020,227.1,295.3
2021,6,0020,202.8,232.3
2021,7,0020,203.7,233.1
2021,8,0020,163.3,186.4
2021,9,0020,189.0,236.6
2021,10,0020,202.1,238.4
2021,11,0020,144.2,234.7
2021,12,0020,239.3,252.0
2021,1,0021,182.4,239.7
2021,2,0021,285.9,339.1
2021,3,0021,253.3,307.2
2021,4,0021,218.1,308.7
2021,5,0021,272.2,360.6
2021,6,0021,205.0,235.4
2021,7,0021,198.5,239.3
2021,8,0021,152.3,193.9
2021,9,0021,224.0,279.8
2021,10,0021,237.6,303.3
2021,11,0021,288.1,341.7
2021,12,0021,199.2,235.3
2021,1,0022,128.0,173.9
2021,2,0022,192.6,261.9
2021,3,0022,174.5,247.3
2021,4,0022,222.4,311.5
2021,5,0022,231.9,265.6
2021,6,0022,207.6,233.0
2021,7,0022,197.0,219.7
2021,8,0022,124.8,157.0
2021,9,0022,182.7,205.2
2021,10,0022,108.6,209.4
2021,11,0022,186.1,226.2
2021,12,0022,204.7,282.3
2021,1,0023,234.4,250.0
2021,2,0023,180.0,227.7
2021,3,0023,188.2,244.4
2021,4,0023,168.3,173.8
2021,5,0023,247.8,281.2
2021,6,0023,228.1,298.8
2021,7,0023,230.9,249.6
2021,8,0023,209.6,254.8
2021,9,0023,229.7,266.8
2021,10,0023,166.7,191.0
2021,11,0023,211.5,234.8
2021,12,0023,180.4,207.4
2021,1,0024,265.8,301.2
2021,2,0024,137.5,206.3
2021,3,0024,162.2,212.5
2021,4,0024,223.6,271.9
2021,5,0024,183.9,268.5
2021,6,0024,204.1,243.8
2021,7,0024,200.5,218.7
2021,8,0024,186.4,214.0
2021,9,0024,239.8,275.4
2021,10,0024,176.3,204.9
2021,11,0024,173.0,192.0
2021,12,0024,126.1,226.7
2021,1,0025,205.0,254.4
2021,2,0025,209.3,270.0
2021,3,0025,237.5,271.5
2021,4,0025,168.1,232.8
2021,5,0025,212.1,232.4
2021,6,0025,242.6,278.2
2021,7,0025,222.4,280.1
2021,8,0025,258.3,324.3
2021,9,0025,184.0,218.2
2021,10,0025,182.2,255.2
2021,11,0025,154.2,210.8
2021,12,0025,207.0,255.4
2021,1,0026,243.0,298.2
2021,2,0026,200.9,246.3
2021,3,0026,208.9,271.9
2021,4,0026,205.8,237.2
2021,5,0026,257.1,270.4
2021,6,0026,159.4,213.1
2021,7,0026,200.2,220.9
2021,8,0026,183.7,225.2
2021,9,0026,170.4,204.6
2021,10,0026,221.3,268.9
2021,11,0026,176.6,188.8
2021,12,0026,113.4,151.7
2021,1,0027,220.0,286.3
2021,2,0027,235.8,264.1
2021,3,0027,186.1,258.3
2021,4,0027,155.4,220.0
2021,5,0027,155.6,266.7
2021,6,0027,177.6,214.5
2021,7,0027,160.1,177.2
2021,8,0027,204.5,230.2
2021,9,0027,166.1,224.1
2021,10,0027,261.6,284.6
2021,11,0027,222.5,234.4
2021,12,0027,222.8,265.0
2021,1,0028,236.9,290.3
2021,2,0028,262.4,295.5
2021,3,0028,201.4,253.4
2021,4,0028,272.6,328.1
2021,5,0028,193.3,296.9
2021,6,0028,192.6,262.2
2021,7,0028,207.8,216.5
2021,8,0028,180.6,238.6
2021,9,0028,134.0,183.8
2021,10,0028,153.1,199.0
2021,11,0028,128.9,200.3
2021,12,0028,195.0,276.0
2021,1,0029,126.7,263.4
2021,2,0029,232.4,309.1
2021,3,0029,219.1,301.3
2021,4,0029,256.6,292.2
2021,5,0029,239.3,279.0
2021,6,0029,157.2,239.0
2021,7,0029,223.2,259.7
2021,8,0029,203.7,229.0
2021,9,0029,138.6,189.2
2021,10,0029,149.5,227.4
2021,11,0029,221.9,262.9
2021,12,0029,220.8,311.2
2021,1,0030,264.7,317.8
2021,2,0030,266.5,307.6
2021,3,0030,240.2,315.8
2021,4,0030,213.3,278.1
2021,5,0030,257.3,320.2
2021,6,0030,235.7,289.1
2021,7,0030,217.3,298.3
2021,8,0030,255.7,297.8
2021,9,0030,188.8,218.4
2021,10,0030,220.4,281.0
2021,11,0030,218.4,241.6
2021,12,0030,178.5,280.4
2021,1,0031,184.2,224.0
2021,2,0031,229.7,264.8
2021,3,0031,177.7,201.9
2021,4,0031,229.0,238.3
2021,5,0031,180.0,205.6
2021,6,0031,182.5,227.2
2021,7,0031,171.9,200.1
2021,8,0031,145.7,197.4
2021,9,0031,159.8,197.9
2021,10,0031,163.6,188.2
2021,11,0031,133.6,160.0
2021,12,0031,160.6,215.1
2021,1,0032,200.6,253.5
2021,2,0032,113.7,148.4
2021,3,0032,161.2,190.7
2021,4,0032,119.5,192.9
2021,5,0032,181.4,228.1
2021,6,0032,142.9,211.7
2021,7,0032,183.9,205.5
2021,8,0032,123.4,202.3
2021,9,0032,190.6,238.1
2021,10,0032,128.7,179.0
2021,11,0032,249.3,273.2
2021,12,0032,150.5,193.8
2022,1,0001,218.0,242.8
2022,2,0001,178.6,235.1
2022,3,0001,265.7,296.4
2022,4,0001,192.4,258.0
2022,5,0001,172.2,238.4
2022,6,0001,182.1,275.6
2022,7,0001,175.1,258.2
2022,8,0001,293.9,330.1
2022,9,0001,182.8,197.0
2022,10,0001,228.8,261.1
2022,11,0001,232.6,256.8
2022,12,0001,138.0,198.1
2022,1,0002,192.7,264.4
2022,2,0002,202.9,253.5
2022,3,0002,153.5,189.5
2022,4,0002,251.2,311.6
2022,5,0002,285.6,362.9
2022,6,0002,154.7,198.9
2022,7,0002,195.9,275.6
2022,8,0002,176.1,251.4
2022,9,0002,154.5,204.0
2022,10,0002,222.9,274.4
2022,11,0002,153.4,184.2
2022,12,0002,209.4,260.4
2022,1,0003,141.7,203.1
2022,2,0003,180.7,232.8
2022,3,0003,227.1,279.6
2022,4,0003,189.9,258.7
2022,5,0003,114.1,196.0
2022,6,0003,159.5,191.8
2022,7,0003,176.7,207.7
2022,8,0003,182.2,197.4
2022,9,0003,138.0,171.3
2022,10,0003,148.2,154.0
2022,11,0003,185.9,202.5
2022,12,0003,184.7,235.0
2022,1,0004,207.7,270.2
2022,2,0004,137.3,203.4
2022,3,0004,173.3,268.3
2022,4,0004,238.4,299.6
2022,5,0004,204.1,278.2
2022,6,0004,197.1,261.8
2022,7,0004,225.1,320.9
2022,8,0004,265.7,304.7
2022,9,0004,155.3,189.6
2022,10,0004,207.2,239.7
2022,11,0004,173.7,229.2
2022,12,0004,210.7,298.0
2022,1,0005,269.9,340.5
2022,2,0005,235.7,322.2
2022,3,0005,204.0,288.9
2022,4,0005,209.2,270.4
2022,5,0005,240.1,288.2
2022,6,0005,243.4,280.3
2022,7,0005,251.6,285.3
2022,8,0005,189.7,209.4
2022,9,0005,241.5,266.9
2022,10,0005,258.8,297.8
2022,11,0005,271.4,316.3
2022,12,0005,207.3,283.6
2022,1,0006,210.3,275.3
2022,2,0006,267.2,318.8
2022,3,0006,228.3,330.8
2022,4,0006,219.7,253.9
2022,5,0006,233.6,290.4
2022,6,0006,217.0,246.9
2022,7,0006,238.6,278.9
2022,8,0006,243.8,300.0
2022,9,0006,249.0,309.9
2022,10,0006,223.3,253.5
2022,11,0006,201.3,248.0
2022,12,0006,205.5,246.5
2022,1,0007,147.8,241.8
2022,2,0007,166.7,188.3
2022,3,0007,179.9,206.5
2022,4,0007,195.5,232.2
2022,5,0007,153.9,189.4
2022,6,0007,159.6,202.7
2022,7,0007,186.5,210.1
2022,8,0007,208.8,247.7
2022,9,0007,162.6,185.9
2022,10,0007,132.8,165.4
2022,11,0007,90.6,114.5
2022,12,0007,174.8,233.2
2022,1,0008,145.3,258.4
2022,2,0008,253.4,278.4
2022,3,0008,183.7,260.2
2022,4,0008,200.0,363.8
2022,5,0008,212.4,303.3
2022,6,0008,187.2,253.3
2022,7,0008,217.0,256.6
2022,8,0008,232.7,309.7
2022,9,0008,172.1,231.4
2022,10,0008,233.4,259.6
2022,11,0008,200.1,267.7
2022,12,0008,241.0,301.0
2022,1,0009,242.8,278.1
2022,2,0009,184.6,217.6
2022,3,0009,220.3,262.7
2022,4,0009,193.9,245.1
2022,5,0009,220.1,237.3
2022,6,0009,160.8,225.8
2022,7,0009,160.5,219.3
2022,8,0009,172.3,212.7
2022,9,0009,168.7,207.1
2022,10,0009,143.0,181.0
2022,11,0009,195.6,231.6
2022,12,0009,231.9,289.4
2022,1,0010,219.6,276.4
2022,2,0010,205.6,280.5
2022,3,0010,183.2,270.1
2022,4,0010,202.5,285.1
2022,5,0010,221.3,275.3
2022,6,0010,184.7,230.2
2022,7,0010,140.8,160.6
2022,8,0010,215.8,288.8
2022,9,0010,141.8,156.4
2022,10,0010,168.8,198.4
2022,11,0010,174.8,194.0
2022,12,0010,163.5,193.7
2022,1,0011,142.4,230.3
2022,2,0011,182.6,282.4
2022,3,0011,182.3,219.9
2022,4,0011,208.2,293.3
2022,5,0011,166.0,221.0
2022,6,0011,171.3,218.8
2022,7,0011,183.6,229.9
2022,8,0011,173.4,265.0
2022,9,0011,236.1,291.0
2022,10,0011,171.4,274.1
2022,11,0011,199.9,261.3
2022,12,0011,219.9,254.6
2022,1,0012,155.8,219.6
2022,2,0012,264.4,302.1
2022,3,0012,172.5,224.2
2022,4,0012,167.6,221.0
2022,5,0012,152.6,199.8
2022,6,0012,183.8,231.0
2022,7,0012,142.3,168.9
2022,8,0012,217.7,254.6
2022,9,0012,175.8,196.5
2022,10,0012,172.3,204.7
2022,11,0012,157.8,204.4
2022,12,0012,205.5,265.0
2022,1,0013,181.2,198.7
2022,2,0013,230.9,287.8
2022,3,0013,191.5,256.1
2022,4,0013,97.9,128.2
2022,5,0013,215.2,251.6
2022,6,0013,166.7,183.7
2022,7,0013,153.7,173.5
2022,8,0013,124.8,191.8
2022,9,0013,145.3,161.0
2022,10,0013,167.0,188.2
2022,11,0013,131.7,153.7
2022,12,0013,200.7,217.8
2022,1,0014,233.9,300.0
2022,2,0014,152.6,208.7
2022,3,0014,191.9,224.6
2022,4,0014,217.7,281.0
2022,5,0014,222.4,298.4
2022,6,0014,154.2,246.8
2022,7,0014,147.1,166.3
2022,8,0014,253.9,263.8
2022,9,0014,204.8,240.0
2022,10,0014,189.3,258.1
2022,11,0014,156.3,213.6
2022,12,0014,176.6,213.4
2022,1,0015,199.7,261.5
2022,2,0015,185.5,231.0
2022,3,0015,225.7,324.2
2022,4,0015,190.7,224.5
2022,5,0015,139.3,247.8
2022,6,0015,262.9,267.8
2022,7,0015,248.1,321.6
2022,8,0015,214.7,285.9
2022,9,0015,221.7,242.2
2022,10,0015,227.6,271.8
2022,11,0015,242.7,271.0
2022,12,0015,216.9,272.4
2022,1,0016,206.8,255.0
2022,2,0016,153.4,288.0
2022,3,0016,198.4,223.0
2022,4,0016,133.7,230.9
2022,5,0016,171.9,229.4
2022,6,0016,155.6,193.8
2022,7,0016,194.5,232.5
2022,8,0016,186.2,231.2
2022,9,0016,159.8,168.9
2022,10,0016,218.9,248.3
2022,11,0016,183.6,199.4
2022,12,0016,215.8,227.1
2022,1,0017,231.2,287.9
2022,2,0017,193.7,241.8
2022,3,0017,247.1,306.8
2022,4,0017,168.7,244.4
2022,5,0017,214.6,275.9
2022,6,0017,196.7,264.8
2022,7,0017,294.1,331.0
2022,8,0017,207.7,279.0
2022,9,0017,211.0,255.6
2022,10,0017,176.7,209.3
2022,11,0017,224.1,282.4
2022,12,0017,171.0,270.7
2022,1,0018,248.4,283.7
2022,2,0018,204.1,264.4
2022,3,0018,166.6,267.2
2022,4,0018,124.3,208.7
2022,5,0018,139.0,255.4
2022,6,0018,167.2,257.1
2022,7,0018,194.2,262.1
2022,8,0018,158.7,241.5
2022,9,0018,195.0,225.3
2022,10,0018,202.9,245.3
2022,11,0018,179.8,223.9
2022,12,0018,217.7,255.2
2022,1,0019,173.6,268.5
2022,2,0019,162.9,227.6
2022,3,0019,217.8,265.8
2022,4,0019,209.0,252.0
2022,5,0019,239.3,328.5
2022,6,0019,218.7,244.2
2022,7,0019,225.9,277.0
2022,8,0019,155.5,253.1
2022,9,0019,183.4,207.8
2022,10,0019,156.5,173.8
2022,11,0019,194.7,233.2
2022,12,0019,182.5,218.7
2022,1,0020,131.8,237.7
2022,2,0020,202.0,243.3
2022,3,0020,202.2,233.8
2022,4,0020,108.5,158.1
2022,5,0020,187.2,212.6
2022,6,0020,127.5,158.1
2022,7,0020,173.9,198.5
2022,8,0020,198.0,237.7
2022,9,0020,112.9,163.0
2022,10,0020,175.1,200.2
2022,11,0020,212.1,239.7
2022,12,0020,143.9,187.3
2022,1,0021,245.8,308.6
2022,2,0021,204.0,268.2
2022,3,0021,172.0,232.7
2022,4,0021,238.8,302.7
2022,5,0021,183.1,231.9
2022,6,0021,187.0,248.7
2022,7,0021,144.0,175.7
2022,8,0021,234.6,283.0
2022,9,0021,189.9,211.7
2022,10,0021,219.9,297.3
2022,11,0021,198.9,256.5
2022,12,0021,211.8,267.3
2022,1,0022,154.2,197.1
2022,2,0022,107.6,173.9
2022,3,0022,142.7,184.2
2022,4,0022,142.2,178.0
2022,5,0022,171.3,199.9
2022,6,0022,124.7,193.3
2022,7,0022,131.1,195.3
2022,8,0022,230.5,279.2
2022,9,0022,168.5,186.3
2022,10,0022,180.5,245.1
2022,11,0022,168.0,228.2
2022,12,0022,162.3,213.7
2022,1,0023,281.7,310.5
2022,2,0023,190.2,237.9
2022,3,0023,217.5,278.1
2022,4,0023,244.7,255.3
2022,5,0023,143.1,184.3
2022,6,0023,185.5,245.8
2022,7,0023,193.3,242.3
2022,8,0023,238.2,276.3
2022,9,0023,226.1,260.3
2022,10,0023,118.6,221.9
2022,11,0023,164.6,215.3
2022,12,0023,154.7,190.8
2022,1,0024,229.8,281.7
2022,2,0024,236.9,307.9
2022,3,0024,231.0,276.3
2022,4,0024,147.1,215.0
2022,5,0024,201.4,282.7
2022,6,0024,152.1,198.3
2022,7,0024,146.0,199.3
2022,8,0024,189.7,224.2
2022,9,0024,199.7,220.2
2022,10,0024,182.8,194.1
2022,11,0024,195.9,229.3
2022,12,0024,196.6,222.8
2022,1,0025,153.5,198.4
2022,2,0025,185.8,263.8
2022,3,0025,196.2,262.3
2022,4,0025,202.1,295.6
2022,5,0025,170.0,229.9
2022,6,0025,180.8,213.5
2022,7,0025,207.0,237.3
2022,8,0025,261.9,321.5
2022,9,0025,146.5,197.5
2022,10,0025,171.1,217.9
2022,11,0025,152.8,244.6
2022,12,0025,265.4,296.5
2022,1,0026,149.9,198.4
2022,2,0026,244.8,326.2
2022,3,0026,208.4,248.2
2022,4,0026,259.6,355.8
2022,5,0026,185.5,225.5
2022,6,0026,170.3,226.5
2022,7,0026,158.7,204.5
2022,8,0026,206.9,239.9
2022,9,0026,140.8,217.4
2022,10,0026,186.8,241.9
2022,11,0026,193.2,235.9
2022,12,0026,241.5,256.0
2022,1,0027,177.7,228.3
2022,2,0027,268.8,285.5
2022,3,0027,220.5,250.0
2022,4,0027,230.7,292.1
2022,5,0027,283.2,328.2
2022,6,0027,184.3,264.9
2022,7,0027,182.1,212.7
2022,8,0027,165.7,212.8
2022,9,0027,239.7,245.7
2022,10,0027,188.7,228.9
2022,11,0027,162.5,180.7
2022,12,0027,236.5,266.4
2022,1,0028,244.7,296.9
2022,2,0028,194.1,248.5
2022,3,0028,155.2,256.7
2022,4,0028,236.9,265.4
2022,5,0028,225.6,282.3
2022,6,0028,205.1,283.3
2022,7,0028,166.0,182.7
2022,8,0028,284.8,302.1
2022,9,0028,184.3,219.5
2022,10,0028,249.2,311.2
2022,11,0028,156.9,214.2
2022,12,0028,201.8,272.5
2022,1,0029,180.2,238.6
2022,2,0029,204.1,242.2
2022,3,0029,240.5,264.1
2022,4,0029,210.3,260.1
2022,5,0029,189.6,213.1
2022,6,0029,154.0,213.9
2022,7,0029,174.4,205.7
2022,8,0029,204.9,232.5
2022,9,0029,92.8,103.2
2022,10,0029,175.5,184.8
2022,11,0029,227.7,227.7
2022,12,0029,180.4,268.0
2022,1,0030,346.3,361.4
2022,2,0030,211.1,238.0
2022,3,0030,187.7,243.9
2022,4,0030,345.4,381.1
2022,5,0030,290.2,324.1
2022,6,0030,219.4,255.7
2022,7,0030,265.1,336.2
2022,8,0030,191.2,246.6
2022,9,0030,243.8,260.9
2022,10,0030,314.2,359.0
2022,11,0030,212.1,286.4
2022,12,0030,305.7,336.0
2022,1,0031,192.6,227.2
2022,2,0031,138.3,207.5
2022,3,0031,101.0,242.0
2022,4,0031,236.4,293.4
2022,5,0031,176.8,262.7
2022,6,0031,156.8,194.8
2022,7,0031,114.8,265.2
2022,8,0031,220.5,267.9
2022,9,0031,161.8,223.3
2022,10,0031,138.4,160.2
2022,11,0031,159.5,202.9
2022,12,0031,183.4,263.4
2022,1,0032,173.9,207.1
2022,2,0032,207.4,264.5
2022,3,0032,257.2,313.3
2022,4,0032,145.0,190.1
2022,5,0032,167.7,218.9
2022,6,0032,191.4,230.5
2022,7,0032,221.9,245.5
2022,8,0032,242.5,318.6
2022,9,0032,239.8,251.3
2022,10,0032,223.5,247.3
2022,11,0032,175.3,209.0
2022,12,0032,203.9,240.2
2023,1,0001,198.1,236.7
2023,2,0001,164.5,302.1
2023,3,0001,191.6,282.4
2023,4,0001,192.5,232.7
2023,5,0001,222.6,270.9
2023,6,0001,174.5,210.5
2023,7,0001,208.6,244.9
2023,8,0001,152.3,227.5
2023,9,0001,192.5,268.7
2023,10,0001,160.5,214.5
2023,11,0001,155.4,174.4
2023,12,0001,209.0,237.3
2023,1,0002,224.1,272.6
2023,2,0002,235.1,288.3
2023,3,0002,222.8,255.5
2023,4,0002,164.3,194.7
2023,5,0002,211.9,224.1
2023,6,0002,155.2,204.2
2023,7,0002,169.3,224.7
2023,8,0002,236.4,326.0
2023,9,0002,194.9,260.2
2023,10,0002,264.3,314.7
2023,11,0002,215.7,238.0
2023,12,0002,183.0,246.5
2023,1,0003,185.1,276.3
2023,2,0003,183.3,246.9
2023,3,0003,198.8,229.4
2023,4,0003,193.6,256.0
2023,5,0003,131.4,205.8
2023,6,0003,199.7,290.9
2023,7,0003,218.3,223.3
2023,8,0003,224.1,242.2
2023,9,0003,177.6,218.1
2023,10,0003,241.6,290.5
2023,11,0003,156.2,210.1
2023,12,0003,221.6,259.1
2023,1,0004,164.6,266.9
2023,2,0004,222.8,288.7
2023,3,0004,250.7,301.4
2023,4,0004,171.2,331.9
2023,5,0004,216.0,261.4
2023,6,0004,221.1,271.5
2023,7,0004,227.2,244.6
2023,8,0004,231.8,321.6
2023,9,0004,159.1,245.3
2023,10,0004,287.8,301.6
2023,11,0004,224.3,287.0
2023,12,0004,260.4,346.7
2023,1,0005,212.9,252.5
2023,2,0005,186.7,254.2
2023,3,0005,240.3,275.2
2023,4,0005,148.1,261.1
2023,5,0005,209.4,263.0
2023,6,0005,234.6,280.8
2023,7,0005,230.2,260.0
2023,8,0005,187.6,273.9
2023,9,0005,177.9,198.2
2023,10,0005,225.5,250.5
2023,11,0005,176.8,211.3
2023,12,0005,280.4,351.7
2023,1,0006,237.9,268.8
2023,2,0006,210.8,244.1
2023,3,0006,222.2,238.3
2023,4,0006,233.3,277.3
2023,5,0006,220.3,246.9
2023,6,0006,186.7,210.2
2023,7,0006,180.7,230.2
2023,8,0006,277.6,343.0
2023,9,0006,184.4,209.8
2023,10,0006,186.7,200.1
2023,11,0006,188.0,270.9
2023,12,0006,184.9,247.2
2023,1,0007,195.8,259.4
2023,2,0007,198.7,257.8
2023,3,0007,216.3,262.5
2023,4,0007,182.7,230.3
2023,5,0007,219.9,230.8
2023,6,0007,203.3,212.5
2023,7,0007,190.7,216.0
2023,8,0007,222.2,269.2
2023,9,0007,85.8,137.6
2023,10,0007,139.2,191.3
2023,11,0007,141.7,155.4
2023,12,0007,195.4,246.6
2023,1,0008,179.8,230.3
2023,2,0008,220.4,256.7
2023,3,0008,208.7,263.0
2023,4,0008,158.0,198.4
2023,5,0008,173.4,224.6
2023,6,0008,211.8,252.3
2023,7,0008,209.2,256.3
2023,8,0008,224.6,287.4
2023,9,0008,229.7,274.1
2023,10,0008,136.8,182.2
2023,11,0008,130.7,192.8
2023,12,0008,213.7,257.0
2023,1,0009,199.8,268.3
2023,2,0009,269.5,349.8
2023,3,0009,172.6,218.0
2023,4,0009,285.3,329.8
2023,5,0009,184.0,248.5
2023,6,0009,183.5,226.2
2023,7,0009,171.5,218.7
2023,8,0009,208.5,263.6
2023,9,0009,249.9,330.3
2023,10,0009,162.9,242.4
2023,11,0009,190.3,216.1
2023,12,0009,258.8,303.4
2023,1,0010,123.7,204.3
2023,2,0010,172.5,216.6
2023,3,0010,190.4,241.1
2023,4,0010,192.4,236.3
2023,5,0010,192.3,210.6
2023,6,0010,155.9,238.5
2023,7,0010,134.7,220.1
2023,8,0010,216.3,256.6
2023,9,0010,204.6,247.9
2023,10,0010,86.4,245.7
2023,11,0010,172.4,185.1
2023,12,0010,184.1,241.0
2023,1,0011,182.8,252.9
2023,2,0011,158.3,243.1
2023,3,0011,244.1,288.6
2023,4,0011,205.3,232.7
2023,5,0011,190.5,211.9
2023,6,0011,196.5,250.4
2023,7,0011,220.7,225.1
2023,8,0011,198.5,229.2
2023,9,0011,187.8,245.7
2023,10,0011,140.4,196.8
2023,11,0011,134.7,188.2
2023,12,0011,185.4,230.0
2023,1,0012,215.8,250.6
2023,2,0012,196.3,243.4
2023,3,0012,202.5,218.4
2023,4,0012,222.0,250.0
2023,5,0012,141.8,185.1
2023,6,0012,204.0,226.6
2023,7,0012,248.3,253.8
2023,8,0012,205.0,220.5
2023,9,0012,138.1,168.8
2023,10,0012,235.7,260.9
2023,11,0012,193.1,237.3
2023,12,0012,108.4,201.1
2023,1,0013,187.9,239.7
2023,2,0013,163.7,234.3
2023,3,0013,192.6,237.8
2023,4,0013,200.2,286.8
2023,5,0013,156.7,199.6
2023,6,0013,175.3,246.8
2023,7,0013,217.4,261.4
2023,8,0013,240.1,267.9
2023,9,0013,162.9,214.8
2023,10,0013,176.6,247.5
2023,11,0013,201.1,209.7
2023,12,0013,236.2,267.8
2023,1,0014,210.7,265.1
2023,2,0014,218.3,246.8
2023,3,0014,215.5,293.5
2023,4,0014,324.5,355.7
2023,5,0014,237.0,251.4
2023,6,0014,112.3,180.1
2023,7,0014,188.2,232.4
2023,8,0014,228.8,270.6
2023,9,0014,200.9,253.6
2023,10,0014,248.1,289.4
2023,11,0014,245.3,292.3
2023,12,0014,184.8,240.6
2023,1,0015,140.5,197.0
2023,2,0015,140.7,243.8
2023,3,0015,286.4,328.2
2023,4,0015,164.1,207.5
2023,5,0015,220.8,272.5
2023,6,0015,183.6,259.5
2023,7,0015,117.6,173.3
2023,8,0015,271.9,317.7
2023,9,0015,199.3,242.6
2023,10,0015,174.1,241.7
2023,11,0015,221.6,292.1
2023,12,0015,204.3,265.2
2023,1,0016,231.9,252.3
2023,2,0016,241.8,307.3
2023,3,0016,197.4,242.7
2023,4,0016,242.0,296.3
2023,5,0016,238.2,295.9
2023,6,0016,190.2,245.1
2023,7,0016,165.2,222.4
2023,8,0016,239.9,257.6
2023,9,0016,162.4,291.2
2023,10,0016,239.3,258.5
2023,11,0016,272.4,338.3
2023,12,0016,219.9,259.9
2023,1,0017,149.0,197.3
2023,2,0017,260.8,365.9
2023,3,0017,194.3,271.2
2023,4,0017,134.0,205.9
2023,5,0017,187.6,210.8
2023,6,0017,145.9,201.9
2023,7,0017,225.3,249.0
2023,8,0017,283.6,316.5
2023,9,0017,181.1,220.7
2023,10,0017,178.9,222.3
2023,11,0017,165.9,203.7
2023,12,0017,158.6,198.2
2023,1,0018,267.7,298.4
2023,2,0018,164.5,248.1
2023,3,0018,214.7,251.3
2023,4,0018,216.2,329.5
2023,5,0018,235.6,251.1
2023,6,0018,157.7,221.7
2023,7,0018,162.0,211.3
2023,8,0018,243.4,293.6
2023,9,0018,136.4,252.3
2023,10,0018,180.8,215.0
2023,11,0018,259.1,269.7
2023,12,0018,269.5,311.5
2023,1,0019,176.9,223.6
2023,2,0019,194.2,231.7
2023,3,0019,199.6,254.5
2023,4,0019,135.4,174.4
2023,5,0019,117.0,170.9
2023,6,0019,251.9,262.8
2023,7,0019,130.3,165.4
2023,8,0019,183.4,256.8
2023,9,0019,209.1,241.9
2023,10,0019,185.3,215.9
2023,11,0019,138.1,164.8
2023,12,0019,255.7,308.6
2023,1,0020,151.5,234.5
2023,2,0020,170.4,211.8
2023,3,0020,156.2,199.2
2023,4,0020,240.1,265.1
2023,5,0020,146.7,192.8
2023,6,0020,207.1,225.8
2023,7,0020,166.6,185.3
2023,8,0020,210.0,231.5
2023,9,0020,178.8,211.6
2023,10,0020,160.2,222.6
2023,11,0020,159.9,204.3
2023,12,0020,246.0,270.2
2023,1,0021,214.8,242.4
2023,2,0021,189.5,245.1
2023,3,0021,277.1,316.7
2023,4,0021,176.2,207.9
2023,5,0021,178.3,236.8
2023,6,0021,148.9,213.7
2023,7,0021,184.4,200.0
2023,8,0021,203.7,266.1
2023,9,0021,146.3,229.6
2023,10,0021,182.7,231.6
2023,11,0021,206.2,264.5
2023,12,0021,152.5,247.1
2023,1,0022,167.2,208.4
2023,2,0022,255.7,278.9
2023,3,0022,249.3,294.2
2023,4,0022,127.8,220.1
2023,5,0022,175.6,202.4
2023,6,0022,165.4,200.0
2023,7,0022,220.5,230.0
2023,8,0022,178.3,236.0
2023,9,0022,243.9,253.4
2023,10,0022,151.8,202.8
2023,11,0022,127.6,172.9
2023,12,0022,189.0,198.0
2023,1,0023,163.6,248.1
2023,2,0023,165.7,250.1
2023,3,0023,147.5,242.1
2023,4,0023,206.4,273.7
2023,5,0023,177.2,208.5
2023,6,0023,195.4,239.0
2023,7,0023,174.6,226.8
2023,8,0023,151.6,187.4
2023,9,0023,104.7,133.0
2023,10,0023,161.0,200.4
2023,11,0023,170.3,197.4
2023,12,0023,186.8,233.7
2023,1,0024,172.6,249.0
2023,2,0024,171.3,223.4
2023,3,0024,225.7,293.4
2023,4,0024,222.3,278.9
2023,5,0024,161.8,209.3
2023,6,0024,157.3,247.1
2023,7,0024,195.2,248.7
2023,8,0024,213.6,323.1
2023,9,0024,241.4,280.4
2023,10,0024,219.6,288.5
2023,11,0024,221.7,235.3
2023,12,0024,253.8,334.1
2023,1,0025,168.7,275.6
2023,2,0025,212.8,243.4
2023,3,0025,270.3,308.8
2023,4,0025,355.2,401.6
2023,5,0025,287.3,303.3
2023,6,0025,232.9,288.6
2023,7,0025,248.7,274.3
2023,8,0025,273.9,308.3
2023,9,0025,139.2,244.2
2023,10,0025,287.1,331.3
2023,11,0025,214.8,272.8
2023,12,0025,238.4,281.5
2023,1,0026,190.6,221.8
2023,2,0026,221.4,246.7
2023,3,0026,157.4,225.6
2023,4,0026,221.6,260.7
2023,5,0026,201.8,237.4
2023,6,0026,203.5,274.6
2023,7,0026,221.6,288.6
2023,8,0026,216.9,255.1
2023,9,0026,217.6,286.7
2023,10,0026,266.2,294.5
2023,11,0026,193.1,289.3
2023,12,0026,199.6,270.9
2023,1,0027,123.8,203.5
2023,2,0027,292.1,339.0
2023,3,0027,221.5,246.7
2023,4,0027,195.0,251.8
2023,5,0027,226.1,266.5
2023,6,0027,202.9,253.2
2023,7,0027,246.7,299.7
2023,8,0027,262.5,338.7
2023,9,0027,223.6,272.0
2023,10,0027,126.3,194.1
2023,11,0027,212.3,285.4
2023,12,0027,227.5,267.7
2023,1,0028,203.1,256.8
2023,2,0028,202.9,296.3
2023,3,0028,220.7,255.8
2023,4,0028,242.6,316.1
2023,5,0028,207.2,270.0
2023,6,0028,172.1,191.1
2023,7,0028,177.4,235.6
2023,8,0028,186.7,295.6
2023,9,0028,271.8,303.5
2023,10,0028,227.6,260.4
2023,11,0028,192.6,212.6
2023,12,0028,205.9,260.6
2023,1,0029,207.8,233.5
2023,2,0029,194.4,244.9
2023,3,0029,238.9,264.4
2023,4,0029,157.1,216.9
2023,5,0029,148.3,239.3
2023,6,0029,216.6,256.3
2023,7,0029,123.6,208.9
2023,8,0029,190.2,246.4
2023,9,0029,119.8,186.0
2023,10,0029,177.2,183.7
2023,11,0029,149.2,193.7
2023,12,0029,212.3,246.8
2023,1,0030,255.7,299.2
2023,2,0030,202.4,282.8
2023,3,0030,309.4,344.7
2023,4,0030,162.2,242.2
2023,5,0030,282.8,329.8
2023,6,0030,174.6,241.7
2023,7,0030,313.7,371.9
2023,8,0030,205.9,251.9
2023,9,0030,202.7,250.1
2023,10,0030,258.7,298.9
2023,11,0030,219.4,270.8
2023,12,0030,232.9,316.3
2023,1,0031,156.1,216.9
2023,2,0031,244.6,290.5
2023,3,0031,160.0,198.2
2023,4,0031,160.5,216.8
2023,5,0031,202.2,234.5
2023,6,0031,150.7,237.9
2023,7,0031,126.9,151.5
2023,8,0031,216.5,289.8
2023,9,0031,148.2,195.0
2023,10,0031,163.5,238.6
2023,11,0031,126.5,174.0
2023,12,0031,218.6,251.9
2023,1,0032,176.5,247.6
2023,2,0032,202.2,280.0
2023,3,0032,228.1,300.7
2023,4,0032,210.9,268.0
2023,5,0032,192.6,238.4
2023,6,0032,197.3,231.7
2023,7,0032,136.9,193.3
2023,8,0032,270.7,316.1
2023,9,0032,203.5,242.0
2023,10,0032,202.5,261.9
2023,11,0032,236.5,283.5
2023,12,0032,187.9,207.6
2024,1,0001,136.6,248.7
2024,2,0001,106.0,207.8
2024,3,0001,250.3,291.5
2024,4,0001,175.8,257.0
2024,5,0001,195.6,240.6
2024,6,0001,127.4,229.7
2024,7,0001,240.6,258.1
2024,8,0001,261.5,319.3
2024,9,0001,167.7,227.1
2024,10,0001,202.7,260.6
2024,11,0001,220.4,258.3
2024,12,0001,276.9,294.9
2024,1,0002,198.4,219.4
2024,2,0002,245.3,274.5
2024,3,0002,210.5,283.1
2024,4,0002,206.3,243.0
2024,5,0002,181.4,222.8
2024,6,0002,191.7,232.0
2024,7,0002,203.1,227.3
2024,8,0002,253.2,290.5
2024,9,0002,174.8,184.2
2024,10,0002,228.1,262.9
2024,11,0002,262.4,274.4
2024,12,0002,200.6,289.2
2024,1,0003,191.7,234.2
2024,2,0003,178.0,256.7
2024,3,0003,236.1,285.6
2024,4,0003,226.8,294.8
2024,5,0003,263.0,311.8
2024,6,0003,222.2,257.9
2024,7,0003,215.3,263.3
2024,8,0003,159.2,224.1
2024,9,0003,202.0,241.7
2024,10,0003,153.4,168.8
2024,11,0003,372.3,396.1
2024,12,0003,188.8,258.7
2024,1,0004,187.1,231.6
2024,2,0004,225.7,324.7
2024,3,0004,188.6,278.8
2024,4,0004,243.6,283.5
2024,5,0004,159.4,288.8
2024,6,0004,302.4,313.2
2024,7,0004,177.4,217.5
2024,8,0004,233.3,324.5
2024,9,0004,214.9,324.4
2024,10,0004,180.5,218.4
2024,11,0004,197.0,247.9
2024,12,0004,186.8,245.4
2024,1,0005,189.8,253.5
2024,2,0005,180.3,237.9
2024,3,0005,231.8,282.2
2024,4,0005,206.7,244.5
2024,5,0005,252.3,308.6
2024,6,0005,140.2,217.1
2024,7,0005,179.4,226.3
2024,8,0005,245.1,275.1
2024,9,0005,230.0,290.5
2024,10,0005,286.0,295.3
2024,11,0005,191.3,278.5
2024,12,0005,251.3,287.7
2024,1,0006,280.2,301.4
2024,2,0006,239.0,260.0
2024,3,0006,171.7,214.9
2024,4,0006,164.5,202.8
2024,5,0006,172.9,191.4
2024,6,0006,233.3,305.9
2024,7,0006,142.8,206.4
2024,8,0006,274.1,304.4
2024,9,0006,214.0,243.9
2024,10,0006,172.4,206.9
2024,11,0006,186.0,241.8
2024,12,0006,168.4,199.0
2024,1,0007,221.9,252.6
2024,2,0007,263.4,288.9
2024,3,0007,141.5,234.1
2024,4,0007,130.6,184.2
2024,5,0007,227.8,282.3
2024,6,0007,181.7,254.4
2024,7,0007,194.4,244.7
2024,8,0007,268.1,328.7
2024,9,0007,182.5,238.5
2024,10,0007,224.3,248.3
2024,11,0007,97.8,152.0
2024,12,0007,189.6,256.9
2024,1,0008,242.0,307.1
2024,2,0008,216.1,250.4
2024,3,0008,178.3,247.0
2024,4,0008,170.8,218.0
2024,5,0008,173.9,208.3
2024,6,0008,225.3,248.1
2024,7,0008,163.8,219.8
2024,8,0008,207.3,270.5
2024,9,0008,228.3,257.7
2024,10,0008,210.7,291.1
2024,11,0008,166.8,217.4
2024,12,0008,230.4,272.1
2024,1,0009,231.1,274.5
2024,2,0009,201.8,283.9
2024,3,0009,125.9,210.4
2024,4,0009,233.0,298.6
2024,5,0009,227.7,268.6
2024,6,0009,165.0,210.6
2024,7,0009,158.3,201.7
2024,8,0009,150.9,202.1
2024,9,0009,188.7,215.1
2024,10,0009,183.2,229.1
2024,11,0009,161.3,234.0
2024,12,0009,225.9,243.6
2024,1,0010,177.1,284.0
2024,2,0010,159.1,212.4
2024,3,0010,166.7,214.4
2024,4,0010,159.6,196.5
2024,5,0010,205.2,274.1
2024,6,0010,179.2,224.4
2024,7,0010,205.7,259.2
2024,8,0010,174.7,198.7
2024,9,0010,261.2,303.3
2024,10,0010,186.9,235.8
2024,11,0010,206.3,226.4
2024,12,0010,210.2,241.8
2024,1,0011,101.0,134.2
2024,2,0011,164.1,210.2
2024,3,0011,257.7,297.6
2024,4,0011,178.3,222.4
2024,5,0011,198.2,245.1
2024,6,0011,171.7,199.1
2024,7,0011,206.6,284.3
2024,8,0011,182.2,229.9
2024,9,0011,178.8,270.9
2024,10,0011,121.5,191.0
2024,11,0011,194.6,258.1
2024,12,0011,182.9,194.0
2024,1,0012,227.7,254.6
2024,2,0012,271.8,304.0
2024,3,0012,220.1,284.7
2024,4,0012,286.3,307.5
2024,5,0012,220.6,255.7
2024,6,0012,221.2,238.7
2024,7,0012,188.6,251.6
2024,8,0012,201.2,216.1
2024,9,0012,254.9,343.5
2024,10,0012,180.0,209.9
2024,11,0012,154.6,202.1
2024,12,0012,174.7,223.5
2024,1,0013,140.8,186.9
2024,2,0013,149.4,236.2
2024,3,0013,133.8,184.1
2024,4,0013,159.6,205.3
2024,5,0013,286.3,313.1
2024,6,0013,195.7,231.3
2024,7,0013,297.0,337.2
2024,8,0013,251.8,297.5
2024,9,0013,208.0,229.1
2024,10,0013,202.2,225.1
2024,11,0013,173.3,192.2
2024,12,0013,187.6,220.7
2024,1,0014,254.6,285.8
2024,2,0014,204.8,248.0
2024,3,0014,206.9,255.0
2024,4,0014,179.8,265.5
2024,5,0014,165.2,195.7
2024,6,0014,234.5,279.8
2024,7,0014,195.8,232.7
2024,8,0014,233.6,320.6
2024,9,0014,264.6,279.6
2024,10,0014,178.3,233.0
2024,11,0014,257.0,333.1
2024,12,0014,220.6,241.2
2024,1,0015,167.3,219.2
2024,2,0015,226.5,252.1
2024,3,0015,209.0,260.8
2024,4,0015,188.8,242.1
2024,5,0015,186.0,224.3
2024,6,0015,128.5,170.6
2024,7,0015,137.4,216.8
2024,8,0015,159.0,235.3
2024,9,0015,180.2,233.4
2024,10,0015,209.7,234.4
2024,11,0015,241.6,262.9
2024,12,0015,200.2,257.9
2024,1,0016,185.0,239.7
2024,2,0016,127.5,193.4
2024,3,0016,117.4,164.1
2024,4,0016,213.1,256.9
2024,5,0016,214.7,241.8
2024,6,0016,178.1,214.1
2024,7,0016,122.5,189.7
2024,8,0016,189.9,243.4
2024,9,0016,101.9,189.1
2024,10,0016,120.2,140.7
2024,11,0016,161.1,231.6
2024,12,0016,118.6,200.6
2024,1,0017,174.1,223.2
2024,2,0017,240.0,303.9
2024,3,0017,214.0,276.0
2024,4,0017,210.4,263.0
2024,5,0017,242.6,295.3
2024,6,0017,194.7,252.2
2024,7,0017,192.4,234.0
2024,8,0017,204.1,291.3
2024,9,0017,192.8,238.4
2024,10,0017,214.0,220.1
2024,11,0017,187.2,265.0
2024,12,0017,217.5,247.6
2024,1,0018,192.1,224.1
2024,2,0018,223.3,272.6
2024,3,0018,131.4,181.6
2024,4,0018,139.6,197.8
2024,5,0018,256.8,305.1
2024,6,0018,231.9,267.7
2024,7,0018,235.8,295.2
2024,8,0018,205.5,258.8
2024,9,0018,255.0,319.0
2024,10,0018,187.6,206.4
2024,11,0018,209.7,239.0
2024,12,0018,182.9,189.8
2024,1,0019,129.8,214.4
2024,2,0019,161.6,245.6
2024,3,0019,142.8,183.5
2024,4,0019,113.1,204.1
2024,5,0019,137.4,241.6
2024,6,0019,189.6,235.4
2024,7,0019,123.2,141.1
2024,8,0019,159.7,219.2
2024,9,0019,173.7,217.9
2024,10,0019,212.0,255.3
2024,11,0019,164.8,210.8
2024,12,0019,174.3,202.4
2024,1,0020,117.8,186.3
2024,2,0020,128.2,194.4
2024,3,0020,149.1,194.3
2024,4,0020,191.3,237.2
2024,5,0020,191.5,213.9
2024,6,0020,146.2,218.5
2024,7,0020,190.9,228.5
2024,8,0020,148.9,198.6
2024,9,0020,209.5,227.4
2024,10,0020,116.8,162.8
2024,11,0020,146.3,180.9
2024,12,0020,256.9,285.2
2024,1,0021,155.8,230.1
2024,2,0021,115.5,164.8
2024,3,0021,147.1,241.2
2024,4,0021,180.7,252.4
2024,5,0021,179.2,214.0
2024,6,0021,187.7,207.5
2024,7,0021,180.1,207.5
2024,8,0021,206.3,232.2
2024,9,0021,179.5,191.1
2024,10,0021,179.9,202.3
2024,11,0021,162.0,199.6
2024,12,0021,123.6,141.5
2024,1,0022,139.4,158.5
2024,2,0022,189.6,205.3
2024,3,0022,275.7,354.8
2024,4,0022,163.6,241.3
2024,5,0022,234.5,261.0
2024,6,0022,213.8,266.4
2024,7,0022,175.0,215.8
2024,8,0022,172.2,245.9
2024,9,0022,200.4,241.3
2024,10,0022,179.1,223.3
2024,11,0022,146.8,211.7
2024,12,0022,197.9,266.7
2024,1,0023,161.4,276.5
2024,2,0023,204.9,238.2
2024,3,0023,172.0,284.7
2024,4,0023,199.1,232.2
2024,5,0023,198.1,266.5
2024,6,0023,182.3,232.2
2024,7,0023,158.1,191.1
2024,8,0023,209.6,272.1
2024,9,0023,179.9,233.2
2024,10,0023,201.8,220.4
2024,11,0023,229.5,256.5
2024,12,0023,222.8,256.1
2024,1,0024,213.9,240.7
2024,2,0024,216.3,257.3
2024,3,0024,166.1,186.4
2024,4,0024,127.4,210.1
2024,5,0024,174.7,201.5
2024,6,0024,195.9,220.5
2024,7,0024,157.7,216.1
2024,8,0024,257.5,313.0
2024,9,0024,190.0,248.9
2024,10,0024,188.1,235.3
2024,11,0024,179.3,231.6
2024,12,0024,236.9,301.5
2024,1,0025,209.4,286.2
2024,2,0025,242.7,263.6
2024,3,0025,238.8,279.5
2024,4,0025,201.2,221.9
2024,5,0025,194.9,271.5
2024,6,0025,196.6,228.7
2024,7,0025,186.5,258.8
2024,8,0025,280.1,311.5
2024,9,0025,191.2,267.7
2024,10,0025,235.6,285.9
2024,11,0025,223.6,275.2
2024,12,0025,215.8,231.5
2024,1,0026,270.8,327.4
2024,2,0026,237.5,322.7
2024,3,0026,201.2,266.6
2024,4,0026,261.5,308.0
2024,5,0026,293.0,321.6
2024,6,0026,239.0,327.0
2024,7,0026,267.2,334.2
2024,8,0026,251.8,288.1
2024,9,0026,251.1,276.1
2024,10,0026,228.1,265.3
2024,11,0026,211.6,308.0
2024,12,0026,225.4,259.0
2024,1,0027,206.3,243.9
2024,2,0027,165.4,207.2
2024,3,0027,251.0,281.1
2024,4,0027,172.6,226.3
2024,5,0027,249.6,325.0
2024,6,0027,142.6,183.4
2024,7,0027,159.1,206.0
2024,8,0027,194.2,253.7
2024,9,0027,188.8,258.4
2024,10,0027,175.9,181.3
2024,11,0027,166.1,181.1
2024,12,0027,154.3,166.4
2024,1,0028,200.9,253.1
2024,2,0028,189.1,252.8
2024,3,0028,156.3,208.7
2024,4,0028,278.4,334.3
2024,5,0028,276.5,311.4
2024,6,0028,266.7,278.5
2024,7,0028,131.2,230.8
2024,8,0028,171.0,227.1
2024,9,0028,117.3,148.7
2024,10,0028,121.1,187.4
2024,11,0028,234.7,275.8
2024,12,0028,208.1,253.7
2024,1,0029,126.5,154.3
2024,2,0029,252.1,285.4
2024,3,0029,156.7,188.6
2024,4,0029,160.1,183.4
2024,5,0029,182.0,233.5
2024,6,0029,164.4,212.1
2024,7,0029,143.8,216.7
2024,8,0029,152.3,242.4
2024,9,0029,185.4,212.3
2024,10,0029,194.6,228.4
2024,11,0029,179.3,218.7
2024,12,0029,136.8,174.2
2024,1,0030,224.7,273.1
2024,2,0030,171.5,232.4
2024,3,0030,265.7,328.2
2024,4,0030,228.0,301.4
2024,5,0030,219.6,250.8
2024,6,0030,185.7,201.7
2024,7,0030,210.5,239.3
2024,8,0030,214.0,259.7
2024,9,0030,260.5,309.3
2024,10,0030,278.7,310.2
2024,11,0030,193.1,250.7
2024,12,0030,216.3,247.9
2024,1,0031,126.1,184.2
2024,2,0031,202.3,265.1
2024,3,0031,126.5,217.3
2024,4,0031,175.2,232.8
2024,5,0031,203.3,241.3
2024,6,0031,224.2,279.1
2024,7,0031,214.3,272.4
2024,8,0031,173.4,284.8
2024,9,0031,212.0,284.6
2024,10,0031,196.3,261.7
2024,11,0031,276.8,289.2
2024,12,0031,282.1,316.3
2024,1,0032,300.5,316.3
2024,2,0032,223.4,318.8
2024,3,0032,156.4,216.2
2024,4,0032,207.9,291.5
2024,5,0032,198.8,272.0
2024,6,0032,212.6,271.8
2024,7,0032,204.1,272.8
2024,8,0032,207.9,295.2
2024,9,0032,236.5,304.5
2024,10,0032,160.3,203.8
2024,11,0032,267.5,297.7
2024,12,0032,291.5,313.7
2025,1,0001,211.3,262.5
2025,2,0001,205.0,268.8
2025,3,0001,172.1,300.0
2025,4,0001,195.9,250.8
2025,5,0001,198.0,245.9
2025,6,0001,255.1,316.5
2025,7,0001,215.0,289.6
2025,8,0001,192.2,225.4
2025,9,0001,136.9,177.0
2025,10,0001,193.3,267.0
2025,11,0001,157.1,218.1
2025,12,0001,190.8,207.7
2025,1,0002,192.4,231.7
2025,2,0002,245.8,302.6
2025,3,0002,149.3,186.8
2025,4,0002,163.5,180.9
2025,5,0002,206.2,217.8
2025,6,0002,255.9,275.4
2025,7,0002,229.6,289.0
2025,8,0002,207.8,229.2
2025,9,0002,203.1,226.9
2025,10,0002,272.4,302.0
2025,11,0002,190.4,235.0
2025,12,0002,242.3,318.0
2025,1,0003,216.7,295.7
2025,2,0003,198.2,270.6
2025,3,0003,241.3,305.7
2025,4,0003,185.5,245.3
2025,5,0003,210.5,255.6
2025,6,0003,177.7,234.0
2025,7,0003,162.1,180.0
2025,8,0003,192.8,207.7
2025,9,0003,216.0,292.1
2025,10,0003,292.7,339.5
2025,11,0003,146.8,200.9
2025,12,0003,161.0,246.9
2025,1,0004,219.6,299.3
2025,2,0004,227.4,292.0
2025,3,0004,181.7,240.3
2025,4,0004,169.5,258.7
2025,5,0004,184.1,332.3
2025,6,0004,145.6,220.6
2025,7,0004,155.2,267.3
2025,8,0004,231.3,254.0
2025,9,0004,216.0,258.9
2025,10,0004,210.0,253.8
2025,11,0004,195.0,241.1
2025,12,0004,236.7,288.6
2025,1,0005,218.1,256.5
2025,2,0005,163.8,238.9
2025,3,0005,198.9,261.6
2025,4,0005,181.8,260.5
2025,5,0005,213.1,262.5
2025,6,0005,219.3,268.1
2025,7,0005,215.1,255.3
2025,8,0005,182.4,203.6
2025,9,0005,210.5,285.0
2025,10,0005,178.1,217.9
2025,11,0005,203.2,212.3
2025,12,0005,195.5,235.6
2025,1,0006,177.3,217.0
2025,2,0006,163.3,201.8
2025,3,0006,208.0,243.9
2025,4,0006,229.5,256.9
2025,5,0006,201.6,223.7
2025,6,0006,195.2,240.0
2025,7,0006,211.9,235.9
2025,8,0006,222.4,229.2
2025,9,0006,144.4,199.9
2025,10,0006,160.9,183.8
2025,11,0006,181.0,220.6
2025,12,0006,226.4,255.2
2025,1,0007,170.2,202.9
2025,2,0007,216.5,311.3
2025,3,0007,180.7,198.2
2025,4,0007,178.5,215.4
2025,5,0007,232.1,257.9
2025,6,0007,222.0,256.8
2025,7,0007,144.3,233.2
2025,8,0007,125.0,175.1
2025,9,0007,205.0,249.8
2025,10,0007,166.8,191.3
2025,11,0007,204.0,274.5
2025,12,0007,191.9,229.2
2025,1,0008,160.1,230.2
2025,2,0008,151.2,264.9
2025,3,0008,231.7,260.4
2025,4,0008,174.2,270.5
2025,5,0008,274.9,301.6
2025,6,0008,187.2,221.8
2025,7,0008,210.1,232.6
2025,8,0008,199.4,226.2
2025,9,0008,176.4,293.1
2025,10,0008,166.4,203.4
2025,11,0008,138.0,198.9
2025,12,0008,206.7,223.0
2025,1,0009,108.1,193.5
2025,2,0009,146.0,237.6
2025,3,0009,130.4,155.3
2025,4,0009,209.5,244.1
2025,5,0009,144.6,175.1
2025,6,0009,189.5,205.3
2025,7,0009,185.8,258.2
2025,8,0009,185.9,201.3
2025,9,0009,180.7,242.8
2025,10,0009,134.0,210.6
2025,11,0009,85.5,171.9
2025,12,0009,72.6,174.7
2025,1,0010,239.7,291.1
2025,2,0010,192.9,254.2
2025,3,0010,164.9,250.7
2025,4,0010,258.4,279.7
2025,5,0010,199.2,249.9
2025,6,0010,142.5,218.6
2025,7,0010,167.6,200.6
2025,8,0010,184.4,242.1
2025,9,0010,209.0,233.5
2025,10,0010,214.2,246.3
2025,11,0010,213.2,273.8
2025,12,0010,209.8,252.6
2025,1,0011,192.8,286.4
2025,2,0011,164.6,270.7
2025,3,0011,132.6,204.8
2025,4,0011,325.5,363.5
2025,5,0011,178.7,214.9
2025,6,0011,185.2,247.1
2025,7,0011,217.8,267.0
2025,8,0011,227.6,229.9
2025,9,0011,229.9,289.9
2025,10,0011,209.1,260.2
2025,11,0011,180.9,225.1
2025,12,0011,177.0,220.1
2025,1,0012,223.9,256.7
2025,2,0012,246.8,295.1
2025,3,0012,221.7,291.4
2025,4,0012,204.2,269.9
2025,5,0012,164.9,217.6
2025,6,0012,135.0,168.9
2025,7,0012,180.2,216.8
2025,8,0012,175.6,217.2
2025,9,0012,225.1,252.3
2025,10,0012,174.6,211.3
2025,11,0012,182.9,269.8
2025,12,0012,173.3,238.7
2025,1,0013,145.4,226.5
2025,2,0013,174.1,245.2
2025,3,0013,178.9,235.4
2025,4,0013,201.4,250.9
2025,5,0013,229.3,246.8
2025,6,0013,168.8,210.1
2025,7,0013,246.6,282.0
2025,8,0013,147.1,222.7
2025,9,0013,163.6,190.2
2025,10,0013,178.6,198.1
2025,11,0013,165.7,180.7
2025,12,0013,177.3,237.0
2025,1,0014,208.6,237.3
2025,2,0014,214.2,256.4
2025,3,0014,193.1,233.1
2025,4,0014,191.7,233.2
2025,5,0014,148.6,230.1
2025,6,0014,172.7,231.5
2025,7,0014,125.5,168.4
2025,8,0014,176.1,194.8
2025,9,0014,198.0,220.8
2025,10,0014,205.6,255.7
2025,11,0014,197.3,259.4
2025,12,0014,117.0,164.9
2025,1,0015,112.4,181.1
2025,2,0015,230.6,281.7
2025,3,0015,190.2,242.2
2025,4,0015,178.9,198.5
2025,5,0015,225.0,243.5
2025,6,0015,149.9,201.8
2025,7,0015,136.9,217.9
2025,8,0015,164.2,204.8
2025,9,0015,184.1,291.9
2025,10,0015,209.1,258.7
2025,11,0015,152.3,232.9
2025,12,0015,203.0,231.1
2025,1,0016,102.4,178.8
2025,2,0016,182.4,250.5
2025,3,0016,172.2,228.0
2025,4,0016,157.9,240.0
2025,5,0016,148.6,168.0
2025,6,0016,129.2,166.0
2025,7,0016,160.5,198.6
2025,8,0016,248.5,265.1
2025,9,0016,156.2,184.3
2025,10,0016,125.9,178.3
2025,11,0016,102.6,176.7
2025,12,0016,182.8,218.5
2025,1,0017,163.8,215.7
2025,2,0017,182.0,247.4
2025,3,0017,193.3,211.5
2025,4,0017,166.3,232.5
2025,5,0017,215.7,261.4
2025,6,0017,195.7,210.0
2025,7,0017,262.5,273.8
2025,8,0017,135.0,172.7
2025,9,0017,225.6,244.3
2025,10,0017,154.8,239.0
2025,11,0017,151.2,243.8
2025,12,0017,224.9,319.7
2025,1,0018,219.7,282.9
2025,2,0018,223.0,299.7
2025,3,0018,203.0,270.0
2025,4,0018,255.2,331.9
2025,5,0018,215.5,272.3
2025,6,0018,127.5,240.9
2025,7,0018,202.2,274.9
2025,8,0018,233.8,275.5
2025,9,0018,178.0,251.3
2025,10,0018,258.9,316.4
2025,11,0018,164.3,220.0
2025,12,0018,215.2,250.0
2025,1,0019,182.9,271.3
2025,2,0019,168.8,271.7
2025,3,0019,106.8,190.2
2025,4,0019,171.6,246.2
2025,5,0019,216.4,269.1
2025,6,0019,186.6,250.8
2025,7,0019,146.0,249.1
2025,8,0019,185.9,274.4
2025,9,0019,142.0,215.8
2025,10,0019,115.6,182.4
2025,11,0019,199.1,233.9
2025,12,0019,157.5,203.0
2025,1,0020,170.2,187.7
2025,2,0020,193.1,241.8
2025,3,0020,180.5,210.0
2025,4,0020,255.9,288.2
2025,5,0020,221.1,225.8
2025,6,0020,175.3,216.2
2025,7,0020,209.0,247.9
2025,8,0020,160.0,187.7
2025,9,0020,199.5,240.4
2025,10,0020,179.3,193.8
2025,11,0020,180.9,222.3
2025,12,0020,221.8,241.3
2025,1,0021,210.3,272.1
2025,2,0021,209.8,252.6
2025,3,0021,195.0,271.9
2025,4,0021,134.7,204.6
2025,5,0021,235.5,256.3
2025,6,0021,193.4,214.5
2025,7,0021,291.5,311.4
2025,8,0021,314.0,328.6
2025,9,0021,197.3,250.7
2025,10,0021,195.7,225.4
2025,11,0021,119.2,233.6
2025,12,0021,193.4,232.3
2025,1,0022,184.4,227.3
2025,2,0022,188.1,272.3
2025,3,0022,213.2,262.2
2025,4,0022,200.4,242.5
2025,5,0022,132.5,197.5
2025,6,0022,170.8,209.5
2025,7,0022,140.7,167.2
2025,8,0022,119.2,147.3
2025,9,0022,218.1,279.7
2025,10,0022,125.1,200.1
2025,11,0022,137.6,181.4
2025,12,0022,184.6,239.3
2025,1,0023,149.5,187.9
2025,2,0023,182.7,241.8
2025,3,0023,161.7,195.1
2025,4,0023,204.6,230.2
2025,5,0023,197.1,246.0
2025,6,0023,218.8,269.7
2025,7,0023,148.9,230.3
2025,8,0023,101.9,186.1
2025,9,0023,170.6,233.9
2025,10,0023,210.9,281.2
2025,11,0023,162.4,233.0
2025,12,0023,186.2,233.7
2025,1,0024,167.1,196.4
2025,2,0024,157.9,197.4
2025,3,0024,184.3,211.7
2025,4,0024,151.1,201.6
2025,5,0024,188.0,229.6
2025,6,0024,151.8,215.2
2025,7,0024,159.3,184.2
2025,8,0024,171.1,235.1
2025,9,0024,131.6,213.1
2025,10,0024,211.8,246.9
2025,11,0024,181.6,232.6
2025,12,0024,182.9,208.5
2025,1,0025,194.7,243.5
2025,2,0025,150.5,224.8
2025,3,0025,194.6,240.0
2025,4,0025,126.5,187.2
2025,5,0025,254.1,273.7
2025,6,0025,215.4,232.4
2025,7,0025,185.9,250.2
2025,8,0025,175.2,213.8
2025,9,0025,256.2,278.4
2025,10,0025,179.7,226.1
2025,11,0025,205.6,253.8
2025,12,0025,212.1,274.1
2025,1,0026,203.2,263.4
2025,2,0026,215.0,276.3
2025,3,0026,234.3,285.7
2025,4,0026,189.0,270.6
2025,5,0026,178.6,242.4
2025,6,0026,179.3,219.2
2025,7,0026,181.9,227.3
2025,8,0026,199.3,233.5
2025,9,0026,186.0,220.9
2025,10,0026,180.9,195.2
2025,11,0026,138.2,222.8
2025,12,0026,183.5,225.4
2025,1,0027,233.1,286.9
2025,2,0027,191.6,260.5
2025,3,0027,173.1,242.8
2025,4,0027,200.2,235.6
2025,5,0027,191.5,205.1
2025,6,0027,111.2,150.9
2025,7,0027,142.7,211.6
2025,8,0027,178.1,227.9
2025,9,0027,218.4,260.5
2025,10,0027,215.8,237.0
2025,11,0027,154.9,194.6
2025,12,0027,124.2,152.5
2025,1,0028,176.6,235.9
2025,2,0028,206.6,262.8
2025,3,0028,144.6,169.6
2025,4,0028,226.5,271.3
2025,5,0028,178.6,230.8
2025,6,0028,190.1,204.7
2025,7,0028,145.8,191.7
2025,8,0028,200.3,227.7
2025,9,0028,196.3,237.1
2025,10,0028,192.8,236.8
2025,11,0028,214.4,241.8
2025,12,0028,163.0,212.1
2025,1,0029,159.6,215.6
2025,2,0029,243.0,264.7
2025,3,0029,138.6,151.5
2025,4,0029,156.6,239.7
2025,5,0029,142.0,190.6
2025,6,0029,139.6,174.5
2025,7,0029,114.6,247.7
2025,8,0029,174.6,207.6
2025,9,0029,185.9,232.8
2025,10,0029,130.8,177.0
2025,11,0029,162.6,200.2
2025,12,0029,148.1,190.8
2025,1,0030,205.3,278.4
2025,2,0030,262.7,293.4
2025,3,0030,235.0,271.0
2025,4,0030,247.2,301.2
2025,5,0030,249.7,285.5
2025,6,0030,276.8,325.2
2025,7,0030,222.2,255.3
2025,8,0030,248.6,294.6
2025,9,0030,183.9,270.9
2025,10,0030,213.7,267.4
2025,11,0030,200.5,246.4
2025,12,0030,226.2,301.6
2025,1,0031,226.7,268.4
2025,2,0031,177.1,259.5
2025,3,0031,255.4,291.4
2025,4,0031,259.6,283.1
2025,5,0031,251.2,268.2
2025,6,0031,269.7,319.9
2025,7,0031,223.5,279.1
2025,8,0031,94.9,139.0
2025,9,0031,226.5,261.3
2025,10,0031,231.3,277.2
2025,11,0031,234.0,292.6
2025,12,0031,197.7,248.6
2025,1,0032,132.9,241.8
2025,2,0032,170.4,258.2
2025,3,0032,204.6,269.7
2025,4,0032,211.5,270.8
2025,5,0032,204.4,235.2
2025,6,0032,148.2,197.7
2025,7,0032,195.1,259.0
2025,8,0032,252.4,281.3
2025,9,0032,174.0,227.9
2025,10,0032,159.7,213.5
2025,11,0032,162.9,182.8
2025,12,0032,142.8,182.3
