season,week,franchise_name,offense_points,defense_points,potential_points,composite,adjusted_all_play,actual_all_play,expected_all_play,k,elo
2026,0,Arizona Cardinals,,,,,,,,,1506.93137027439
2026,0,Atlanta Falcons,,,,,,,,,1358.18848923711
2026,0,Baltimore Ravens,,,,,,,,,1494.43096191218
2026,0,Buffalo Bills,,,,,,,,,1541.31710558316
2026,0,Carolina Panthers,,,,,,,,,1500.53707684213
2026,0,Chicago Bears,,,,,,,,,1612.9834017448
2026,0,Cincinnati Bengals,,,,,,,,,1431.73829460246
2026,0,Cleveland Browns,,,,,,,,,1478.45049607044
2026,0,Dallas Cowboys,,,,,,,,,1528.63178266122
2026,0,Denver Broncos,,,,,,,,,1429.20562556318
2026,0,Detroit Lions,,,,,,,,,1441.00215433092
2026,0,Green Bay Packers,,,,,,,,,1456.95781494063
2026,0,Houston Texans,,,,,,,,,1552.9238402833
2026,0,Indianapolis Colts,,,,,,,,,1553.87858634093
2026,0,Jacksonville Jaguars,,,,,,,,,1525.22064379247
2026,0,Kansas City Chiefs,,,,,,,,,1475.9768910021
2026,0,Las Vegas Raiders,,,,,,,,,1556.81652320147
2026,0,Los Angeles Chargers,,,,,,,,,1469.28878389188
2026,0,Los Angeles Rams,,,,,,,,,1490.40751463423
2026,0,Miami Dolphins,,,,,,,,,1592.48305911941
2026,0,Minnesota Vikings,,,,,,,,,1481.82051818102
2026,0,New England Patriots,,,,,,,,,1501.37301062797
2026,0,New Orleans Saints,,,,,,,,,1507.22361222148
2026,0,New York Giants,,,,,,,,,1574.9614250943
2026,0,New York Jets,,,,,,,,,1483.94569299415
2026,0,Philadelphia Eagles,,,,,,,,,1552.81738941371
2026,0,Pittsburgh Steelers,,,,,,,,,1411.32595210201
2026,0,San Francisco 49ers,,,,,,,,,1535.52151980331
2026,0,Seattle Seahawks,,,,,,,,,1426.31626630641
2026,0,Tampa Bay Buccaneers,,,,,,,,,1511.12226417743
2026,0,Tennessee Titans,,,,,,,,,1512.21231742403
2026,0,Washington Commanders,,,,,,,,,1503.98961562576
2026,1,Arizona Cardinals,118.9,72.2,243.3,128.08910621586,9,11,15.80616002861041,2.240249197,1491.68387570786
2026,1,Atlanta Falcons,62.4,82.3,231.7,108.97203522371998,2,1,9.43060288145892,2.240249197,1341.54208707805
2026,1,Baltimore Ravens,98.2,166.8,336.6,180.34418979676,31,31,15.243975108883232,2.240249197,1529.72838403119
2026,1,Buffalo Bills,100.9,78.9,277.9,132.11730225780002,11,8,17.34493252995528,2.240249197,1527.10287561926
2026,1,Carolina Panthers,126.8,84.6,292,147.09188605228,24,19,15.518589437774684,2.240249197,1519.5375500594
2026,1,Chicago Bears,114.8,112.1,322.8,160.93576233849998,28,26,20.4170437710594,2.240249197,1629.97111337091
2026,1,Cincinnati Bengals,128.9,79.7,280.40000000000003,143.22316683890003,20,16,12.461282454864095,2.240249197,1448.62690056787
2026,1,Cleveland Browns,98.2,96.4,242.2,130.16840293180002,10,12,14.526420035442062,2.240249197,1468.31018721355
2026,1,Dallas Cowboys,105.3,104,289,146.48858002108,21,17,16.77964965832575,2.240249197,1538.08641915906
2026,1,Denver Broncos,119.1,97.5,242.1,138.2168970546,14,22,12.351579450150885,2.240249197,1432.89849841849
2026,1,Detroit Lions,95.9,91.1,205.3,118.78597080276,6,10,12.86496396102445,2.240249197,1425.6229242972
2026,1,Green Bay Packers,81.8,93.3,286.40000000000003,132.95999818554,12,6,13.567988819099854,2.240249197,1453.44512925349
2026,1,Houston Texans,113.5,108.7,237,139.5881549321,15,25,17.858247501618077,2.240249197,1546.52065358493
2026,1,Indianapolis Colts,101.2,103.6,281.5,143.12675008762,19,14.5,17.900272526673806,2.240249197,1556.34224989629
2026,1,Jacksonville Jaguars,138.1,66.7,257.1,135.9802783232,13,14.5,16.627051813908817,2.240249197,1517.09514389959
2026,1,Kansas City Chiefs,108.2,104.2,301.8,150.53479086864002,25,20,14.415627426734014,2.240249197,1499.6885231598
2026,1,Las Vegas Raiders,100.1,153.6,288.7,164.77057718914,29,30,18.029382619566565,2.240249197,1581.39343995872
2026,1,Los Angeles Chargers,38.6,87.8,225,101.01569963656,0,0,14.11661572391704,2.240249197,1437.66404686265
2026,1,Los Angeles Rams,110.5,131.3,313.4,165.07014893926,30,29,15.063101887612683,2.240249197,1523.86988867292
2026,1,Miami Dolphins,96.9,139.5,280.9,156.0765485282,27,28,19.566034045759036,2.240249197,1609.13699536763
2026,1,Minnesota Vikings,46.3,134.2,223.5,122.42354514518,7,9,14.6775111958435,2.240249197,1464.62097987123
2026,1,New England Patriots,96.5,106.7,269.7,139.99823733988,16,13,15.5561878846638,2.240249197,1502.36726040035
2026,1,New Orleans Saints,90,87.5,239.8,122.99987570602,8,7,15.819300031627936,2.240249197,1489.70643158208
2026,1,New York Giants,109.1,109.4,257,142.81132659175998,18,23.5,18.81890539585838,2.240249197,1573.12687292964
2026,1,New York Jets,77.3,78.2,198.2,105.12440268656,1,2,14.772868209958714,2.240249197,1453.09103604682
2026,1,Philadelphia Eagles,92.4,120.3,282.90000000000003,147.05224060860002,23,21,17.853559834993124,2.240249197,1564.34669781989
2026,1,Pittsburgh Steelers,66.1,102.9,209.5,113.68853397996,3,5,11.586253151857656,2.240249197,1392.09060536349
2026,1,San Francisco 49ers,68.4,141.9,262.5,142.48359092484,17,18,17.087145747353677,2.240249197,1535.32629163232
2026,1,Seattle Seahawks,114.8,52.6,233.6,116.39026728892,4,4,12.226795688428956,2.240249197,1407.88619384177
2026,1,Tampa Bay Buccaneers,103.9,125.9,253.5,146.85527480904,22,27,15.994549030655511,2.240249197,1524.57597087117
2026,1,Tennessee Titans,83.8,83.5,235.7,118.17482957676,5,3,16.04352986347381,2.240249197,1487.47205847251
2026,1,Washington Commanders,115.3,103.2,300.3,152.37529205290002,26,23.5,15.673872282845874,2.240249197,1527.12271498985
2026,2,Arizona Cardinals,92.9,90.1,273.3,132.72683756016,15,13,15.120850841817964,0.5902384748,1491.61254488477
2026,2,Atlanta Falcons,57.8,129.4,250.7,130.83549080806,12,14,8.840563016701513,0.5902384748,1343.40690833968
2026,2,Baltimore Ravens,76.3,118.4,289.3,141.85850262230002,22,16,16.81631844869808,0.5902384748,1532.78799232599
2026,2,Buffalo Bills,69,76.9,254.4,114.33006897586,5,3,16.699795509613665,0.5902384748,1520.19720617171
2026,2,Carolina Panthers,117.8,96.6,280.2,146.02812289256,23,23,16.363397186652847,0.5902384748,1523.45472838562
2026,2,Chicago Bears,131.79999999999998,116.1,301.4,163.90836282133998,29,29,21.06169518609682,0.5902384748,1634.65660630224
2026,2,Cincinnati Bengals,31.4,121,219.3,110.64750585906,3,5,13.214485888584944,0.5902384748,1442.59791800515
2026,2,Cleveland Browns,58.5,149.7,256,140.5808311157,21,20,14.081188307404153,0.5902384748,1472.39393607288
2026,2,Dallas Cowboys,86.7,83.4,249.4,122.30297613368,9,9,17.1863066232191,0.5902384748,1533.25454603122
2026,2,Denver Broncos,76.2,106.5,225.9,122.56601828508,10,12,12.53121570385382,0.5902384748,1431.40447753203
2026,2,Detroit Lions,130,78.6,241.8,134.40905528992,16,22,12.218671264222362,0.5902384748,1427.85480999546
2026,2,Green Bay Packers,40.8,120.3,297.2,131.48142890686,13,6,13.425603036774628,0.5902384748,1453.19392196755
2026,2,Houston Texans,145.4,93.6,289,156.86772377884,26,26,17.557901998092866,0.5902384748,1551.50350462718
2026,2,Indianapolis Colts,59.8,138.8,255.3,136.4466203607,18,18,17.987875317397894,0.5902384748,1556.34940634247
2026,2,Jacksonville Jaguars,120.6,75.1,250.4,131.50531069502,14,17,16.254624727898506,0.5902384748,1515.76437764375
2026,2,Kansas City Chiefs,43.4,107.2,282.7,123.78924017162,11,4,15.47809343404466,0.5902384748,1497.04538012108
2026,2,Las Vegas Raiders,128.2,104.2,291.1,155.39872464645998,25,25,19.06729280190663,0.5902384748,1584.89515200225
2026,2,Los Angeles Chargers,92.7,74.8,227.4,115.98435650788,7,8,12.737203452441118,0.5902384748,1434.27772864962
2026,2,Los Angeles Rams,99.8,108.5,262,140.18778439698,20,21,16.5561454660046,0.5902384748,1525.90258412915
2026,2,Miami Dolphins,148.5,92,303.9,160.72904113346,28,27.5,20.224921408921688,0.5902384748,1613.72614589415
2026,2,Minnesota Vikings,117.7,75.9,270.8,135.40719113414002,17,15,13.917956344511154,0.5902384748,1466.44012061351
2026,2,New England Patriots,61.6,104.5,217.2,114.44921824034,6,7,15.597670871994485,0.5902384748,1496.70234579178
2026,2,New Orleans Saints,99.9,74.7,220.3,116.95691511776,8,10,15.032645431315286,0.5902384748,1485.55549366345
2026,2,New York Giants,65.1,79.8,215.2,105.18899122844,2,2,18.714213182128898,0.5902384748,1563.26150123094
2026,2,New York Jets,189.1,73.2,301.8,167.38476022708,31,31,13.410062442460443,0.5902384748,1463.47329396311
2026,2,Philadelphia Eagles,96.5,105.4,266.9,138.83168685586,19,19,18.33571940793564,0.5902384748,1564.7387817738
2026,2,Pittsburgh Steelers,83.60000000000001,96.2,195.4,114.13364671392,4,11,10.81425909054921,0.5902384748,1388.06856746863
2026,2,San Francisco 49ers,120.7,119.8,297.2,160.41670086419998,27,27.5,17.064296958043965,0.5902384748,1541.19072584664
2026,2,Seattle Seahawks,72.7,157.7,282.1,154.95256388456,24,24,11.467802308568988,0.5902384748,1415.2831790865
2026,2,Tampa Bay Buccaneers,41.6,75.7,153.2,80.86445559394,0,0,16.587533188023265,0.5902384748,1514.78537057696
2026,2,Tennessee Titans,49,89.1,202.4,100.20663579926,1,1,14.933014680063163,0.5902384748,1479.248257128
2026,2,Washington Commanders,147.8,110.1,286.5,163.91048206568,30,30,16.700676474057648,0.5902384748,1534.97248743273
2026,3,Arizona Cardinals,123,117.9,286.6,158.07261673154,28,28,15.119844576184544,1.113998496,1505.96101864764
2026,3,Atlanta Falcons,124.4,69.2,245.6,129.39269709368,10,16,8.912549901962437,1.113998496,1344.61832610505
2026,3,Baltimore Ravens,118.5,106.2,285.5,151.4057580715,25,24,16.95344105620173,1.113998496,1541.75184689385
2026,3,Buffalo Bills,156.6,132.5,328.7,185.84727334044,31,31,16.394491430934416,1.113998496,1536.46772077411
2026,3,Carolina Panthers,87.8,87.7,247.2,123.95975835546,7,6,16.539358809398202,1.113998496,1512.82789702255
2026,3,Chicago Bears,107.3,127.4,283.4,155.49799032224,27,27,21.244963093733144,1.113998496,1641.06770877195
2026,3,Cincinnati Bengals,62.7,120.8,255.7,130.2475453303,12,9,12.954136009393766,1.113998496,1441.53501194231
2026,3,Cleveland Browns,74.60000000000001,82.7,235.2,114.37949794054,4,0,14.264637302846795,1.113998496,1460.95914554882
2026,3,Dallas Cowboys,69.9,99.3,210.6,113.85469390158,3,5,16.974095482140388,1.113998496,1517.68742469082
2026,3,Denver Broncos,79.4,105.8,227.4,123.7879720576,6,10,12.469599462282272,1.113998496,1424.1973534775
2026,3,Detroit Lions,75.6,101,341.3,146.31006411258,21,7,12.317067581985736,1.113998496,1437.52758363913
2026,3,Green Bay Packers,86.8,79.9,244.9,119.88878368204,5,4,13.4171860024372,1.113998496,1443.81718941985
2026,3,Houston Texans,139.5,92.9,290.3,154.72550468532,26,26,17.77759028143902,1.113998496,1560.66325667778
2026,3,Indianapolis Colts,85.5,102.6,242.5,128.1356896829,9,11,17.989233950918354,1.113998496,1546.33541322315
2026,3,Jacksonville Jaguars,72.5,125.3,254.1,135.29510266864,16,18,16.197135269304898,1.113998496,1515.5447692591
2026,3,Kansas City Chiefs,107.5,84.3,247,129.71101901609998,11,14,15.362208310910471,1.113998496,1492.1858866218
2026,3,Las Vegas Raiders,166.6,80.5,288.5,159.13839147695998,29,30,19.216271198420795,1.113998496,1595.79421116741
2026,3,Los Angeles Chargers,107,115.4,276.1,148.83235165074,22,23,12.593476848954891,1.113998496,1444.75658130032
2026,3,Los Angeles Rams,92.3,97.8,251.6,130.72294957932,13,13,16.64811275234294,1.113998496,1521.83859202426
2026,3,Miami Dolphins,68.9,123.4,263.4,135.3186949488,17,15,20.41166667971592,1.113998496,1609.92555433797
2026,3,Minnesota Vikings,109.2,111.5,251.5,142.45593063232,20,21,14.000889560960347,1.113998496,1473.12312061417
2026,3,New England Patriots,98.3,83.3,284.5,134.46404781288,15,8,15.346902070137036,1.113998496,1496.31589742339
2026,3,New Orleans Saints,101.3,102.7,274.7,141.25152707056,19,20,14.84984787054534,1.113998496,1490.1787568856
2026,3,New York Giants,88.4,101.4,223.3,124.34305685626,8,12,18.289614822277116,1.113998496,1551.79888578679
2026,3,New York Jets,103.3,96.3,251.5,134.09962195968,14,19,13.869754367692606,1.113998496,1463.61838740185
2026,3,Philadelphia Eagles,122.8,98.4,289.4,150.67573540244,24,22,18.353567457696677,1.113998496,1571.02889911802
2026,3,Pittsburgh Steelers,34.3,127.8,216.2,113.77684160456,2,3,10.653244752053745,1.113998496,1378.42886582227
2026,3,San Francisco 49ers,78.4,118.2,270.2,138.20501866112,18,17,17.324648462848256,1.113998496,1541.94306645188
2026,3,Seattle Seahawks,90.8,68.3,213.3,109.435967359,0,1,11.781744032720688,1.113998496,1402.15833393696
2026,3,Tampa Bay Buccaneers,98.6,128.6,267.1,149.1131381019,23,25,16.15351917413809,1.113998496,1522.41233991447
2026,3,Tennessee Titans,84.60000000000001,77,223.5,113.04262502126,1,2,14.569093907004577,1.113998496,1464.13230690034
2026,3,Washington Commanders,109,135.8,326.4,169.31235561756,30,29,17.050107520417598,1.113998496,1549.39864819889
