player_id,robust_pr_count,pr_current_season,pr_current_pos,pr_current_total,pr_current_avg,pr_current_final,pr_current_gp,pr_current_robust,pr_recent_season,pr_recent_pos,pr_recent_total,pr_recent_avg,pr_recent_final,pr_recent_gp,pr_previous_season,pr_previous_pos,pr_previous_total,pr_previous_avg,pr_previous_final,pr_previous_gp
15845,NA,2026,CB,1,1,1,2,FALSE,NA,NA,NA,NA,NA,NA,NA,NA,NA,NA,NA,NA
15124,NA,2026,CB,2,2,2,2,FALSE,NA,NA,NA,NA,NA,NA,NA,NA,NA,NA,NA,NA
16728,NA,2026,CB,3,3,3,2,FALSE,NA,NA,NA,NA,NA,NA,NA,NA,NA,NA,NA,NA
14669,NA,2026,CB,4,4,4,2,FALSE,NA,NA,NA,NA,NA,NA,NA,NA,NA,NA,NA,NA
14180,NA,2026,CB,5,7,5,2,FALSE,NA,NA,NA,NA,NA,NA,NA,NA,NA,NA,NA,NA
16255,NA,2026,CB,38.5,5.5,5.5,1,FALSE,NA,NA,NA,NA,NA,NA,NA,NA,NA,NA,NA,NA
17562,NA,2026,CB,38.5,5.5,5.5,1,FALSE,NA,NA,NA,NA,NA,NA,NA,NA,NA,NA,NA,NA
13223,NA,2026,CB,6,8,6,2,FALSE,NA,NA,NA,NA,NA,NA,NA,NA,NA,NA,NA,NA
17622,NA,2026,CB,7,9,7,2,FALSE,NA,NA,NA,NA,NA,NA,NA,NA,NA,NA,NA,NA
17573,NA,2026,CB,8,10,8,2,FALSE,NA,NA,NA,NA,NA,NA,NA,NA,NA,NA,NA,NA
15895,NA,2026,CB,9,11,9,2,FALSE,NA,NA,NA,NA,NA,NA,NA,NA,NA,NA,NA,NA
16279,NA,2026,CB,10,12,10,2,FALSE,NA,NA,NA,NA,NA,NA,NA,NA,NA,NA,NA,NA
15836,NA,2026,CB,11,13,11,2,FALSE,NA,NA,NA,NA,NA,NA,NA,NA,NA,NA,NA,NA
16731,NA,2026,CB,12,14,12,2,FALSE,NA,NA,NA,NA,NA,NA,NA,NA,NA,NA,NA,NA
17653,NA,2026,CB,13,15,13,2,FALSE,NA,NA,NA,NA,NA,NA,NA,NA,NA,NA,NA,NA
17624,NA,2026,CB,14,16,14,2,FALSE,NA,NA,NA,NA,NA,NA,NA,NA,NA,NA,NA,NA
17221,NA,2026,CB,15,18,15,2,FALSE,NA,NA,NA,NA,NA,NA,NA,NA,NA,NA,NA,NA
13774,NA,2026,CB,16,19,16,2,FALSE,NA,NA,NA,NA,NA,NA,NA,NA,NA,NA,NA,NA
17156,NA,2026,CB,54,17,17,1,FALSE,NA,NA,NA,NA,NA,NA,NA,NA,NA,NA,NA,NA
17164,NA,2026,CB,17,20,17,2,FALSE,NA,NA,NA,NA,NA,NA,NA,NA,NA,NA,NA,NA
17129,NA,2026,CB,18,21,18,2,FALSE,NA,NA,NA,NA,NA,NA,NA,NA,NA,NA,NA,NA
16251,NA,2026,CB,19,22,19,2,FALSE,NA,NA,NA,NA,NA,NA,NA,NA,NA,NA,NA,NA
13707,NA,2026,CB,20,23,20,2,FALSE,NA,NA,NA,NA,NA,NA,NA,NA,NA,NA,NA,NA
14219,NA,2026,CB,21,24,21,2,FALSE,NA,NA,NA,NA,NA,NA,NA,NA,NA,NA,NA,NA
15989,NA,2026,CB,22,25,22,2,FALSE,NA,NA,NA,NA,NA,NA,NA,NA,NA,NA,NA,NA
12711,NA,2026,CB,23,26,23,2,FALSE,NA,NA,NA,NA,NA,NA,NA,NA,NA,NA,NA,NA
16670,NA,2026,CB,24,27,24,2,FALSE,NA,NA,NA,NA,NA,NA,NA,NA,NA,NA,NA,NA
16267,NA,2026,CB,25,28,25,2,FALSE,NA,NA,NA,NA,NA,NA,NA,NA,NA,NA,NA,NA
14037,NA,2026,CB,26,29,26,2,FALSE,NA,NA,NA,NA,NA,NA,NA,NA,NA,NA,NA,NA
16784,NA,2026,CB,27,30,27,2,FALSE,NA,NA,NA,NA,NA,NA,NA,NA,NA,NA,NA,NA
15888,NA,2026,CB,28,31,28,2,FALSE,NA,NA,NA,NA,NA,NA,NA,NA,NA,NA,NA,NA
15832,NA,2026,CB,29,32,29,2,FALSE,NA,NA,NA,NA,NA,NA,NA,NA,NA,NA,NA,NA
15849,NA,2026,CB,30,33,30,2,FALSE,NA,NA,NA,NA,NA,NA,NA,NA,NA,NA,NA,NA
13731,NA,2026,CB,31,34,31,2,FALSE,NA,NA,NA,NA,NA,NA,NA,NA,NA,NA,NA,NA
14956,NA,2026,CB,32,35,32,2,FALSE,NA,NA,NA,NA,NA,NA,NA,NA,NA,NA,NA,NA
16702,NA,2026,CB,33.5,36.5,33.5,2,FALSE,NA,NA,NA,NA,NA,NA,NA,NA,NA,NA,NA,NA
14957,NA,2026,CB,33.5,36.5,33.5,2,FALSE,NA,NA,NA,NA,NA,NA,NA,NA,NA,NA,NA,NA
17127,NA,2026,CB,35,38,35,2,FALSE,NA,NA,NA,NA,NA,NA,NA,NA,NA,NA,NA,NA
17143,NA,2026,CB,36,39,36,2,FALSE,NA,NA,NA,NA,NA,NA,NA,NA,NA,NA,NA,NA
15904,NA,2026,CB,37,40,37,2,FALSE,NA,NA,NA,NA,NA,NA,NA,NA,NA,NA,NA,NA
14997,NA,2026,CB,40,42,40,2,FALSE,NA,NA,NA,NA,NA,NA,NA,NA,NA,NA,NA,NA
17163,NA,2026,CB,76.5,41,41,1,FALSE,NA,NA,NA,NA,NA,NA,NA,NA,NA,NA,NA,NA
16241,NA,2026,CB,41,43,41,2,FALSE,NA,NA,NA,NA,NA,NA,NA,NA,NA,NA,NA,NA
16673,NA,2026,CB,42,44,42,2,FALSE,NA,NA,NA,NA,NA,NA,NA,NA,NA,NA,NA,NA
16675,NA,2026,CB,43.5,45.5,43.5,2,FALSE,NA,NA,NA,NA,NA,NA,NA,NA,NA,NA,NA,NA
17162,NA,2026,CB,43.5,45.5,43.5,2,FALSE,NA,NA,NA,NA,NA,NA,NA,NA,NA,NA,NA,NA
13227,NA,2026,CB,45,47,45,2,FALSE,NA,NA,NA,NA,NA,NA,NA,NA,NA,NA,NA,NA
14924,NA,2026,CB,46,48,46,2,FALSE,NA,NA,NA,NA,NA,NA,NA,NA,NA,NA,NA,NA
15380,NA,2026,CB,47,49,47,2,FALSE,NA,NA,NA,NA,NA,NA,NA,NA,NA,NA,NA,NA
13764,NA,2026,CB,48,50,48,2,FALSE,NA,NA,NA,NA,NA,NA,NA,NA,NA,NA,NA,NA
14905,NA,2026,CB,49,51,49,2,FALSE,NA,NA,NA,NA,NA,NA,NA,NA,NA,NA,NA,NA
17169,NA,2026,CB,50,52,50,2,FALSE,NA,NA,NA,NA,NA,NA,NA,NA,NA,NA,NA,NA
16268,NA,2026,CB,51,53,51,2,FALSE,NA,NA,NA,NA,NA,NA,NA,NA,NA,NA,NA,NA
16698,NA,2026,CB,52,54,52,2,FALSE,NA,NA,NA,NA,NA,NA,NA,NA,NA,NA,NA,NA
15933,NA,2026,CB,54,55.5,54,2,FALSE,NA,NA,NA,NA,NA,NA,NA,NA,NA,NA,NA,NA
15881,NA,2026,CB,54,55.5,54,2,FALSE,NA,NA,NA,NA,NA,NA,NA,NA,NA,NA,NA,NA
17200,NA,2026,CB,56,57,56,2,FALSE,NA,NA,NA,NA,NA,NA,NA,NA,NA,NA,NA,NA
15913,NA,2026,CB,57,58,57,2,FALSE,NA,NA,NA,NA,NA,NA,NA,NA,NA,NA,NA,NA
17142,NA,2026,CB,58.5,59.5,58.5,2,FALSE,NA,NA,NA,NA,NA,NA,NA,NA,NA,NA,NA,NA
15856,NA,2026,CB,58.5,59.5,58.5,2,FALSE,NA,NA,NA,NA,NA,NA,NA,NA,NA,NA,NA,NA
16145,NA,2026,CB,60,61,60,2,FALSE,NA,NA,NA,NA,NA,NA,NA,NA,NA,NA,NA,NA
15377,NA,2026,CB,61,62,61,2,FALSE,NA,NA,NA,NA,NA,NA,NA,NA,NA,NA,NA,NA
17581,NA,2026,CB,62,63,62,2,FALSE,NA,NA,NA,NA,NA,NA,NA,NA,NA,NA,NA,NA
16913,NA,2026,CB,63,64,63,2,FALSE,NA,NA,NA,NA,NA,NA,NA,NA,NA,NA,NA,NA
15950,NA,2026,CB,64,66,64,2,FALSE,NA,NA,NA,NA,NA,NA,NA,NA,NA,NA,NA,NA
17639,NA,2026,CB,86,65,65,1,FALSE,NA,NA,NA,NA,NA,NA,NA,NA,NA,NA,NA,NA
16754,NA,2026,CB,65,67,65,2,FALSE,NA,NA,NA,NA,NA,NA,NA,NA,NA,NA,NA,NA
15361,NA,2026,CB,66,69,66,2,FALSE,NA,NA,NA,NA,NA,NA,NA,NA,NA,NA,NA,NA
15362,NA,2026,CB,67,70,67,2,FALSE,NA,NA,NA,NA,NA,NA,NA,NA,NA,NA,NA,NA
17788,NA,2026,CB,90,68,68,1,FALSE,NA,NA,NA,NA,NA,NA,NA,NA,NA,NA,NA,NA
17616,NA,2026,CB,68,71,68,2,FALSE,NA,NA,NA,NA,NA,NA,NA,NA,NA,NA,NA,NA
15445,NA,2026,CB,69,72,69,2,FALSE,NA,NA,NA,NA,NA,NA,NA,NA,NA,NA,NA,NA
17251,NA,2026,CB,70,73,70,2,FALSE,NA,NA,NA,NA,NA,NA,NA,NA,NA,NA,NA,NA
17187,NA,2026,CB,71,74,71,2,FALSE,NA,NA,NA,NA,NA,NA,NA,NA,NA,NA,NA,NA
17592,NA,2026,CB,72,75,72,2,FALSE,NA,NA,NA,NA,NA,NA,NA,NA,NA,NA,NA,NA
13738,NA,2026,CB,73,78,73,2,FALSE,NA,NA,NA,NA,NA,NA,NA,NA,NA,NA,NA,NA
13281,NA,2026,CB,74,79,74,2,FALSE,NA,NA,NA,NA,NA,NA,NA,NA,NA,NA,NA,NA
15833,NA,2026,CB,75,81,75,2,FALSE,NA,NA,NA,NA,NA,NA,NA,NA,NA,NA,NA,NA
15394,NA,2026,CB,98.5,76.5,76.5,1,FALSE,NA,NA,NA,NA,NA,NA,NA,NA,NA,NA,NA,NA
15866,NA,2026,CB,98.5,76.5,76.5,1,FALSE,NA,NA,NA,NA,NA,NA,NA,NA,NA,NA,NA,NA
14198,NA,2026,CB,76.5,82,76.5,2,FALSE,NA,NA,NA,NA,NA,NA,NA,NA,NA,NA,NA,NA
13785,NA,2026,CB,78,83,78,2,FALSE,NA,NA,NA,NA,NA,NA,NA,NA,NA,NA,NA,NA
16690,NA,2026,CB,79,84,79,2,FALSE,NA,NA,NA,NA,NA,NA,NA,NA,NA,NA,NA,NA
13710,NA,2026,CB,101,80,80,1,FALSE,NA,NA,NA,NA,NA,NA,NA,NA,NA,NA,NA,NA
16672,NA,2026,CB,80,85,80,2,FALSE,NA,NA,NA,NA,NA,NA,NA,NA,NA,NA,NA,NA
16736,NA,2026,CB,81.5,86.5,81.5,2,FALSE,NA,NA,NA,NA,NA,NA,NA,NA,NA,NA,NA,NA
15868,NA,2026,CB,81.5,86.5,81.5,2,FALSE,NA,NA,NA,NA,NA,NA,NA,NA,NA,NA,NA,NA
15894,NA,2026,CB,83,89,83,2,FALSE,NA,NA,NA,NA,NA,NA,NA,NA,NA,NA,NA,NA
17128,NA,2026,CB,84,90,84,2,FALSE,NA,NA,NA,NA,NA,NA,NA,NA,NA,NA,NA,NA
16325,NA,2026,CB,85,91,85,2,FALSE,NA,NA,NA,NA,NA,NA,NA,NA,NA,NA,NA,NA
15405,NA,2026,CB,87,93,87,2,FALSE,NA,NA,NA,NA,NA,NA,NA,NA,NA,NA,NA,NA
16729,NA,2026,CB,88,94,88,2,FALSE,NA,NA,NA,NA,NA,NA,NA,NA,NA,NA,NA,NA
15859,NA,2026,CB,108,88,88,1,FALSE,NA,NA,NA,NA,NA,NA,NA,NA,NA,NA,NA,NA
14904,NA,2026,CB,89,95,89,2,FALSE,NA,NA,NA,NA,NA,NA,NA,NA,NA,NA,NA,NA
17642,NA,2026,CB,110,92,92,1,FALSE,NA,NA,NA,NA,NA,NA,NA,NA,NA,NA,NA,NA
15862,NA,2026,CB,92.5,97.5,92.5,2,FALSE,NA,NA,NA,NA,NA,NA,NA,NA,NA,NA,NA,NA
17141,NA,2026,CB,92.5,97.5,92.5,2,FALSE,NA,NA,NA,NA,NA,NA,NA,NA,NA,NA,NA,NA
14252,NA,2026,CB,92.5,97.5,92.5,2,FALSE,NA,NA,NA,NA,NA,NA,NA,NA,NA,NA,NA,NA
16695,NA,2026,CB,92.5,97.5,92.5,2,FALSE,NA,NA,NA,NA,NA,NA,NA,NA,NA,NA,NA,NA
14012,NA,2026,CB,95,100,95,2,FALSE,NA,NA,NA,NA,NA,NA,NA,NA,NA,NA,NA,NA
15129,NA,2026,CB,96,101,96,2,FALSE,NA,NA,NA,NA,NA,NA,NA,NA,NA,NA,NA,NA
16261,NA,2026,CB,97,102,97,2,FALSE,NA,NA,NA,NA,NA,NA,NA,NA,NA,NA,NA,NA
13920,NA,2026,CB,100,103,100,2,FALSE,NA,NA,NA,NA,NA,NA,NA,NA,NA,NA,NA,NA
15384,NA,2026,CB,102,105,102,2,FALSE,NA,NA,NA,NA,NA,NA,NA,NA,NA,NA,NA,NA
16288,NA,2026,CB,103,106,103,2,FALSE,NA,NA,NA,NA,NA,NA,NA,NA,NA,NA,NA,NA
16714,NA,2026,CB,104,107,104,2,FALSE,NA,NA,NA,NA,NA,NA,NA,NA,NA,NA,NA,NA
17561,NA,2026,CB,117,104,104,1,FALSE,NA,NA,NA,NA,NA,NA,NA,NA,NA,NA,NA,NA
16012,NA,2026,CB,105,108,105,2,FALSE,NA,NA,NA,NA,NA,NA,NA,NA,NA,NA,NA,NA
17376,NA,2026,CB,106.5,109.5,106.5,2,FALSE,NA,NA,NA,NA,NA,NA,NA,NA,NA,NA,NA,NA
14918,NA,2026,CB,106.5,109.5,106.5,2,FALSE,NA,NA,NA,NA,NA,NA,NA,NA,NA,NA,NA,NA
17368,NA,2026,CB,109,112.5,109,2,FALSE,NA,NA,NA,NA,NA,NA,NA,NA,NA,NA,NA,NA
15375,NA,2026,CB,111,116,111,2,FALSE,NA,NA,NA,NA,NA,NA,NA,NA,NA,NA,NA,NA
16735,NA,2026,CB,112.5,119,112.5,2,FALSE,NA,NA,NA,NA,NA,NA,NA,NA,NA,NA,NA,NA
16253,NA,2026,CB,112.5,119,112.5,2,FALSE,NA,NA,NA,NA,NA,NA,NA,NA,NA,NA,NA,NA
14919,NA,2026,CB,124,112.5,112.5,1,FALSE,NA,NA,NA,NA,NA,NA,NA,NA,NA,NA,NA,NA
17785,NA,2026,CB,124,112.5,112.5,1,FALSE,NA,NA,NA,NA,NA,NA,NA,NA,NA,NA,NA,NA
15392,NA,2026,CB,124,112.5,112.5,1,FALSE,NA,NA,NA,NA,NA,NA,NA,NA,NA,NA,NA,NA
17168,NA,2026,CB,114.5,122.5,114.5,2,FALSE,NA,NA,NA,NA,NA,NA,NA,NA,NA,NA,NA,NA
17572,NA,2026,CB,114.5,122.5,114.5,2,FALSE,NA,NA,NA,NA,NA,NA,NA,NA,NA,NA,NA,NA
16370,NA,2026,CB,129.5,115,115,1,FALSE,NA,NA,NA,NA,NA,NA,NA,NA,NA,NA,NA,NA
15880,NA,2026,CB,117,124.5,117,2,FALSE,NA,NA,NA,NA,NA,NA,NA,NA,NA,NA,NA,NA
17574,NA,2026,CB,117,124.5,117,2,FALSE,NA,NA,NA,NA,NA,NA,NA,NA,NA,NA,NA,NA
16776,NA,2026,CB,119,126,119,2,FALSE,NA,NA,NA,NA,NA,NA,NA,NA,NA,NA,NA,NA
16720,NA,2026,CB,132,119,119,1,FALSE,NA,NA,NA,NA,NA,NA,NA,NA,NA,NA,NA,NA
16741,NA,2026,CB,132,119,119,1,FALSE,NA,NA,NA,NA,NA,NA,NA,NA,NA,NA,NA,NA
16726,NA,2026,CB,132,119,119,1,FALSE,NA,NA,NA,NA,NA,NA,NA,NA,NA,NA,NA,NA
16054,NA,2026,CB,124,130.5,124,2,FALSE,NA,NA,NA,NA,NA,NA,NA,NA,NA,NA,NA,NA
15432,NA,2026,CB,124,130.5,124,2,FALSE,NA,NA,NA,NA,NA,NA,NA,NA,NA,NA,NA,NA
17604,NA,2026,CB,124,130.5,124,2,FALSE,NA,NA,NA,NA,NA,NA,NA,NA,NA,NA,NA,NA
13811,NA,2026,CB,124,130.5,124,2,FALSE,NA,NA,NA,NA,NA,NA,NA,NA,NA,NA,NA,NA
16954,NA,2026,CB,124,130.5,124,2,FALSE,NA,NA,NA,NA,NA,NA,NA,NA,NA,NA,NA,NA
15401,NA,2026,CB,124,130.5,124,2,FALSE,NA,NA,NA,NA,NA,NA,NA,NA,NA,NA,NA,NA
16366,NA,2026,CB,129.5,135,129.5,2,FALSE,NA,NA,NA,NA,NA,NA,NA,NA,NA,NA,NA,NA
17649,NA,2026,CB,136,130.5,130.5,1,FALSE,NA,NA,NA,NA,NA,NA,NA,NA,NA,NA,NA,NA
17427,NA,2026,CB,136,130.5,130.5,1,FALSE,NA,NA,NA,NA,NA,NA,NA,NA,NA,NA,NA,NA
13270,NA,2026,CB,136,137,136,2,FALSE,NA,NA,NA,NA,NA,NA,NA,NA,NA,NA,NA,NA
17609,NA,2026,CB,136,137,136,2,FALSE,NA,NA,NA,NA,NA,NA,NA,NA,NA,NA,NA,NA
17751,NA,2026,CB,136,137,136,2,FALSE,NA,NA,NA,NA,NA,NA,NA,NA,NA,NA,NA,NA
17772,NA,2026,CB,139,139,139,1,FALSE,NA,NA,NA,NA,NA,NA,NA,NA,NA,NA,NA,NA
13263,NA,2026,CB,149,149,149,2,FALSE,NA,NA,NA,NA,NA,NA,NA,NA,NA,NA,NA,NA
16336,NA,2026,CB,149,149,149,2,FALSE,NA,NA,NA,NA,NA,NA,NA,NA,NA,NA,NA,NA
17430,NA,2026,CB,149,149,149,1,FALSE,NA,NA,NA,NA,NA,NA,NA,NA,NA,NA,NA,NA
17643,NA,2026,CB,149,149,149,2,FALSE,NA,NA,NA,NA,NA,NA,NA,NA,NA,NA,NA,NA
16756,NA,2026,CB,149,149,149,1,FALSE,NA,NA,NA,NA,NA,NA,NA,NA,NA,NA,NA,NA
15464,NA,2026,CB,149,149,149,2,FALSE,NA,NA,NA,NA,NA,NA,NA,NA,NA,NA,NA,NA
12988,NA,2026,CB,149,149,149,2,FALSE,NA,NA,NA,NA,NA,NA,NA,NA,NA,NA,NA,NA
16674,NA,2026,CB,149,149,149,2,FALSE,NA,NA,NA,NA,NA,NA,NA,NA,NA,NA,NA,NA
16315,NA,2026,CB,149,149,149,1,FALSE,NA,NA,NA,NA,NA,NA,NA,NA,NA,NA,NA,NA
17197,NA,2026,CB,149,149,149,2,FALSE,NA,NA,NA,NA,NA,NA,NA,NA,NA,NA,NA,NA
16293,NA,2026,CB,149,149,149,2,FALSE,NA,NA,NA,NA,NA,NA,NA,NA,NA,NA,NA,NA
17780,NA,2026,CB,149,149,149,1,FALSE,NA,NA,NA,NA,NA,NA,NA,NA,NA,NA,NA,NA
17326,NA,2026,CB,149,149,149,1,FALSE,NA,NA,NA,NA,NA,NA,NA,NA,NA,NA,NA,NA
16242,NA,2026,CB,149,149,149,2,FALSE,NA,NA,NA,NA,NA,NA,NA,NA,NA,NA,NA,NA
16907,NA,2026,CB,149,149,149,2,FALSE,NA,NA,NA,NA,NA,NA,NA,NA,NA,NA,NA,NA
15684,NA,2026,CB,149,149,149,1,FALSE,NA,NA,NA,NA,NA,NA,NA,NA,NA,NA,NA,NA
16745,NA,2026,CB,149,149,149,1,FALSE,NA,NA,NA,NA,NA,NA,NA,NA,NA,NA,NA,NA
16345,NA,2026,CB,149,149,149,2,FALSE,NA,NA,NA,NA,NA,NA,NA,NA,NA,NA,NA,NA
16356,NA,2026,CB,149,149,149,2,FALSE,NA,NA,NA,NA,NA,NA,NA,NA,NA,NA,NA,NA
17214,NA,2026,CB,159,159,159,2,FALSE,NA,NA,NA,NA,NA,NA,NA,NA,NA,NA,NA,NA
17771,NA,2026,CB,160,160,160,2,FALSE,NA,NA,NA,NA,NA,NA,NA,NA,NA,NA,NA,NA
17598,NA,2026,CB,161,161,161,2,FALSE,NA,NA,NA,NA,NA,NA,NA,NA,NA,NA,NA,NA
17614,NA,2026,CB,162,162,162,2,FALSE,NA,NA,NA,NA,NA,NA,NA,NA,NA,NA,NA,NA
16703,NA,2026,CB,163,163,163,2,FALSE,NA,NA,NA,NA,NA,NA,NA,NA,NA,NA,NA,NA
15346,NA,2026,DE,1,1,1,2,FALSE,NA,NA,NA,NA,NA,NA,NA,NA,NA,NA,NA,NA
13214,NA,2026,DE,2,2,2,2,FALSE,NA,NA,NA,NA,NA,NA,NA,NA,NA,NA,NA,NA
14249,NA,2026,DE,3,3,3,2,FALSE,NA,NA,NA,NA,NA,NA,NA,NA,NA,NA,NA,NA
15805,NA,2026,DE,4,4,4,2,FALSE,NA,NA,NA,NA,NA,NA,NA,NA,NA,NA,NA,NA
16650,NA,2026,DE,5,5,5,2,FALSE,NA,NA,NA,NA,NA,NA,NA,NA,NA,NA,NA,NA
16230,NA,2026,DE,6,6,6,2,FALSE,NA,NA,NA,NA,NA,NA,NA,NA,NA,NA,NA,NA
14167,NA,2026,DE,7,7,7,2,FALSE,NA,NA,NA,NA,NA,NA,NA,NA,NA,NA,NA,NA
17135,NA,2026,DE,8,8,8,2,FALSE,NA,NA,NA,NA,NA,NA,NA,NA,NA,NA,NA,NA
15345,NA,2026,DE,9,9,9,2,FALSE,NA,NA,NA,NA,NA,NA,NA,NA,NA,NA,NA,NA
12301,NA,2026,DE,10,10,10,2,FALSE,NA,NA,NA,NA,NA,NA,NA,NA,NA,NA,NA,NA
14940,NA,2026,DE,11,11,11,2,FALSE,NA,NA,NA,NA,NA,NA,NA,NA,NA,NA,NA,NA
17584,NA,2026,DE,12,12,12,2,FALSE,NA,NA,NA,NA,NA,NA,NA,NA,NA,NA,NA,NA
15853,NA,2026,DE,13,13,13,2,FALSE,NA,NA,NA,NA,NA,NA,NA,NA,NA,NA,NA,NA
16223,NA,2026,DE,14.5,14.5,14.5,2,FALSE,NA,NA,NA,NA,NA,NA,NA,NA,NA,NA,NA,NA
13682,NA,2026,DE,14.5,14.5,14.5,2,FALSE,NA,NA,NA,NA,NA,NA,NA,NA,NA,NA,NA,NA
17361,NA,2026,DE,16,16,16,2,FALSE,NA,NA,NA,NA,NA,NA,NA,NA,NA,NA,NA,NA
16266,NA,2026,DE,17,17,17,2,FALSE,NA,NA,NA,NA,NA,NA,NA,NA,NA,NA,NA,NA
16298,NA,2026,DE,18,18,18,2,FALSE,NA,NA,NA,NA,NA,NA,NA,NA,NA,NA,NA,NA
17551,NA,2026,DE,19,19,19,2,FALSE,NA,NA,NA,NA,NA,NA,NA,NA,NA,NA,NA,NA
15352,NA,2026,DE,20.5,20.5,20.5,2,FALSE,NA,NA,NA,NA,NA,NA,NA,NA,NA,NA,NA,NA
16303,NA,2026,DE,20.5,20.5,20.5,2,FALSE,NA,NA,NA,NA,NA,NA,NA,NA,NA,NA,NA,NA
11706,NA,2026,DE,60.5,22,22,1,FALSE,NA,NA,NA,NA,NA,NA,NA,NA,NA,NA,NA,NA
13704,NA,2026,DE,22,23,22,2,FALSE,NA,NA,NA,NA,NA,NA,NA,NA,NA,NA,NA,NA
14405,NA,2026,DE,23,24,23,2,FALSE,NA,NA,NA,NA,NA,NA,NA,NA,NA,NA,NA,NA
17161,NA,2026,DE,24.5,25.5,24.5,2,FALSE,NA,NA,NA,NA,NA,NA,NA,NA,NA,NA,NA,NA
16651,NA,2026,DE,24.5,25.5,24.5,2,FALSE,NA,NA,NA,NA,NA,NA,NA,NA,NA,NA,NA,NA
14147,NA,2026,DE,26.5,27.5,26.5,2,FALSE,NA,NA,NA,NA,NA,NA,NA,NA,NA,NA,NA,NA
16923,NA,2026,DE,26.5,27.5,26.5,2,FALSE,NA,NA,NA,NA,NA,NA,NA,NA,NA,NA,NA,NA
15378,NA,2026,DE,28,29,28,2,FALSE,NA,NA,NA,NA,NA,NA,NA,NA,NA,NA,NA,NA
13681,NA,2026,DE,29,30,29,2,FALSE,NA,NA,NA,NA,NA,NA,NA,NA,NA,NA,NA,NA
15813,NA,2026,DE,30.5,31.5,30.5,2,FALSE,NA,NA,NA,NA,NA,NA,NA,NA,NA,NA,NA,NA
15814,NA,2026,DE,30.5,31.5,30.5,2,FALSE,NA,NA,NA,NA,NA,NA,NA,NA,NA,NA,NA,NA
15349,NA,2026,DE,32,33,32,2,FALSE,NA,NA,NA,NA,NA,NA,NA,NA,NA,NA,NA,NA
14947,NA,2026,DE,33,34,33,2,FALSE,NA,NA,NA,NA,NA,NA,NA,NA,NA,NA,NA,NA
14225,NA,2026,DE,34,35,34,2,FALSE,NA,NA,NA,NA,NA,NA,NA,NA,NA,NA,NA,NA
15815,NA,2026,DE,35,36,35,2,FALSE,NA,NA,NA,NA,NA,NA,NA,NA,NA,NA,NA,NA
13888,NA,2026,DE,36.5,37.5,36.5,2,FALSE,NA,NA,NA,NA,NA,NA,NA,NA,NA,NA,NA,NA
14164,NA,2026,DE,36.5,37.5,36.5,2,FALSE,NA,NA,NA,NA,NA,NA,NA,NA,NA,NA,NA,NA
17189,NA,2026,DE,38,39,38,2,FALSE,NA,NA,NA,NA,NA,NA,NA,NA,NA,NA,NA,NA
15808,NA,2026,DE,39.5,40.5,39.5,2,FALSE,NA,NA,NA,NA,NA,NA,NA,NA,NA,NA,NA,NA
16224,NA,2026,DE,39.5,40.5,39.5,2,FALSE,NA,NA,NA,NA,NA,NA,NA,NA,NA,NA,NA,NA
16257,NA,2026,DE,41,42,41,2,FALSE,NA,NA,NA,NA,NA,NA,NA,NA,NA,NA,NA,NA
16712,NA,2026,DE,42,43,42,2,FALSE,NA,NA,NA,NA,NA,NA,NA,NA,NA,NA,NA,NA
17182,NA,2026,DE,43,44,43,2,FALSE,NA,NA,NA,NA,NA,NA,NA,NA,NA,NA,NA,NA
14925,NA,2026,DE,44.5,45.5,44.5,2,FALSE,NA,NA,NA,NA,NA,NA,NA,NA,NA,NA,NA,NA
16653,NA,2026,DE,44.5,45.5,44.5,2,FALSE,NA,NA,NA,NA,NA,NA,NA,NA,NA,NA,NA,NA
11721,NA,2026,DE,46,47,46,2,FALSE,NA,NA,NA,NA,NA,NA,NA,NA,NA,NA,NA,NA
15397,NA,2026,DE,47.5,48.5,47.5,2,FALSE,NA,NA,NA,NA,NA,NA,NA,NA,NA,NA,NA,NA
17118,NA,2026,DE,47.5,48.5,47.5,2,FALSE,NA,NA,NA,NA,NA,NA,NA,NA,NA,NA,NA,NA
17160,NA,2026,DE,49,50,49,2,FALSE,NA,NA,NA,NA,NA,NA,NA,NA,NA,NA,NA,NA
14877,NA,2026,DE,50,52,50,2,FALSE,NA,NA,NA,NA,NA,NA,NA,NA,NA,NA,NA,NA
13759,NA,2026,DE,90,51,51,1,FALSE,NA,NA,NA,NA,NA,NA,NA,NA,NA,NA,NA,NA
17112,NA,2026,DE,51,53,51,2,FALSE,NA,NA,NA,NA,NA,NA,NA,NA,NA,NA,NA,NA
17580,NA,2026,DE,52,54,52,2,FALSE,NA,NA,NA,NA,NA,NA,NA,NA,NA,NA,NA,NA
16777,NA,2026,DE,53,55,53,2,FALSE,NA,NA,NA,NA,NA,NA,NA,NA,NA,NA,NA,NA
16228,NA,2026,DE,54,56,54,2,FALSE,NA,NA,NA,NA,NA,NA,NA,NA,NA,NA,NA,NA
14148,NA,2026,DE,55,58,55,2,FALSE,NA,NA,NA,NA,NA,NA,NA,NA,NA,NA,NA,NA
16276,NA,2026,DE,56,59,56,2,FALSE,NA,NA,NA,NA,NA,NA,NA,NA,NA,NA,NA,NA
16455,NA,2026,DE,57,60,57,2,FALSE,NA,NA,NA,NA,NA,NA,NA,NA,NA,NA,NA,NA
17114,NA,2026,DE,99,57,57,1,FALSE,NA,NA,NA,NA,NA,NA,NA,NA,NA,NA,NA,NA
11769,NA,2026,DE,58.5,61.5,58.5,2,FALSE,NA,NA,NA,NA,NA,NA,NA,NA,NA,NA,NA,NA
17583,NA,2026,DE,58.5,61.5,58.5,2,FALSE,NA,NA,NA,NA,NA,NA,NA,NA,NA,NA,NA,NA
15395,NA,2026,DE,60.5,63,60.5,2,FALSE,NA,NA,NA,NA,NA,NA,NA,NA,NA,NA,NA,NA
12221,NA,2026,DE,62,64,62,2,FALSE,NA,NA,NA,NA,NA,NA,NA,NA,NA,NA,NA,NA
15565,NA,2026,DE,63,65,63,2,FALSE,NA,NA,NA,NA,NA,NA,NA,NA,NA,NA,NA,NA
16278,NA,2026,DE,64,66,64,2,FALSE,NA,NA,NA,NA,NA,NA,NA,NA,NA,NA,NA,NA
14888,NA,2026,DE,65,67,65,2,FALSE,NA,NA,NA,NA,NA,NA,NA,NA,NA,NA,NA,NA
16252,NA,2026,DE,66,68,66,2,FALSE,NA,NA,NA,NA,NA,NA,NA,NA,NA,NA,NA,NA
14149,NA,2026,DE,67.5,69.5,67.5,2,FALSE,NA,NA,NA,NA,NA,NA,NA,NA,NA,NA,NA,NA
17150,NA,2026,DE,67.5,69.5,67.5,2,FALSE,NA,NA,NA,NA,NA,NA,NA,NA,NA,NA,NA,NA
13294,NA,2026,DE,69.5,71.5,69.5,2,FALSE,NA,NA,NA,NA,NA,NA,NA,NA,NA,NA,NA,NA
16262,NA,2026,DE,69.5,71.5,69.5,2,FALSE,NA,NA,NA,NA,NA,NA,NA,NA,NA,NA,NA,NA
14171,NA,2026,DE,71,73,71,2,FALSE,NA,NA,NA,NA,NA,NA,NA,NA,NA,NA,NA,NA
16235,NA,2026,DE,72,74,72,2,FALSE,NA,NA,NA,NA,NA,NA,NA,NA,NA,NA,NA,NA
16300,NA,2026,DE,73,75,73,2,FALSE,NA,NA,NA,NA,NA,NA,NA,NA,NA,NA,NA,NA
16734,NA,2026,DE,74,76,74,2,FALSE,NA,NA,NA,NA,NA,NA,NA,NA,NA,NA,NA,NA
13284,NA,2026,DE,75,77,75,2,FALSE,NA,NA,NA,NA,NA,NA,NA,NA,NA,NA,NA,NA
17120,NA,2026,DE,76,78,76,2,FALSE,NA,NA,NA,NA,NA,NA,NA,NA,NA,NA,NA,NA
16654,NA,2026,DE,78,80,78,2,FALSE,NA,NA,NA,NA,NA,NA,NA,NA,NA,NA,NA,NA
17778,NA,2026,DE,78,80,78,2,FALSE,NA,NA,NA,NA,NA,NA,NA,NA,NA,NA,NA,NA
16749,NA,2026,DE,78,80,78,2,FALSE,NA,NA,NA,NA,NA,NA,NA,NA,NA,NA,NA,NA
17568,NA,2026,DE,80,82,80,2,FALSE,NA,NA,NA,NA,NA,NA,NA,NA,NA,NA,NA,NA
15386,NA,2026,DE,81,83,81,2,FALSE,NA,NA,NA,NA,NA,NA,NA,NA,NA,NA,NA,NA
17180,NA,2026,DE,82,84,82,2,FALSE,NA,NA,NA,NA,NA,NA,NA,NA,NA,NA,NA,NA
13690,NA,2026,DE,83,85,83,2,FALSE,NA,NA,NA,NA,NA,NA,NA,NA,NA,NA,NA,NA
13802,NA,2026,DE,84,86,84,2,FALSE,NA,NA,NA,NA,NA,NA,NA,NA,NA,NA,NA,NA
14962,NA,2026,DE,87,89,87,2,FALSE,NA,NA,NA,NA,NA,NA,NA,NA,NA,NA,NA,NA
16058,NA,2026,DE,87,89,87,2,FALSE,NA,NA,NA,NA,NA,NA,NA,NA,NA,NA,NA,NA
13330,NA,2026,DE,87,89,87,2,FALSE,NA,NA,NA,NA,NA,NA,NA,NA,NA,NA,NA,NA
17630,NA,2026,DE,87,89,87,2,FALSE,NA,NA,NA,NA,NA,NA,NA,NA,NA,NA,NA,NA
17116,NA,2026,DE,87,89,87,2,FALSE,NA,NA,NA,NA,NA,NA,NA,NA,NA,NA,NA,NA
15861,NA,2026,DE,93,94,93,2,FALSE,NA,NA,NA,NA,NA,NA,NA,NA,NA,NA,NA,NA
16485,NA,2026,DE,93,94,93,2,FALSE,NA,NA,NA,NA,NA,NA,NA,NA,NA,NA,NA,NA
15809,NA,2026,DE,93,94,93,2,FALSE,NA,NA,NA,NA,NA,NA,NA,NA,NA,NA,NA,NA
14880,NA,2026,DE,93,94,93,2,FALSE,NA,NA,NA,NA,NA,NA,NA,NA,NA,NA,NA,NA
15806,NA,2026,DE,93,94,93,2,FALSE,NA,NA,NA,NA,NA,NA,NA,NA,NA,NA,NA,NA
12234,NA,2026,DE,97,98,97,2,FALSE,NA,NA,NA,NA,NA,NA,NA,NA,NA,NA,NA,NA
17149,NA,2026,DE,97,98,97,2,FALSE,NA,NA,NA,NA,NA,NA,NA,NA,NA,NA,NA,NA
15857,NA,2026,DE,97,98,97,2,FALSE,NA,NA,NA,NA,NA,NA,NA,NA,NA,NA,NA,NA
11723,NA,2026,DE,100,100.5,100,2,FALSE,NA,NA,NA,NA,NA,NA,NA,NA,NA,NA,NA,NA
16652,NA,2026,DE,123,100.5,100.5,1,FALSE,NA,NA,NA,NA,NA,NA,NA,NA,NA,NA,NA,NA
17619,NA,2026,DE,101,102,101,2,FALSE,NA,NA,NA,NA,NA,NA,NA,NA,NA,NA,NA,NA
16894,NA,2026,DE,102,103,102,2,FALSE,NA,NA,NA,NA,NA,NA,NA,NA,NA,NA,NA,NA
15851,NA,2026,DE,103.5,104.5,103.5,2,FALSE,NA,NA,NA,NA,NA,NA,NA,NA,NA,NA,NA,NA
17397,NA,2026,DE,103.5,104.5,103.5,2,FALSE,NA,NA,NA,NA,NA,NA,NA,NA,NA,NA,NA,NA
16532,NA,2026,DE,105,106,105,2,FALSE,NA,NA,NA,NA,NA,NA,NA,NA,NA,NA,NA,NA
17777,NA,2026,DE,106,107,106,2,FALSE,NA,NA,NA,NA,NA,NA,NA,NA,NA,NA,NA,NA
13201,NA,2026,DE,109.5,111.5,109.5,2,FALSE,NA,NA,NA,NA,NA,NA,NA,NA,NA,NA,NA,NA
14879,NA,2026,DE,109.5,111.5,109.5,2,FALSE,NA,NA,NA,NA,NA,NA,NA,NA,NA,NA,NA,NA
17155,NA,2026,DE,109.5,111.5,109.5,2,FALSE,NA,NA,NA,NA,NA,NA,NA,NA,NA,NA,NA,NA
14894,NA,2026,DE,109.5,111.5,109.5,2,FALSE,NA,NA,NA,NA,NA,NA,NA,NA,NA,NA,NA,NA
14254,NA,2026,DE,109.5,111.5,109.5,2,FALSE,NA,NA,NA,NA,NA,NA,NA,NA,NA,NA,NA,NA
17554,NA,2026,DE,109.5,111.5,109.5,2,FALSE,NA,NA,NA,NA,NA,NA,NA,NA,NA,NA,NA,NA
10292,NA,2026,DE,131,111.5,111.5,1,FALSE,NA,NA,NA,NA,NA,NA,NA,NA,NA,NA,NA,NA
16516,NA,2026,DE,131,111.5,111.5,1,FALSE,NA,NA,NA,NA,NA,NA,NA,NA,NA,NA,NA,NA
17674,NA,2026,DE,115.5,118.5,115.5,2,FALSE,NA,NA,NA,NA,NA,NA,NA,NA,NA,NA,NA,NA
14151,NA,2026,DE,115.5,118.5,115.5,2,FALSE,NA,NA,NA,NA,NA,NA,NA,NA,NA,NA,NA,NA
17350,NA,2026,DE,115.5,118.5,115.5,2,FALSE,NA,NA,NA,NA,NA,NA,NA,NA,NA,NA,NA,NA
16780,NA,2026,DE,115.5,118.5,115.5,2,FALSE,NA,NA,NA,NA,NA,NA,NA,NA,NA,NA,NA,NA
14154,NA,2026,DE,115.5,118.5,115.5,2,FALSE,NA,NA,NA,NA,NA,NA,NA,NA,NA,NA,NA,NA
17588,NA,2026,DE,115.5,118.5,115.5,2,FALSE,NA,NA,NA,NA,NA,NA,NA,NA,NA,NA,NA,NA
16376,NA,2026,DE,119,122,119,2,FALSE,NA,NA,NA,NA,NA,NA,NA,NA,NA,NA,NA,NA
16305,NA,2026,DE,123,127,123,2,FALSE,NA,NA,NA,NA,NA,NA,NA,NA,NA,NA,NA,NA
17550,NA,2026,DE,123,127,123,2,FALSE,NA,NA,NA,NA,NA,NA,NA,NA,NA,NA,NA,NA
16322,NA,2026,DE,123,127,123,2,FALSE,NA,NA,NA,NA,NA,NA,NA,NA,NA,NA,NA,NA
15356,NA,2026,DE,123,127,123,2,FALSE,NA,NA,NA,NA,NA,NA,NA,NA,NA,NA,NA,NA
17287,NA,2026,DE,123,127,123,2,FALSE,NA,NA,NA,NA,NA,NA,NA,NA,NA,NA,NA,NA
15481,NA,2026,DE,123,127,123,2,FALSE,NA,NA,NA,NA,NA,NA,NA,NA,NA,NA,NA,NA
15928,NA,2026,DE,139,127,127,1,FALSE,NA,NA,NA,NA,NA,NA,NA,NA,NA,NA,NA,NA
17117,NA,2026,DE,127,132,127,2,FALSE,NA,NA,NA,NA,NA,NA,NA,NA,NA,NA,NA,NA
17412,NA,2026,DE,139,127,127,1,FALSE,NA,NA,NA,NA,NA,NA,NA,NA,NA,NA,NA,NA
16655,NA,2026,DE,139,127,127,1,FALSE,NA,NA,NA,NA,NA,NA,NA,NA,NA,NA,NA,NA
17553,NA,2026,DE,131,135.5,131,2,FALSE,NA,NA,NA,NA,NA,NA,NA,NA,NA,NA,NA,NA
17695,NA,2026,DE,131,135.5,131,2,FALSE,NA,NA,NA,NA,NA,NA,NA,NA,NA,NA,NA,NA
16529,NA,2026,DE,131,135.5,131,2,FALSE,NA,NA,NA,NA,NA,NA,NA,NA,NA,NA,NA,NA
13685,NA,2026,DE,131,135.5,131,2,FALSE,NA,NA,NA,NA,NA,NA,NA,NA,NA,NA,NA,NA
15413,NA,2026,DE,131,135.5,131,2,FALSE,NA,NA,NA,NA,NA,NA,NA,NA,NA,NA,NA,NA
17552,NA,2026,DE,135,139,135,2,FALSE,NA,NA,NA,NA,NA,NA,NA,NA,NA,NA,NA,NA
14978,NA,2026,DE,144,135.5,135.5,1,FALSE,NA,NA,NA,NA,NA,NA,NA,NA,NA,NA,NA,NA
15943,NA,2026,DE,139,141.5,139,2,FALSE,NA,NA,NA,NA,NA,NA,NA,NA,NA,NA,NA,NA
17016,NA,2026,DE,139,141.5,139,2,FALSE,NA,NA,NA,NA,NA,NA,NA,NA,NA,NA,NA,NA
16869,NA,2026,DE,139,141.5,139,2,FALSE,NA,NA,NA,NA,NA,NA,NA,NA,NA,NA,NA,NA
15907,NA,2026,DE,139,141.5,139,2,FALSE,NA,NA,NA,NA,NA,NA,NA,NA,NA,NA,NA,NA
17597,NA,2026,DE,144,144.5,144,2,FALSE,NA,NA,NA,NA,NA,NA,NA,NA,NA,NA,NA,NA
16302,NA,2026,DE,144,144.5,144,2,FALSE,NA,NA,NA,NA,NA,NA,NA,NA,NA,NA,NA,NA
17355,NA,2026,DE,146.5,146.5,146.5,2,FALSE,NA,NA,NA,NA,NA,NA,NA,NA,NA,NA,NA,NA
10267,NA,2026,DE,146.5,146.5,146.5,2,FALSE,NA,NA,NA,NA,NA,NA,NA,NA,NA,NA,NA,NA
15878,NA,2026,DE,151.5,151.5,151.5,2,FALSE,NA,NA,NA,NA,NA,NA,NA,NA,NA,NA,NA,NA
12217,NA,2026,DE,151.5,151.5,151.5,2,FALSE,NA,NA,NA,NA,NA,NA,NA,NA,NA,NA,NA,NA
13198,NA,2026,DE,151.5,151.5,151.5,1,FALSE,NA,NA,NA,NA,NA,NA,NA,NA,NA,NA,NA,NA
17351,NA,2026,DE,151.5,151.5,151.5,1,FALSE,NA,NA,NA,NA,NA,NA,NA,NA,NA,NA,NA,NA
17633,NA,2026,DE,151.5,151.5,151.5,2,FALSE,NA,NA,NA,NA,NA,NA,NA,NA,NA,NA,NA,NA
17688,NA,2026,DE,151.5,151.5,151.5,1,FALSE,NA,NA,NA,NA,NA,NA,NA,NA,NA,NA,NA,NA
17225,NA,2026,DE,151.5,151.5,151.5,1,FALSE,NA,NA,NA,NA,NA,NA,NA,NA,NA,NA,NA,NA
17587,NA,2026,DE,151.5,151.5,151.5,2,FALSE,NA,NA,NA,NA,NA,NA,NA,NA,NA,NA,NA,NA
16226,NA,2026,DE,156,156,156,2,FALSE,NA,NA,NA,NA,NA,NA,NA,NA,NA,NA,NA,NA
17768,NA,2026,DE,157,157,157,2,FALSE,NA,NA,NA,NA,NA,NA,NA,NA,NA,NA,NA,NA
14158,NA,2026,DT,9,1,1,1,FALSE,NA,NA,NA,NA,NA,NA,NA,NA,NA,NA,NA,NA
17174,NA,2026,DT,1,2,1,2,FALSE,NA,NA,NA,NA,NA,NA,NA,NA,NA,NA,NA,NA
14153,NA,2026,DT,2,3,2,2,FALSE,NA,NA,NA,NA,NA,NA,NA,NA,NA,NA,NA,NA
12225,NA,2026,DT,3,4,3,2,FALSE,NA,NA,NA,NA,NA,NA,NA,NA,NA,NA,NA,NA
17121,NA,2026,DT,4,5,4,2,FALSE,NA,NA,NA,NA,NA,NA,NA,NA,NA,NA,NA,NA
17158,NA,2026,DT,5,6,5,2,FALSE,NA,NA,NA,NA,NA,NA,NA,NA,NA,NA,NA,NA
10266,NA,2026,DT,6,7,6,2,FALSE,NA,NA,NA,NA,NA,NA,NA,NA,NA,NA,NA,NA
12697,NA,2026,DT,7,8,7,2,FALSE,NA,NA,NA,NA,NA,NA,NA,NA,NA,NA,NA,NA
14163,NA,2026,DT,8,9,8,2,FALSE,NA,NA,NA,NA,NA,NA,NA,NA,NA,NA,NA,NA
12688,NA,2026,DT,10,10,10,2,FALSE,NA,NA,NA,NA,NA,NA,NA,NA,NA,NA,NA,NA
16927,NA,2026,DT,11,11,11,2,FALSE,NA,NA,NA,NA,NA,NA,NA,NA,NA,NA,NA,NA
14157,NA,2026,DT,12,12,12,2,FALSE,NA,NA,NA,NA,NA,NA,NA,NA,NA,NA,NA,NA
16233,NA,2026,DT,13,13,13,2,FALSE,NA,NA,NA,NA,NA,NA,NA,NA,NA,NA,NA,NA
16344,NA,2026,DT,14.5,14.5,14.5,2,FALSE,NA,NA,NA,NA,NA,NA,NA,NA,NA,NA,NA,NA
16282,NA,2026,DT,14.5,14.5,14.5,2,FALSE,NA,NA,NA,NA,NA,NA,NA,NA,NA,NA,NA,NA
13208,NA,2026,DT,16,16,16,2,FALSE,NA,NA,NA,NA,NA,NA,NA,NA,NA,NA,NA,NA
15817,NA,2026,DT,17.5,17.5,17.5,2,FALSE,NA,NA,NA,NA,NA,NA,NA,NA,NA,NA,NA,NA
15089,NA,2026,DT,17.5,17.5,17.5,2,FALSE,NA,NA,NA,NA,NA,NA,NA,NA,NA,NA,NA,NA
15863,NA,2026,DT,19,19,19,2,FALSE,NA,NA,NA,NA,NA,NA,NA,NA,NA,NA,NA,NA
12735,NA,2026,DT,20,20,20,2,FALSE,NA,NA,NA,NA,NA,NA,NA,NA,NA,NA,NA,NA
16786,NA,2026,DT,21.5,21.5,21.5,2,FALSE,NA,NA,NA,NA,NA,NA,NA,NA,NA,NA,NA,NA
17190,NA,2026,DT,21.5,21.5,21.5,2,FALSE,NA,NA,NA,NA,NA,NA,NA,NA,NA,NA,NA,NA
17165,NA,2026,DT,23.5,23.5,23.5,2,FALSE,NA,NA,NA,NA,NA,NA,NA,NA,NA,NA,NA,NA
13798,NA,2026,DT,23.5,23.5,23.5,2,FALSE,NA,NA,NA,NA,NA,NA,NA,NA,NA,NA,NA,NA
12741,NA,2026,DT,25,25,25,2,FALSE,NA,NA,NA,NA,NA,NA,NA,NA,NA,NA,NA,NA
17570,NA,2026,DT,26,26,26,2,FALSE,NA,NA,NA,NA,NA,NA,NA,NA,NA,NA,NA,NA
13317,NA,2026,DT,27.5,27.5,27.5,2,FALSE,NA,NA,NA,NA,NA,NA,NA,NA,NA,NA,NA,NA
15393,NA,2026,DT,27.5,27.5,27.5,2,FALSE,NA,NA,NA,NA,NA,NA,NA,NA,NA,NA,NA,NA
13744,NA,2026,DT,29,29,29,2,FALSE,NA,NA,NA,NA,NA,NA,NA,NA,NA,NA,NA,NA
15461,NA,2026,DT,31,31,31,2,FALSE,NA,NA,NA,NA,NA,NA,NA,NA,NA,NA,NA,NA
16369,NA,2026,DT,31,31,31,2,FALSE,NA,NA,NA,NA,NA,NA,NA,NA,NA,NA,NA,NA
17146,NA,2026,DT,31,31,31,2,FALSE,NA,NA,NA,NA,NA,NA,NA,NA,NA,NA,NA,NA
17137,NA,2026,DT,33,33,33,2,FALSE,NA,NA,NA,NA,NA,NA,NA,NA,NA,NA,NA,NA
14951,NA,2026,DT,34.5,34.5,34.5,2,FALSE,NA,NA,NA,NA,NA,NA,NA,NA,NA,NA,NA,NA
13839,NA,2026,DT,34.5,34.5,34.5,2,FALSE,NA,NA,NA,NA,NA,NA,NA,NA,NA,NA,NA,NA
14899,NA,2026,DT,36,36,36,2,FALSE,NA,NA,NA,NA,NA,NA,NA,NA,NA,NA,NA,NA
15357,NA,2026,DT,37,37,37,2,FALSE,NA,NA,NA,NA,NA,NA,NA,NA,NA,NA,NA,NA
14161,NA,2026,DT,38,38,38,2,FALSE,NA,NA,NA,NA,NA,NA,NA,NA,NA,NA,NA,NA
17195,NA,2026,DT,39,39,39,2,FALSE,NA,NA,NA,NA,NA,NA,NA,NA,NA,NA,NA,NA
15892,NA,2026,DT,40,40,40,2,FALSE,NA,NA,NA,NA,NA,NA,NA,NA,NA,NA,NA,NA
17769,NA,2026,DT,41,41,41,2,FALSE,NA,NA,NA,NA,NA,NA,NA,NA,NA,NA,NA,NA
13260,NA,2026,DT,42,42,42,2,FALSE,NA,NA,NA,NA,NA,NA,NA,NA,NA,NA,NA,NA
15942,NA,2026,DT,43,43,43,2,FALSE,NA,NA,NA,NA,NA,NA,NA,NA,NA,NA,NA,NA
16513,NA,2026,DT,44,44,44,2,FALSE,NA,NA,NA,NA,NA,NA,NA,NA,NA,NA,NA,NA
13769,NA,2026,DT,45,45,45,2,FALSE,NA,NA,NA,NA,NA,NA,NA,NA,NA,NA,NA,NA
14930,NA,2026,DT,46.5,46.5,46.5,2,FALSE,NA,NA,NA,NA,NA,NA,NA,NA,NA,NA,NA,NA
17555,NA,2026,DT,46.5,46.5,46.5,2,FALSE,NA,NA,NA,NA,NA,NA,NA,NA,NA,NA,NA,NA
16265,NA,2026,DT,48,48,48,2,FALSE,NA,NA,NA,NA,NA,NA,NA,NA,NA,NA,NA,NA
16767,NA,2026,DT,50.5,50.5,50.5,2,FALSE,NA,NA,NA,NA,NA,NA,NA,NA,NA,NA,NA,NA
16657,NA,2026,DT,50.5,50.5,50.5,2,FALSE,NA,NA,NA,NA,NA,NA,NA,NA,NA,NA,NA,NA
16663,NA,2026,DT,50.5,50.5,50.5,2,FALSE,NA,NA,NA,NA,NA,NA,NA,NA,NA,NA,NA,NA
15358,NA,2026,DT,50.5,50.5,50.5,2,FALSE,NA,NA,NA,NA,NA,NA,NA,NA,NA,NA,NA,NA
15898,NA,2026,DT,53,53,53,2,FALSE,NA,NA,NA,NA,NA,NA,NA,NA,NA,NA,NA,NA
15390,NA,2026,DT,54,54,54,2,FALSE,NA,NA,NA,NA,NA,NA,NA,NA,NA,NA,NA,NA
16689,NA,2026,DT,57,57,57,2,FALSE,NA,NA,NA,NA,NA,NA,NA,NA,NA,NA,NA,NA
17603,NA,2026,DT,57,57,57,2,FALSE,NA,NA,NA,NA,NA,NA,NA,NA,NA,NA,NA,NA
16660,NA,2026,DT,57,57,57,2,FALSE,NA,NA,NA,NA,NA,NA,NA,NA,NA,NA,NA,NA
15446,NA,2026,DT,57,57,57,2,FALSE,NA,NA,NA,NA,NA,NA,NA,NA,NA,NA,NA,NA
15173,NA,2026,DT,57,57,57,2,FALSE,NA,NA,NA,NA,NA,NA,NA,NA,NA,NA,NA,NA
17196,NA,2026,DT,61,61,61,2,FALSE,NA,NA,NA,NA,NA,NA,NA,NA,NA,NA,NA,NA
14971,NA,2026,DT,61,61,61,2,FALSE,NA,NA,NA,NA,NA,NA,NA,NA,NA,NA,NA,NA
15819,NA,2026,DT,61,61,61,2,FALSE,NA,NA,NA,NA,NA,NA,NA,NA,NA,NA,NA,NA
13770,NA,2026,DT,64,64,64,2,FALSE,NA,NA,NA,NA,NA,NA,NA,NA,NA,NA,NA,NA
17193,NA,2026,DT,64,64,64,2,FALSE,NA,NA,NA,NA,NA,NA,NA,NA,NA,NA,NA,NA
12305,NA,2026,DT,64,64,64,2,FALSE,NA,NA,NA,NA,NA,NA,NA,NA,NA,NA,NA,NA
12802,NA,2026,DT,66.5,66.5,66.5,2,FALSE,NA,NA,NA,NA,NA,NA,NA,NA,NA,NA,NA,NA
17177,NA,2026,DT,66.5,66.5,66.5,2,FALSE,NA,NA,NA,NA,NA,NA,NA,NA,NA,NA,NA,NA
16662,NA,2026,DT,68.5,68.5,68.5,2,FALSE,NA,NA,NA,NA,NA,NA,NA,NA,NA,NA,NA,NA
13298,NA,2026,DT,68.5,68.5,68.5,2,FALSE,NA,NA,NA,NA,NA,NA,NA,NA,NA,NA,NA,NA
17261,NA,2026,DT,71,71.5,71,2,FALSE,NA,NA,NA,NA,NA,NA,NA,NA,NA,NA,NA,NA
14897,NA,2026,DT,71,71.5,71,2,FALSE,NA,NA,NA,NA,NA,NA,NA,NA,NA,NA,NA,NA
12739,NA,2026,DT,71,71.5,71,2,FALSE,NA,NA,NA,NA,NA,NA,NA,NA,NA,NA,NA,NA
11757,NA,2026,DT,105,71.5,71.5,1,FALSE,NA,NA,NA,NA,NA,NA,NA,NA,NA,NA,NA,NA
16713,NA,2026,DT,73,74,73,2,FALSE,NA,NA,NA,NA,NA,NA,NA,NA,NA,NA,NA,NA
17579,NA,2026,DT,75.5,76.5,75.5,2,FALSE,NA,NA,NA,NA,NA,NA,NA,NA,NA,NA,NA,NA
16264,NA,2026,DT,75.5,76.5,75.5,2,FALSE,NA,NA,NA,NA,NA,NA,NA,NA,NA,NA,NA,NA
17672,NA,2026,DT,75.5,76.5,75.5,2,FALSE,NA,NA,NA,NA,NA,NA,NA,NA,NA,NA,NA,NA
13694,NA,2026,DT,75.5,76.5,75.5,2,FALSE,NA,NA,NA,NA,NA,NA,NA,NA,NA,NA,NA,NA
17773,NA,2026,DT,78.5,79.5,78.5,2,FALSE,NA,NA,NA,NA,NA,NA,NA,NA,NA,NA,NA,NA
15877,NA,2026,DT,78.5,79.5,78.5,2,FALSE,NA,NA,NA,NA,NA,NA,NA,NA,NA,NA,NA,NA
12698,NA,2026,DT,80,81,80,2,FALSE,NA,NA,NA,NA,NA,NA,NA,NA,NA,NA,NA,NA
16794,NA,2026,DT,81,82,81,2,FALSE,NA,NA,NA,NA,NA,NA,NA,NA,NA,NA,NA,NA
14159,NA,2026,DT,82,83,82,2,FALSE,NA,NA,NA,NA,NA,NA,NA,NA,NA,NA,NA,NA
12218,NA,2026,DT,84,85,84,2,FALSE,NA,NA,NA,NA,NA,NA,NA,NA,NA,NA,NA,NA
17613,NA,2026,DT,84,85,84,2,FALSE,NA,NA,NA,NA,NA,NA,NA,NA,NA,NA,NA,NA
13810,NA,2026,DT,84,85,84,2,FALSE,NA,NA,NA,NA,NA,NA,NA,NA,NA,NA,NA,NA
15812,NA,2026,DT,86,87,86,2,FALSE,NA,NA,NA,NA,NA,NA,NA,NA,NA,NA,NA,NA
15391,NA,2026,DT,87,89,87,2,FALSE,NA,NA,NA,NA,NA,NA,NA,NA,NA,NA,NA,NA
15412,NA,2026,DT,115,88,88,1,FALSE,NA,NA,NA,NA,NA,NA,NA,NA,NA,NA,NA,NA
13693,NA,2026,DT,88,90,88,2,FALSE,NA,NA,NA,NA,NA,NA,NA,NA,NA,NA,NA,NA
13723,NA,2026,DT,89.5,91.5,89.5,2,FALSE,NA,NA,NA,NA,NA,NA,NA,NA,NA,NA,NA,NA
16697,NA,2026,DT,89.5,91.5,89.5,2,FALSE,NA,NA,NA,NA,NA,NA,NA,NA,NA,NA,NA,NA
12758,NA,2026,DT,91,93,91,2,FALSE,NA,NA,NA,NA,NA,NA,NA,NA,NA,NA,NA,NA
16693,NA,2026,DT,92.5,95.5,92.5,2,FALSE,NA,NA,NA,NA,NA,NA,NA,NA,NA,NA,NA,NA
17767,NA,2026,DT,92.5,95.5,92.5,2,FALSE,NA,NA,NA,NA,NA,NA,NA,NA,NA,NA,NA,NA
14237,NA,2026,DT,95,99,95,2,FALSE,NA,NA,NA,NA,NA,NA,NA,NA,NA,NA,NA,NA
17330,NA,2026,DT,95,99,95,2,FALSE,NA,NA,NA,NA,NA,NA,NA,NA,NA,NA,NA,NA
16294,NA,2026,DT,95,99,95,2,FALSE,NA,NA,NA,NA,NA,NA,NA,NA,NA,NA,NA,NA
12764,NA,2026,DT,119.5,95.5,95.5,1,FALSE,NA,NA,NA,NA,NA,NA,NA,NA,NA,NA,NA,NA
17194,NA,2026,DT,119.5,95.5,95.5,1,FALSE,NA,NA,NA,NA,NA,NA,NA,NA,NA,NA,NA,NA
17191,NA,2026,DT,97,101,97,2,FALSE,NA,NA,NA,NA,NA,NA,NA,NA,NA,NA,NA,NA
16291,NA,2026,DT,98.5,102.5,98.5,2,FALSE,NA,NA,NA,NA,NA,NA,NA,NA,NA,NA,NA,NA
16520,NA,2026,DT,98.5,102.5,98.5,2,FALSE,NA,NA,NA,NA,NA,NA,NA,NA,NA,NA,NA,NA
16694,NA,2026,DT,101,105.5,101,2,FALSE,NA,NA,NA,NA,NA,NA,NA,NA,NA,NA,NA,NA
14901,NA,2026,DT,101,105.5,101,2,FALSE,NA,NA,NA,NA,NA,NA,NA,NA,NA,NA,NA,NA
17224,NA,2026,DT,101,105.5,101,2,FALSE,NA,NA,NA,NA,NA,NA,NA,NA,NA,NA,NA,NA
16324,NA,2026,DT,105,109.5,105,2,FALSE,NA,NA,NA,NA,NA,NA,NA,NA,NA,NA,NA,NA
9051,NA,2026,DT,105,109.5,105,2,FALSE,NA,NA,NA,NA,NA,NA,NA,NA,NA,NA,NA,NA
14934,NA,2026,DT,105,109.5,105,2,FALSE,NA,NA,NA,NA,NA,NA,NA,NA,NA,NA,NA,NA
17136,NA,2026,DT,105,109.5,105,2,FALSE,NA,NA,NA,NA,NA,NA,NA,NA,NA,NA,NA,NA
16227,NA,2026,DT,126.5,105.5,105.5,1,FALSE,NA,NA,NA,NA,NA,NA,NA,NA,NA,NA,NA,NA
14155,NA,2026,DT,110,114,110,2,FALSE,NA,NA,NA,NA,NA,NA,NA,NA,NA,NA,NA,NA
13933,NA,2026,DT,110,114,110,2,FALSE,NA,NA,NA,NA,NA,NA,NA,NA,NA,NA,NA,NA
17611,NA,2026,DT,110,114,110,2,FALSE,NA,NA,NA,NA,NA,NA,NA,NA,NA,NA,NA,NA
16787,NA,2026,DT,110,114,110,2,FALSE,NA,NA,NA,NA,NA,NA,NA,NA,NA,NA,NA,NA
13199,NA,2026,DT,110,114,110,2,FALSE,NA,NA,NA,NA,NA,NA,NA,NA,NA,NA,NA,NA
12219,NA,2026,DT,113,117,113,2,FALSE,NA,NA,NA,NA,NA,NA,NA,NA,NA,NA,NA,NA
13927,NA,2026,DT,115,118.5,115,2,FALSE,NA,NA,NA,NA,NA,NA,NA,NA,NA,NA,NA,NA
13692,NA,2026,DT,115,118.5,115,2,FALSE,NA,NA,NA,NA,NA,NA,NA,NA,NA,NA,NA,NA
12754,NA,2026,DT,117.5,120.5,117.5,2,FALSE,NA,NA,NA,NA,NA,NA,NA,NA,NA,NA,NA,NA
13332,NA,2026,DT,117.5,120.5,117.5,2,FALSE,NA,NA,NA,NA,NA,NA,NA,NA,NA,NA,NA,NA
13448,NA,2026,DT,122.5,125.5,122.5,2,FALSE,NA,NA,NA,NA,NA,NA,NA,NA,NA,NA,NA,NA
17765,NA,2026,DT,138.5,122.5,122.5,1,FALSE,NA,NA,NA,NA,NA,NA,NA,NA,NA,NA,NA,NA
11793,NA,2026,DT,138.5,122.5,122.5,1,FALSE,NA,NA,NA,NA,NA,NA,NA,NA,NA,NA,NA,NA
12361,NA,2026,DT,122.5,125.5,122.5,2,FALSE,NA,NA,NA,NA,NA,NA,NA,NA,NA,NA,NA,NA
17389,NA,2026,DT,122.5,125.5,122.5,2,FALSE,NA,NA,NA,NA,NA,NA,NA,NA,NA,NA,NA,NA
17602,NA,2026,DT,122.5,125.5,122.5,2,FALSE,NA,NA,NA,NA,NA,NA,NA,NA,NA,NA,NA,NA
17632,NA,2026,DT,126.5,129,126.5,2,FALSE,NA,NA,NA,NA,NA,NA,NA,NA,NA,NA,NA,NA
11286,NA,2026,DT,126.5,129,126.5,2,FALSE,NA,NA,NA,NA,NA,NA,NA,NA,NA,NA,NA,NA
16254,NA,2026,DT,126.5,129,126.5,2,FALSE,NA,NA,NA,NA,NA,NA,NA,NA,NA,NA,NA,NA
15492,NA,2026,DT,129,131,129,2,FALSE,NA,NA,NA,NA,NA,NA,NA,NA,NA,NA,NA,NA
17199,NA,2026,DT,133,135,133,2,FALSE,NA,NA,NA,NA,NA,NA,NA,NA,NA,NA,NA,NA
16797,NA,2026,DT,133,135,133,2,FALSE,NA,NA,NA,NA,NA,NA,NA,NA,NA,NA,NA,NA
12782,NA,2026,DT,133,135,133,2,FALSE,NA,NA,NA,NA,NA,NA,NA,NA,NA,NA,NA,NA
16691,NA,2026,DT,133,135,133,2,FALSE,NA,NA,NA,NA,NA,NA,NA,NA,NA,NA,NA,NA
17236,NA,2026,DT,133,135,133,2,FALSE,NA,NA,NA,NA,NA,NA,NA,NA,NA,NA,NA,NA
14675,NA,2026,DT,133,135,133,2,FALSE,NA,NA,NA,NA,NA,NA,NA,NA,NA,NA,NA,NA
16273,NA,2026,DT,133,135,133,2,FALSE,NA,NA,NA,NA,NA,NA,NA,NA,NA,NA,NA,NA
11872,NA,2026,DT,138.5,139.5,138.5,2,FALSE,NA,NA,NA,NA,NA,NA,NA,NA,NA,NA,NA,NA
17666,NA,2026,DT,138.5,139.5,138.5,2,FALSE,NA,NA,NA,NA,NA,NA,NA,NA,NA,NA,NA,NA
17154,NA,2026,DT,146.5,146.5,146.5,1,FALSE,NA,NA,NA,NA,NA,NA,NA,NA,NA,NA,NA,NA
16770,NA,2026,DT,146.5,146.5,146.5,1,FALSE,NA,NA,NA,NA,NA,NA,NA,NA,NA,NA,NA,NA
16771,NA,2026,DT,146.5,146.5,146.5,1,FALSE,NA,NA,NA,NA,NA,NA,NA,NA,NA,NA,NA,NA
16661,NA,2026,DT,146.5,146.5,146.5,2,FALSE,NA,NA,NA,NA,NA,NA,NA,NA,NA,NA,NA,NA
13683,NA,2026,DT,146.5,146.5,146.5,1,FALSE,NA,NA,NA,NA,NA,NA,NA,NA,NA,NA,NA,NA
17170,NA,2026,DT,146.5,146.5,146.5,2,FALSE,NA,NA,NA,NA,NA,NA,NA,NA,NA,NA,NA,NA
15382,NA,2026,DT,146.5,146.5,146.5,1,FALSE,NA,NA,NA,NA,NA,NA,NA,NA,NA,NA,NA,NA
16486,NA,2026,DT,146.5,146.5,146.5,2,FALSE,NA,NA,NA,NA,NA,NA,NA,NA,NA,NA,NA,NA
17176,NA,2026,DT,146.5,146.5,146.5,2,FALSE,NA,NA,NA,NA,NA,NA,NA,NA,NA,NA,NA,NA
16091,NA,2026,DT,146.5,146.5,146.5,1,FALSE,NA,NA,NA,NA,NA,NA,NA,NA,NA,NA,NA,NA
16817,NA,2026,DT,146.5,146.5,146.5,1,FALSE,NA,NA,NA,NA,NA,NA,NA,NA,NA,NA,NA,NA
13965,NA,2026,DT,146.5,146.5,146.5,1,FALSE,NA,NA,NA,NA,NA,NA,NA,NA,NA,NA,NA,NA
17204,NA,2026,DT,153,153,153,2,FALSE,NA,NA,NA,NA,NA,NA,NA,NA,NA,NA,NA,NA
17209,NA,2026,DT,155,154,154,2,FALSE,NA,NA,NA,NA,NA,NA,NA,NA,NA,NA,NA,NA
13742,NA,2026,DT,155,155.5,155,1,FALSE,NA,NA,NA,NA,NA,NA,NA,NA,NA,NA,NA,NA
17585,NA,2026,DT,155,155.5,155,1,FALSE,NA,NA,NA,NA,NA,NA,NA,NA,NA,NA,NA,NA
17600,NA,2026,DT,157,157,157,2,FALSE,NA,NA,NA,NA,NA,NA,NA,NA,NA,NA,NA,NA
17589,NA,2026,LB,1,1,1,2,FALSE,NA,NA,NA,NA,NA,NA,NA,NA,NA,NA,NA,NA
15822,NA,2026,LB,2,2,2,2,FALSE,NA,NA,NA,NA,NA,NA,NA,NA,NA,NA,NA,NA
15409,NA,2026,LB,3,3,3,2,FALSE,NA,NA,NA,NA,NA,NA,NA,NA,NA,NA,NA,NA
15821,NA,2026,LB,4,4,4,2,FALSE,NA,NA,NA,NA,NA,NA,NA,NA,NA,NA,NA,NA
13696,NA,2026,LB,5,5,5,2,FALSE,NA,NA,NA,NA,NA,NA,NA,NA,NA,NA,NA,NA
17125,NA,2026,LB,6,6,6,2,FALSE,NA,NA,NA,NA,NA,NA,NA,NA,NA,NA,NA,NA
16296,NA,2026,LB,7,7,7,2,FALSE,NA,NA,NA,NA,NA,NA,NA,NA,NA,NA,NA,NA
14218,NA,2026,LB,8,8,8,2,FALSE,NA,NA,NA,NA,NA,NA,NA,NA,NA,NA,NA,NA
13743,NA,2026,LB,9,9,9,2,FALSE,NA,NA,NA,NA,NA,NA,NA,NA,NA,NA,NA,NA
13813,NA,2026,LB,10,10,10,2,FALSE,NA,NA,NA,NA,NA,NA,NA,NA,NA,NA,NA,NA
16696,NA,2026,LB,11,11,11,2,FALSE,NA,NA,NA,NA,NA,NA,NA,NA,NA,NA,NA,NA
15869,NA,2026,LB,12,12,12,2,FALSE,NA,NA,NA,NA,NA,NA,NA,NA,NA,NA,NA,NA
14893,NA,2026,LB,13,13,13,2,FALSE,NA,NA,NA,NA,NA,NA,NA,NA,NA,NA,NA,NA
14251,NA,2026,LB,14,14,14,2,FALSE,NA,NA,NA,NA,NA,NA,NA,NA,NA,NA,NA,NA
17560,NA,2026,LB,15,15,15,2,FALSE,NA,NA,NA,NA,NA,NA,NA,NA,NA,NA,NA,NA
14303,NA,2026,LB,16,16,16,2,FALSE,NA,NA,NA,NA,NA,NA,NA,NA,NA,NA,NA,NA
17124,NA,2026,LB,17,17,17,2,FALSE,NA,NA,NA,NA,NA,NA,NA,NA,NA,NA,NA,NA
17123,NA,2026,LB,18,18,18,2,FALSE,NA,NA,NA,NA,NA,NA,NA,NA,NA,NA,NA,NA
15387,NA,2026,LB,19,19,19,2,FALSE,NA,NA,NA,NA,NA,NA,NA,NA,NA,NA,NA,NA
16716,NA,2026,LB,20,20,20,2,FALSE,NA,NA,NA,NA,NA,NA,NA,NA,NA,NA,NA,NA
14170,NA,2026,LB,21.5,21.5,21.5,2,FALSE,NA,NA,NA,NA,NA,NA,NA,NA,NA,NA,NA,NA
17147,NA,2026,LB,21.5,21.5,21.5,2,FALSE,NA,NA,NA,NA,NA,NA,NA,NA,NA,NA,NA,NA
16013,NA,2026,LB,23,24,23,2,FALSE,NA,NA,NA,NA,NA,NA,NA,NA,NA,NA,NA,NA
13952,NA,2026,LB,53,23,23,1,FALSE,NA,NA,NA,NA,NA,NA,NA,NA,NA,NA,NA,NA
16346,NA,2026,LB,24,25,24,2,FALSE,NA,NA,NA,NA,NA,NA,NA,NA,NA,NA,NA,NA
16284,NA,2026,LB,25,26,25,2,FALSE,NA,NA,NA,NA,NA,NA,NA,NA,NA,NA,NA,NA
16450,NA,2026,LB,26,27,26,2,FALSE,NA,NA,NA,NA,NA,NA,NA,NA,NA,NA,NA,NA
15681,NA,2026,LB,27,28,27,2,FALSE,NA,NA,NA,NA,NA,NA,NA,NA,NA,NA,NA,NA
15396,NA,2026,LB,28.5,29.5,28.5,2,FALSE,NA,NA,NA,NA,NA,NA,NA,NA,NA,NA,NA,NA
15404,NA,2026,LB,28.5,29.5,28.5,2,FALSE,NA,NA,NA,NA,NA,NA,NA,NA,NA,NA,NA,NA
14412,NA,2026,LB,30,31,30,2,FALSE,NA,NA,NA,NA,NA,NA,NA,NA,NA,NA,NA,NA
14590,NA,2026,LB,31.5,32.5,31.5,2,FALSE,NA,NA,NA,NA,NA,NA,NA,NA,NA,NA,NA,NA
17586,NA,2026,LB,31.5,32.5,31.5,2,FALSE,NA,NA,NA,NA,NA,NA,NA,NA,NA,NA,NA,NA
16009,NA,2026,LB,33,34,33,2,FALSE,NA,NA,NA,NA,NA,NA,NA,NA,NA,NA,NA,NA
14943,NA,2026,LB,34,35,34,2,FALSE,NA,NA,NA,NA,NA,NA,NA,NA,NA,NA,NA,NA
15355,NA,2026,LB,35.5,36.5,35.5,2,FALSE,NA,NA,NA,NA,NA,NA,NA,NA,NA,NA,NA,NA
10816,NA,2026,LB,35.5,36.5,35.5,2,FALSE,NA,NA,NA,NA,NA,NA,NA,NA,NA,NA,NA,NA
17606,NA,2026,LB,38,39,38,2,FALSE,NA,NA,NA,NA,NA,NA,NA,NA,NA,NA,NA,NA
14896,NA,2026,LB,38,39,38,2,FALSE,NA,NA,NA,NA,NA,NA,NA,NA,NA,NA,NA,NA
16234,NA,2026,LB,38,39,38,2,FALSE,NA,NA,NA,NA,NA,NA,NA,NA,NA,NA,NA,NA
17556,NA,2026,LB,40.5,41.5,40.5,2,FALSE,NA,NA,NA,NA,NA,NA,NA,NA,NA,NA,NA,NA
14235,NA,2026,LB,40.5,41.5,40.5,2,FALSE,NA,NA,NA,NA,NA,NA,NA,NA,NA,NA,NA,NA
15846,NA,2026,LB,42,43,42,2,FALSE,NA,NA,NA,NA,NA,NA,NA,NA,NA,NA,NA,NA
17557,NA,2026,LB,43,44,43,2,FALSE,NA,NA,NA,NA,NA,NA,NA,NA,NA,NA,NA,NA
14892,NA,2026,LB,45,46,45,2,FALSE,NA,NA,NA,NA,NA,NA,NA,NA,NA,NA,NA,NA
13697,NA,2026,LB,45,46,45,2,FALSE,NA,NA,NA,NA,NA,NA,NA,NA,NA,NA,NA,NA
14169,NA,2026,LB,45,46,45,2,FALSE,NA,NA,NA,NA,NA,NA,NA,NA,NA,NA,NA,NA
16239,NA,2026,LB,47,48,47,2,FALSE,NA,NA,NA,NA,NA,NA,NA,NA,NA,NA,NA,NA
13987,NA,2026,LB,48,49,48,2,FALSE,NA,NA,NA,NA,NA,NA,NA,NA,NA,NA,NA,NA
14467,NA,2026,LB,49,50,49,2,FALSE,NA,NA,NA,NA,NA,NA,NA,NA,NA,NA,NA,NA
17410,NA,2026,LB,50,51,50,2,FALSE,NA,NA,NA,NA,NA,NA,NA,NA,NA,NA,NA,NA
14953,NA,2026,LB,51,52,51,2,FALSE,NA,NA,NA,NA,NA,NA,NA,NA,NA,NA,NA,NA
15428,NA,2026,LB,52,53,52,2,FALSE,NA,NA,NA,NA,NA,NA,NA,NA,NA,NA,NA,NA
13447,NA,2026,LB,54,54,54,2,FALSE,NA,NA,NA,NA,NA,NA,NA,NA,NA,NA,NA,NA
16280,NA,2026,LB,55,55,55,2,FALSE,NA,NA,NA,NA,NA,NA,NA,NA,NA,NA,NA,NA
16063,NA,2026,LB,56.5,56.5,56.5,2,FALSE,NA,NA,NA,NA,NA,NA,NA,NA,NA,NA,NA,NA
14221,NA,2026,LB,56.5,56.5,56.5,2,FALSE,NA,NA,NA,NA,NA,NA,NA,NA,NA,NA,NA,NA
13837,NA,2026,LB,58.5,58.5,58.5,2,FALSE,NA,NA,NA,NA,NA,NA,NA,NA,NA,NA,NA,NA
14247,NA,2026,LB,58.5,58.5,58.5,2,FALSE,NA,NA,NA,NA,NA,NA,NA,NA,NA,NA,NA,NA
15831,NA,2026,LB,60,60,60,2,FALSE,NA,NA,NA,NA,NA,NA,NA,NA,NA,NA,NA,NA
17629,NA,2026,LB,61,61,61,2,FALSE,NA,NA,NA,NA,NA,NA,NA,NA,NA,NA,NA,NA
16494,NA,2026,LB,62.5,62.5,62.5,2,FALSE,NA,NA,NA,NA,NA,NA,NA,NA,NA,NA,NA,NA
16383,NA,2026,LB,62.5,62.5,62.5,2,FALSE,NA,NA,NA,NA,NA,NA,NA,NA,NA,NA,NA,NA
16870,NA,2026,LB,65,65,65,2,FALSE,NA,NA,NA,NA,NA,NA,NA,NA,NA,NA,NA,NA
14979,NA,2026,LB,65,65,65,2,FALSE,NA,NA,NA,NA,NA,NA,NA,NA,NA,NA,NA,NA
17126,NA,2026,LB,65,65,65,2,FALSE,NA,NA,NA,NA,NA,NA,NA,NA,NA,NA,NA,NA
13268,NA,2026,LB,67,67,67,2,FALSE,NA,NA,NA,NA,NA,NA,NA,NA,NA,NA,NA,NA
15914,NA,2026,LB,68,69,68,2,FALSE,NA,NA,NA,NA,NA,NA,NA,NA,NA,NA,NA,NA
16911,NA,2026,LB,78,68,68,1,FALSE,NA,NA,NA,NA,NA,NA,NA,NA,NA,NA,NA,NA
17265,NA,2026,LB,69,70,69,2,FALSE,NA,NA,NA,NA,NA,NA,NA,NA,NA,NA,NA,NA
17636,NA,2026,LB,70,71,70,2,FALSE,NA,NA,NA,NA,NA,NA,NA,NA,NA,NA,NA,NA
14168,NA,2026,LB,71,72,71,2,FALSE,NA,NA,NA,NA,NA,NA,NA,NA,NA,NA,NA,NA
14217,NA,2026,LB,72.5,74,72.5,2,FALSE,NA,NA,NA,NA,NA,NA,NA,NA,NA,NA,NA,NA
17628,NA,2026,LB,72.5,74,72.5,2,FALSE,NA,NA,NA,NA,NA,NA,NA,NA,NA,NA,NA,NA
16667,NA,2026,LB,88,74,74,1,FALSE,NA,NA,NA,NA,NA,NA,NA,NA,NA,NA,NA,NA
17665,NA,2026,LB,74,76,74,2,FALSE,NA,NA,NA,NA,NA,NA,NA,NA,NA,NA,NA,NA
14200,NA,2026,LB,75.5,78.5,75.5,2,FALSE,NA,NA,NA,NA,NA,NA,NA,NA,NA,NA,NA,NA
16664,NA,2026,LB,75.5,78.5,75.5,2,FALSE,NA,NA,NA,NA,NA,NA,NA,NA,NA,NA,NA,NA
16019,NA,2026,LB,77,81,77,2,FALSE,NA,NA,NA,NA,NA,NA,NA,NA,NA,NA,NA,NA
16730,NA,2026,LB,94,78.5,78.5,1,FALSE,NA,NA,NA,NA,NA,NA,NA,NA,NA,NA,NA,NA
16236,NA,2026,LB,94,78.5,78.5,1,FALSE,NA,NA,NA,NA,NA,NA,NA,NA,NA,NA,NA,NA
15353,NA,2026,LB,79,82,79,2,FALSE,NA,NA,NA,NA,NA,NA,NA,NA,NA,NA,NA,NA
16738,NA,2026,LB,80.5,83.5,80.5,2,FALSE,NA,NA,NA,NA,NA,NA,NA,NA,NA,NA,NA,NA
15443,NA,2026,LB,80.5,83.5,80.5,2,FALSE,NA,NA,NA,NA,NA,NA,NA,NA,NA,NA,NA,NA
16328,NA,2026,LB,84,89,84,2,FALSE,NA,NA,NA,NA,NA,NA,NA,NA,NA,NA,NA,NA
14322,NA,2026,LB,84,89,84,2,FALSE,NA,NA,NA,NA,NA,NA,NA,NA,NA,NA,NA,NA
14891,NA,2026,LB,84,89,84,2,FALSE,NA,NA,NA,NA,NA,NA,NA,NA,NA,NA,NA,NA
17383,NA,2026,LB,84,89,84,2,FALSE,NA,NA,NA,NA,NA,NA,NA,NA,NA,NA,NA,NA
16138,NA,2026,LB,84,89,84,2,FALSE,NA,NA,NA,NA,NA,NA,NA,NA,NA,NA,NA,NA
15899,NA,2026,LB,88,94.5,88,2,FALSE,NA,NA,NA,NA,NA,NA,NA,NA,NA,NA,NA,NA
15473,NA,2026,LB,88,94.5,88,2,FALSE,NA,NA,NA,NA,NA,NA,NA,NA,NA,NA,NA,NA
15194,NA,2026,LB,107.5,89,89,1,FALSE,NA,NA,NA,NA,NA,NA,NA,NA,NA,NA,NA,NA
17415,NA,2026,LB,107.5,89,89,1,FALSE,NA,NA,NA,NA,NA,NA,NA,NA,NA,NA,NA,NA
14672,NA,2026,LB,107.5,89,89,1,FALSE,NA,NA,NA,NA,NA,NA,NA,NA,NA,NA,NA,NA
15151,NA,2026,LB,107.5,89,89,1,FALSE,NA,NA,NA,NA,NA,NA,NA,NA,NA,NA,NA,NA
17010,NA,2026,LB,94,99,94,2,FALSE,NA,NA,NA,NA,NA,NA,NA,NA,NA,NA,NA,NA
17247,NA,2026,LB,94,99,94,2,FALSE,NA,NA,NA,NA,NA,NA,NA,NA,NA,NA,NA,NA
17776,NA,2026,LB,94,99,94,2,FALSE,NA,NA,NA,NA,NA,NA,NA,NA,NA,NA,NA,NA
17623,NA,2026,LB,94,99,94,2,FALSE,NA,NA,NA,NA,NA,NA,NA,NA,NA,NA,NA,NA
14926,NA,2026,LB,94,99,94,2,FALSE,NA,NA,NA,NA,NA,NA,NA,NA,NA,NA,NA,NA
17379,NA,2026,LB,94,99,94,2,FALSE,NA,NA,NA,NA,NA,NA,NA,NA,NA,NA,NA,NA
17140,NA,2026,LB,94,99,94,2,FALSE,NA,NA,NA,NA,NA,NA,NA,NA,NA,NA,NA,NA
16314,NA,2026,LB,100,104,100,2,FALSE,NA,NA,NA,NA,NA,NA,NA,NA,NA,NA,NA,NA
17571,NA,2026,LB,100,104,100,2,FALSE,NA,NA,NA,NA,NA,NA,NA,NA,NA,NA,NA,NA
17408,NA,2026,LB,100,104,100,2,FALSE,NA,NA,NA,NA,NA,NA,NA,NA,NA,NA,NA,NA
17746,NA,2026,LB,107.5,113,107.5,2,FALSE,NA,NA,NA,NA,NA,NA,NA,NA,NA,NA,NA,NA
13750,NA,2026,LB,107.5,113,107.5,2,FALSE,NA,NA,NA,NA,NA,NA,NA,NA,NA,NA,NA,NA
16666,NA,2026,LB,107.5,113,107.5,2,FALSE,NA,NA,NA,NA,NA,NA,NA,NA,NA,NA,NA,NA
17286,NA,2026,LB,107.5,113,107.5,2,FALSE,NA,NA,NA,NA,NA,NA,NA,NA,NA,NA,NA,NA
14260,NA,2026,LB,107.5,113,107.5,2,FALSE,NA,NA,NA,NA,NA,NA,NA,NA,NA,NA,NA,NA
17201,NA,2026,LB,107.5,113,107.5,2,FALSE,NA,NA,NA,NA,NA,NA,NA,NA,NA,NA,NA,NA
17233,NA,2026,LB,107.5,113,107.5,2,FALSE,NA,NA,NA,NA,NA,NA,NA,NA,NA,NA,NA,NA
17449,NA,2026,LB,107.5,113,107.5,2,FALSE,NA,NA,NA,NA,NA,NA,NA,NA,NA,NA,NA,NA
17787,NA,2026,LB,125.5,113,113,1,FALSE,NA,NA,NA,NA,NA,NA,NA,NA,NA,NA,NA,NA
16439,NA,2026,LB,125.5,113,113,1,FALSE,NA,NA,NA,NA,NA,NA,NA,NA,NA,NA,NA,NA
17692,NA,2026,LB,125.5,113,113,1,FALSE,NA,NA,NA,NA,NA,NA,NA,NA,NA,NA,NA,NA
15823,NA,2026,LB,125.5,113,113,1,FALSE,NA,NA,NA,NA,NA,NA,NA,NA,NA,NA,NA,NA
16710,NA,2026,LB,125.5,113,113,1,FALSE,NA,NA,NA,NA,NA,NA,NA,NA,NA,NA,NA,NA
17356,NA,2026,LB,125.5,113,113,1,FALSE,NA,NA,NA,NA,NA,NA,NA,NA,NA,NA,NA,NA
16793,NA,2026,LB,125.5,113,113,1,FALSE,NA,NA,NA,NA,NA,NA,NA,NA,NA,NA,NA,NA
17203,NA,2026,LB,115.5,122.5,115.5,2,FALSE,NA,NA,NA,NA,NA,NA,NA,NA,NA,NA,NA,NA
14737,NA,2026,LB,115.5,122.5,115.5,2,FALSE,NA,NA,NA,NA,NA,NA,NA,NA,NA,NA,NA,NA
15456,NA,2026,LB,115.5,122.5,115.5,2,FALSE,NA,NA,NA,NA,NA,NA,NA,NA,NA,NA,NA,NA
15975,NA,2026,LB,115.5,122.5,115.5,2,FALSE,NA,NA,NA,NA,NA,NA,NA,NA,NA,NA,NA,NA
16492,NA,2026,LB,125.5,130,125.5,2,FALSE,NA,NA,NA,NA,NA,NA,NA,NA,NA,NA,NA,NA
14495,NA,2026,LB,125.5,130,125.5,2,FALSE,NA,NA,NA,NA,NA,NA,NA,NA,NA,NA,NA,NA
16759,NA,2026,LB,125.5,130,125.5,2,FALSE,NA,NA,NA,NA,NA,NA,NA,NA,NA,NA,NA,NA
16443,NA,2026,LB,125.5,130,125.5,2,FALSE,NA,NA,NA,NA,NA,NA,NA,NA,NA,NA,NA,NA
17362,NA,2026,LB,125.5,130,125.5,2,FALSE,NA,NA,NA,NA,NA,NA,NA,NA,NA,NA,NA,NA
16926,NA,2026,LB,125.5,130,125.5,2,FALSE,NA,NA,NA,NA,NA,NA,NA,NA,NA,NA,NA,NA
17658,NA,2026,LB,125.5,130,125.5,2,FALSE,NA,NA,NA,NA,NA,NA,NA,NA,NA,NA,NA,NA
17178,NA,2026,LB,125.5,130,125.5,2,FALSE,NA,NA,NA,NA,NA,NA,NA,NA,NA,NA,NA,NA
17621,NA,2026,LB,125.5,130,125.5,2,FALSE,NA,NA,NA,NA,NA,NA,NA,NA,NA,NA,NA,NA
17558,NA,2026,LB,135,130,130,1,FALSE,NA,NA,NA,NA,NA,NA,NA,NA,NA,NA,NA,NA
17766,NA,2026,LB,135,130,130,1,FALSE,NA,NA,NA,NA,NA,NA,NA,NA,NA,NA,NA,NA
17667,NA,2026,LB,135,136,135,2,FALSE,NA,NA,NA,NA,NA,NA,NA,NA,NA,NA,NA,NA
15049,NA,2026,LB,146,146,146,2,FALSE,NA,NA,NA,NA,NA,NA,NA,NA,NA,NA,NA,NA
17323,NA,2026,LB,146,146,146,1,FALSE,NA,NA,NA,NA,NA,NA,NA,NA,NA,NA,NA,NA
17645,NA,2026,LB,146,146,146,2,FALSE,NA,NA,NA,NA,NA,NA,NA,NA,NA,NA,NA,NA
13715,NA,2026,LB,146,146,146,1,FALSE,NA,NA,NA,NA,NA,NA,NA,NA,NA,NA,NA,NA
16017,NA,2026,LB,146,146,146,1,FALSE,NA,NA,NA,NA,NA,NA,NA,NA,NA,NA,NA,NA
17662,NA,2026,LB,146,146,146,2,FALSE,NA,NA,NA,NA,NA,NA,NA,NA,NA,NA,NA,NA
16722,NA,2026,LB,146,146,146,2,FALSE,NA,NA,NA,NA,NA,NA,NA,NA,NA,NA,NA,NA
14442,NA,2026,LB,146,146,146,2,FALSE,NA,NA,NA,NA,NA,NA,NA,NA,NA,NA,NA,NA
17683,NA,2026,LB,146,146,146,2,FALSE,NA,NA,NA,NA,NA,NA,NA,NA,NA,NA,NA,NA
17244,NA,2026,LB,146,146,146,1,FALSE,NA,NA,NA,NA,NA,NA,NA,NA,NA,NA,NA,NA
17578,NA,2026,LB,146,146,146,1,FALSE,NA,NA,NA,NA,NA,NA,NA,NA,NA,NA,NA,NA
17208,NA,2026,LB,146,146,146,2,FALSE,NA,NA,NA,NA,NA,NA,NA,NA,NA,NA,NA,NA
15890,NA,2026,LB,146,146,146,1,FALSE,NA,NA,NA,NA,NA,NA,NA,NA,NA,NA,NA,NA
17456,NA,2026,LB,146,146,146,1,FALSE,NA,NA,NA,NA,NA,NA,NA,NA,NA,NA,NA,NA
16283,NA,2026,LB,146,146,146,1,FALSE,NA,NA,NA,NA,NA,NA,NA,NA,NA,NA,NA,NA
16237,NA,2026,LB,146,146,146,1,FALSE,NA,NA,NA,NA,NA,NA,NA,NA,NA,NA,NA,NA
15076,NA,2026,LB,146,146,146,1,FALSE,NA,NA,NA,NA,NA,NA,NA,NA,NA,NA,NA,NA
15498,NA,2026,LB,146,146,146,2,FALSE,NA,NA,NA,NA,NA,NA,NA,NA,NA,NA,NA,NA
17354,NA,2026,LB,146,146,146,2,FALSE,NA,NA,NA,NA,NA,NA,NA,NA,NA,NA,NA,NA
16072,NA,2026,LB,156.5,156,156,2,FALSE,NA,NA,NA,NA,NA,NA,NA,NA,NA,NA,NA,NA
16761,NA,2026,LB,156.5,158,156.5,1,FALSE,NA,NA,NA,NA,NA,NA,NA,NA,NA,NA,NA,NA
16872,NA,2026,LB,158,157,157,2,FALSE,NA,NA,NA,NA,NA,NA,NA,NA,NA,NA,NA,NA
15622,NA,2026,LB,159,161.5,159,1,FALSE,NA,NA,NA,NA,NA,NA,NA,NA,NA,NA,NA,NA
14379,NA,2026,LB,160,159,159,2,FALSE,NA,NA,NA,NA,NA,NA,NA,NA,NA,NA,NA,NA
16774,NA,2026,LB,161,160,160,2,FALSE,NA,NA,NA,NA,NA,NA,NA,NA,NA,NA,NA,NA
14887,NA,2026,LB,162,161.5,161.5,2,FALSE,NA,NA,NA,NA,NA,NA,NA,NA,NA,NA,NA,NA
15368,NA,2026,PK,1,1,1,2,FALSE,NA,NA,NA,NA,NA,NA,NA,NA,NA,NA,NA,NA
14717,NA,2026,PK,2,2,2,2,FALSE,NA,NA,NA,NA,NA,NA,NA,NA,NA,NA,NA,NA
17222,NA,2026,PK,3,3,3,2,FALSE,NA,NA,NA,NA,NA,NA,NA,NA,NA,NA,NA,NA
16896,NA,2026,PK,4,4,4,2,FALSE,NA,NA,NA,NA,NA,NA,NA,NA,NA,NA,NA,NA
17668,NA,2026,PK,5,5,5,2,FALSE,NA,NA,NA,NA,NA,NA,NA,NA,NA,NA,NA,NA
14244,NA,2026,PK,6,6,6,2,FALSE,NA,NA,NA,NA,NA,NA,NA,NA,NA,NA,NA,NA
12860,NA,2026,PK,7,7,7,2,FALSE,NA,NA,NA,NA,NA,NA,NA,NA,NA,NA,NA,NA
13832,NA,2026,PK,8,8,8,2,FALSE,NA,NA,NA,NA,NA,NA,NA,NA,NA,NA,NA,NA
16681,NA,2026,PK,9,9,9,2,FALSE,NA,NA,NA,NA,NA,NA,NA,NA,NA,NA,NA,NA
16680,NA,2026,PK,10,10,10,2,FALSE,NA,NA,NA,NA,NA,NA,NA,NA,NA,NA,NA,NA
14983,NA,2026,PK,11,11,11,2,FALSE,NA,NA,NA,NA,NA,NA,NA,NA,NA,NA,NA,NA
13303,NA,2026,PK,12,12,12,2,FALSE,NA,NA,NA,NA,NA,NA,NA,NA,NA,NA,NA,NA
16292,NA,2026,PK,13,13,13,2,FALSE,NA,NA,NA,NA,NA,NA,NA,NA,NA,NA,NA,NA
17220,NA,2026,PK,14,14,14,2,FALSE,NA,NA,NA,NA,NA,NA,NA,NA,NA,NA,NA,NA
16414,NA,2026,PK,15,15,15,2,FALSE,NA,NA,NA,NA,NA,NA,NA,NA,NA,NA,NA,NA
16419,NA,2026,PK,16,16,16,2,FALSE,NA,NA,NA,NA,NA,NA,NA,NA,NA,NA,NA,NA
17277,NA,2026,PK,17,17,17,2,FALSE,NA,NA,NA,NA,NA,NA,NA,NA,NA,NA,NA,NA
13719,NA,2026,PK,18,18,18,2,FALSE,NA,NA,NA,NA,NA,NA,NA,NA,NA,NA,NA,NA
17736,NA,2026,PK,19,19,19,2,FALSE,NA,NA,NA,NA,NA,NA,NA,NA,NA,NA,NA,NA
13354,NA,2026,PK,20,20,20,2,FALSE,NA,NA,NA,NA,NA,NA,NA,NA,NA,NA,NA,NA
14600,NA,2026,PK,21,21,21,2,FALSE,NA,NA,NA,NA,NA,NA,NA,NA,NA,NA,NA,NA
12956,NA,2026,PK,22,22,22,2,FALSE,NA,NA,NA,NA,NA,NA,NA,NA,NA,NA,NA,NA
11945,NA,2026,PK,23,23,23,2,FALSE,NA,NA,NA,NA,NA,NA,NA,NA,NA,NA,NA,NA
12437,NA,2026,PK,24,24,24,2,FALSE,NA,NA,NA,NA,NA,NA,NA,NA,NA,NA,NA,NA
13718,NA,2026,PK,25,25,25,2,FALSE,NA,NA,NA,NA,NA,NA,NA,NA,NA,NA,NA,NA
16846,NA,2026,PK,26,26,26,2,FALSE,NA,NA,NA,NA,NA,NA,NA,NA,NA,NA,NA,NA
17726,NA,2026,PK,27,27,27,2,FALSE,NA,NA,NA,NA,NA,NA,NA,NA,NA,NA,NA,NA
11936,NA,2026,PK,28,28,28,2,FALSE,NA,NA,NA,NA,NA,NA,NA,NA,NA,NA,NA,NA
15369,NA,2026,PK,29,29,29,2,FALSE,NA,NA,NA,NA,NA,NA,NA,NA,NA,NA,NA,NA
8851,NA,2026,PK,30,30,30,2,FALSE,NA,NA,NA,NA,NA,NA,NA,NA,NA,NA,NA,NA
16843,NA,2026,PK,31,31,31,2,FALSE,NA,NA,NA,NA,NA,NA,NA,NA,NA,NA,NA,NA
15979,NA,2026,PK,32,32,32,2,FALSE,NA,NA,NA,NA,NA,NA,NA,NA,NA,NA,NA,NA
14985,NA,2026,PN,1,1,1,2,FALSE,NA,NA,NA,NA,NA,NA,NA,NA,NA,NA,NA,NA
14630,NA,2026,PN,2,2,2,2,FALSE,NA,NA,NA,NA,NA,NA,NA,NA,NA,NA,NA,NA
15911,NA,2026,PN,3,3,3,2,FALSE,NA,NA,NA,NA,NA,NA,NA,NA,NA,NA,NA,NA
17241,NA,2026,PN,4,4,4,2,FALSE,NA,NA,NA,NA,NA,NA,NA,NA,NA,NA,NA,NA
15032,NA,2026,PN,5,5,5,2,FALSE,NA,NA,NA,NA,NA,NA,NA,NA,NA,NA,NA,NA
14256,NA,2026,PN,6,6,6,2,FALSE,NA,NA,NA,NA,NA,NA,NA,NA,NA,NA,NA,NA
13848,NA,2026,PN,7,7,7,2,FALSE,NA,NA,NA,NA,NA,NA,NA,NA,NA,NA,NA,NA
17339,NA,2026,PN,8,8,8,2,FALSE,NA,NA,NA,NA,NA,NA,NA,NA,NA,NA,NA,NA
15884,NA,2026,PN,9,9,9,2,FALSE,NA,NA,NA,NA,NA,NA,NA,NA,NA,NA,NA,NA
17352,NA,2026,PN,10,10,10,2,FALSE,NA,NA,NA,NA,NA,NA,NA,NA,NA,NA,NA,NA
16452,NA,2026,PN,11,11,11,2,FALSE,NA,NA,NA,NA,NA,NA,NA,NA,NA,NA,NA,NA
13844,NA,2026,PN,12,12,12,2,FALSE,NA,NA,NA,NA,NA,NA,NA,NA,NA,NA,NA,NA
13782,NA,2026,PN,13,13,13,2,FALSE,NA,NA,NA,NA,NA,NA,NA,NA,NA,NA,NA,NA
13431,NA,2026,PN,14,14,14,2,FALSE,NA,NA,NA,NA,NA,NA,NA,NA,NA,NA,NA,NA
11985,NA,2026,PN,15,15,15,2,FALSE,NA,NA,NA,NA,NA,NA,NA,NA,NA,NA,NA,NA
16351,NA,2026,PN,16.5,16.5,16.5,2,FALSE,NA,NA,NA,NA,NA,NA,NA,NA,NA,NA,NA,NA
17761,NA,2026,PN,16.5,16.5,16.5,2,FALSE,NA,NA,NA,NA,NA,NA,NA,NA,NA,NA,NA,NA
14227,NA,2026,PN,18,18,18,2,FALSE,NA,NA,NA,NA,NA,NA,NA,NA,NA,NA,NA,NA
15499,NA,2026,PN,19,19,19,2,FALSE,NA,NA,NA,NA,NA,NA,NA,NA,NA,NA,NA,NA
15051,NA,2026,PN,20,20,20,2,FALSE,NA,NA,NA,NA,NA,NA,NA,NA,NA,NA,NA,NA
17664,NA,2026,PN,21,21,21,2,FALSE,NA,NA,NA,NA,NA,NA,NA,NA,NA,NA,NA,NA
16724,NA,2026,PN,22,22,22,2,FALSE,NA,NA,NA,NA,NA,NA,NA,NA,NA,NA,NA,NA
11383,NA,2026,PN,23,23,23,2,FALSE,NA,NA,NA,NA,NA,NA,NA,NA,NA,NA,NA,NA
16010,NA,2026,PN,24,24,24,2,FALSE,NA,NA,NA,NA,NA,NA,NA,NA,NA,NA,NA,NA
17689,NA,2026,PN,25,25,25,2,FALSE,NA,NA,NA,NA,NA,NA,NA,NA,NA,NA,NA,NA
10814,NA,2026,PN,26,26,26,2,FALSE,NA,NA,NA,NA,NA,NA,NA,NA,NA,NA,NA,NA
13869,NA,2026,PN,27,27,27,2,FALSE,NA,NA,NA,NA,NA,NA,NA,NA,NA,NA,NA,NA
16887,NA,2026,PN,28,28,28,2,FALSE,NA,NA,NA,NA,NA,NA,NA,NA,NA,NA,NA,NA
12323,NA,2026,PN,29,29,29,2,FALSE,NA,NA,NA,NA,NA,NA,NA,NA,NA,NA,NA,NA
15668,NA,2026,PN,30,30,30,2,FALSE,NA,NA,NA,NA,NA,NA,NA,NA,NA,NA,NA,NA
12842,NA,2026,PN,31,31,31,2,FALSE,NA,NA,NA,NA,NA,NA,NA,NA,NA,NA,NA,NA
13791,NA,2026,PN,32,32,32,2,FALSE,NA,NA,NA,NA,NA,NA,NA,NA,NA,NA,NA,NA
13589,NA,2026,QB,1,1,1,2,FALSE,NA,NA,NA,NA,NA,NA,NA,NA,NA,NA,NA,NA
16148,NA,2026,QB,2,2,2,2,FALSE,NA,NA,NA,NA,NA,NA,NA,NA,NA,NA,NA,NA
13593,NA,2026,QB,3,3,3,2,FALSE,NA,NA,NA,NA,NA,NA,NA,NA,NA,NA,NA,NA
15698,NA,2026,QB,4,4,4,2,FALSE,NA,NA,NA,NA,NA,NA,NA,NA,NA,NA,NA,NA
13116,NA,2026,QB,5,5,5,2,FALSE,NA,NA,NA,NA,NA,NA,NA,NA,NA,NA,NA,NA
16579,NA,2026,QB,6,6,6,2,FALSE,NA,NA,NA,NA,NA,NA,NA,NA,NA,NA,NA,NA
15237,NA,2026,QB,7,7,7,2,FALSE,NA,NA,NA,NA,NA,NA,NA,NA,NA,NA,NA,NA
14057,NA,2026,QB,8,8,8,2,FALSE,NA,NA,NA,NA,NA,NA,NA,NA,NA,NA,NA,NA
12620,NA,2026,QB,9,9,9,2,FALSE,NA,NA,NA,NA,NA,NA,NA,NA,NA,NA,NA,NA
14783,NA,2026,QB,10,10,10,2,FALSE,NA,NA,NA,NA,NA,NA,NA,NA,NA,NA,NA,NA
17032,NA,2026,QB,11,11,11,2,FALSE,NA,NA,NA,NA,NA,NA,NA,NA,NA,NA,NA,NA
13113,NA,2026,QB,12,12,12,2,FALSE,NA,NA,NA,NA,NA,NA,NA,NA,NA,NA,NA,NA
12611,NA,2026,QB,13,13,13,2,FALSE,NA,NA,NA,NA,NA,NA,NA,NA,NA,NA,NA,NA
16150,NA,2026,QB,14,14,14,2,FALSE,NA,NA,NA,NA,NA,NA,NA,NA,NA,NA,NA,NA
12616,NA,2026,QB,15,15,15,2,FALSE,NA,NA,NA,NA,NA,NA,NA,NA,NA,NA,NA,NA
11150,NA,2026,QB,16,16,16,2,FALSE,NA,NA,NA,NA,NA,NA,NA,NA,NA,NA,NA,NA
14782,NA,2026,QB,17,17,17,2,FALSE,NA,NA,NA,NA,NA,NA,NA,NA,NA,NA,NA,NA
17039,NA,2026,QB,18,18,18,2,FALSE,NA,NA,NA,NA,NA,NA,NA,NA,NA,NA,NA,NA
9431,NA,2026,QB,19,19,19,2,FALSE,NA,NA,NA,NA,NA,NA,NA,NA,NA,NA,NA,NA
16581,NA,2026,QB,20,20,20,2,FALSE,NA,NA,NA,NA,NA,NA,NA,NA,NA,NA,NA,NA
14777,NA,2026,QB,21,21,21,2,FALSE,NA,NA,NA,NA,NA,NA,NA,NA,NA,NA,NA,NA
12610,NA,2026,QB,22,22,22,2,FALSE,NA,NA,NA,NA,NA,NA,NA,NA,NA,NA,NA,NA
17030,NA,2026,QB,23,23,23,2,FALSE,NA,NA,NA,NA,NA,NA,NA,NA,NA,NA,NA,NA
10700,NA,2026,QB,24,24,24,2,FALSE,NA,NA,NA,NA,NA,NA,NA,NA,NA,NA,NA,NA
15694,NA,2026,QB,25,25,25,2,FALSE,NA,NA,NA,NA,NA,NA,NA,NA,NA,NA,NA,NA
13590,NA,2026,QB,26,26,26,2,FALSE,NA,NA,NA,NA,NA,NA,NA,NA,NA,NA,NA,NA
14059,NA,2026,QB,27,28,27,2,FALSE,NA,NA,NA,NA,NA,NA,NA,NA,NA,NA,NA,NA
12141,NA,2026,QB,29,27,27,1,FALSE,NA,NA,NA,NA,NA,NA,NA,NA,NA,NA,NA,NA
14779,NA,2026,QB,28,29,28,2,FALSE,NA,NA,NA,NA,NA,NA,NA,NA,NA,NA,NA,NA
7836,NA,2026,QB,30,30,30,2,FALSE,NA,NA,NA,NA,NA,NA,NA,NA,NA,NA,NA,NA
16580,NA,2026,QB,31,31,31,2,FALSE,NA,NA,NA,NA,NA,NA,NA,NA,NA,NA,NA,NA
16153,NA,2026,QB,33,32,32,1,FALSE,NA,NA,NA,NA,NA,NA,NA,NA,NA,NA,NA,NA
15692,NA,2026,QB,32,33,32,2,FALSE,NA,NA,NA,NA,NA,NA,NA,NA,NA,NA,NA,NA
16582,NA,2026,QB,34,34,34,2,FALSE,NA,NA,NA,NA,NA,NA,NA,NA,NA,NA,NA,NA
16384,NA,2026,QB,35,35,35,1,FALSE,NA,NA,NA,NA,NA,NA,NA,NA,NA,NA,NA,NA
15238,NA,2026,QB,36.5,36.5,36.5,1,FALSE,NA,NA,NA,NA,NA,NA,NA,NA,NA,NA,NA,NA
9064,NA,2026,QB,36.5,36.5,36.5,1,FALSE,NA,NA,NA,NA,NA,NA,NA,NA,NA,NA,NA,NA
13592,NA,2026,QB,38,38,38,1,FALSE,NA,NA,NA,NA,NA,NA,NA,NA,NA,NA,NA,NA
13595,NA,2026,QB,39,39,39,1,FALSE,NA,NA,NA,NA,NA,NA,NA,NA,NA,NA,NA,NA
15241,NA,2026,QB,40,40,40,1,FALSE,NA,NA,NA,NA,NA,NA,NA,NA,NA,NA,NA,NA
13968,NA,2026,QB,41,41,41,1,FALSE,NA,NA,NA,NA,NA,NA,NA,NA,NA,NA,NA,NA
12140,NA,2026,QB,42,42,42,1,FALSE,NA,NA,NA,NA,NA,NA,NA,NA,NA,NA,NA,NA
14056,NA,2026,QB,43,43,43,1,FALSE,NA,NA,NA,NA,NA,NA,NA,NA,NA,NA,NA,NA
17743,NA,2026,QB,44,44,44,1,FALSE,NA,NA,NA,NA,NA,NA,NA,NA,NA,NA,NA,NA
13124,NA,2026,QB,45,45,45,2,FALSE,NA,NA,NA,NA,NA,NA,NA,NA,NA,NA,NA,NA
15711,NA,2026,RB,1,1,1,2,FALSE,NA,NA,NA,NA,NA,NA,NA,NA,NA,NA,NA,NA
12626,NA,2026,RB,2,2,2,2,FALSE,NA,NA,NA,NA,NA,NA,NA,NA,NA,NA,NA,NA
16162,NA,2026,RB,3,3,3,2,FALSE,NA,NA,NA,NA,NA,NA,NA,NA,NA,NA,NA,NA
14797,NA,2026,RB,4,4,4,2,FALSE,NA,NA,NA,NA,NA,NA,NA,NA,NA,NA,NA,NA
14802,NA,2026,RB,5,5,5,2,FALSE,NA,NA,NA,NA,NA,NA,NA,NA,NA,NA,NA,NA
17066,NA,2026,RB,6,6,6,2,FALSE,NA,NA,NA,NA,NA,NA,NA,NA,NA,NA,NA,NA
15261,NA,2026,RB,7,7,7,2,FALSE,NA,NA,NA,NA,NA,NA,NA,NA,NA,NA,NA,NA
17042,NA,2026,RB,8,8,8,2,FALSE,NA,NA,NA,NA,NA,NA,NA,NA,NA,NA,NA,NA
15708,NA,2026,RB,9,9,9,2,FALSE,NA,NA,NA,NA,NA,NA,NA,NA,NA,NA,NA,NA
16161,NA,2026,RB,10,10,10,2,FALSE,NA,NA,NA,NA,NA,NA,NA,NA,NA,NA,NA,NA
17052,NA,2026,RB,11,11,11,2,FALSE,NA,NA,NA,NA,NA,NA,NA,NA,NA,NA,NA,NA
15253,NA,2026,RB,12,12,12,2,FALSE,NA,NA,NA,NA,NA,NA,NA,NA,NA,NA,NA,NA
15972,NA,2026,RB,25,13,13,1,FALSE,NA,NA,NA,NA,NA,NA,NA,NA,NA,NA,NA,NA
15710,NA,2026,RB,13,14,13,2,FALSE,NA,NA,NA,NA,NA,NA,NA,NA,NA,NA,NA,NA
13130,NA,2026,RB,14,15,14,2,FALSE,NA,NA,NA,NA,NA,NA,NA,NA,NA,NA,NA,NA
16598,NA,2026,RB,15,16,15,2,FALSE,NA,NA,NA,NA,NA,NA,NA,NA,NA,NA,NA,NA
14071,NA,2026,RB,16,17,16,2,FALSE,NA,NA,NA,NA,NA,NA,NA,NA,NA,NA,NA,NA
16593,NA,2026,RB,17,18,17,2,FALSE,NA,NA,NA,NA,NA,NA,NA,NA,NA,NA,NA,NA
17474,NA,2026,RB,18,19,18,2,FALSE,NA,NA,NA,NA,NA,NA,NA,NA,NA,NA,NA,NA
17045,NA,2026,RB,19,20,19,2,FALSE,NA,NA,NA,NA,NA,NA,NA,NA,NA,NA,NA,NA
15256,NA,2026,RB,20,21,20,2,FALSE,NA,NA,NA,NA,NA,NA,NA,NA,NA,NA,NA,NA
15715,NA,2026,RB,21,24,21,2,FALSE,NA,NA,NA,NA,NA,NA,NA,NA,NA,NA,NA,NA
16181,NA,2026,RB,22,25,22,2,FALSE,NA,NA,NA,NA,NA,NA,NA,NA,NA,NA,NA,NA
16171,NA,2026,RB,37,22,22,1,FALSE,NA,NA,NA,NA,NA,NA,NA,NA,NA,NA,NA,NA
17043,NA,2026,RB,38,23,23,1,FALSE,NA,NA,NA,NA,NA,NA,NA,NA,NA,NA,NA,NA
13319,NA,2026,RB,23,26,23,2,FALSE,NA,NA,NA,NA,NA,NA,NA,NA,NA,NA,NA,NA
13133,NA,2026,RB,24,27,24,2,FALSE,NA,NA,NA,NA,NA,NA,NA,NA,NA,NA,NA,NA
17044,NA,2026,RB,26,29,26,2,FALSE,NA,NA,NA,NA,NA,NA,NA,NA,NA,NA,NA,NA
16167,NA,2026,RB,27.5,30.5,27.5,2,FALSE,NA,NA,NA,NA,NA,NA,NA,NA,NA,NA,NA,NA
16597,NA,2026,RB,27.5,30.5,27.5,2,FALSE,NA,NA,NA,NA,NA,NA,NA,NA,NA,NA,NA,NA
17068,NA,2026,RB,47.5,28,28,1,FALSE,NA,NA,NA,NA,NA,NA,NA,NA,NA,NA,NA,NA
17485,NA,2026,RB,29,32,29,2,FALSE,NA,NA,NA,NA,NA,NA,NA,NA,NA,NA,NA,NA
13604,NA,2026,RB,30,33,30,2,FALSE,NA,NA,NA,NA,NA,NA,NA,NA,NA,NA,NA,NA
17472,NA,2026,RB,31,34,31,2,FALSE,NA,NA,NA,NA,NA,NA,NA,NA,NA,NA,NA,NA
15259,NA,2026,RB,32,35,32,2,FALSE,NA,NA,NA,NA,NA,NA,NA,NA,NA,NA,NA,NA
15721,NA,2026,RB,33,36,33,2,FALSE,NA,NA,NA,NA,NA,NA,NA,NA,NA,NA,NA,NA
17473,NA,2026,RB,34,37,34,2,FALSE,NA,NA,NA,NA,NA,NA,NA,NA,NA,NA,NA,NA
14080,NA,2026,RB,35,38,35,2,FALSE,NA,NA,NA,NA,NA,NA,NA,NA,NA,NA,NA,NA
15716,NA,2026,RB,36,39,36,2,FALSE,NA,NA,NA,NA,NA,NA,NA,NA,NA,NA,NA,NA
15712,NA,2026,RB,39,40,39,2,FALSE,NA,NA,NA,NA,NA,NA,NA,NA,NA,NA,NA,NA
15742,NA,2026,RB,40,41,40,2,FALSE,NA,NA,NA,NA,NA,NA,NA,NA,NA,NA,NA,NA
17256,NA,2026,RB,41,42,41,2,FALSE,NA,NA,NA,NA,NA,NA,NA,NA,NA,NA,NA,NA
16596,NA,2026,RB,42,43,42,2,FALSE,NA,NA,NA,NA,NA,NA,NA,NA,NA,NA,NA,NA
14085,NA,2026,RB,43,44,43,2,FALSE,NA,NA,NA,NA,NA,NA,NA,NA,NA,NA,NA,NA
16178,NA,2026,RB,44,45,44,2,FALSE,NA,NA,NA,NA,NA,NA,NA,NA,NA,NA,NA,NA
17477,NA,2026,RB,45,46,45,2,FALSE,NA,NA,NA,NA,NA,NA,NA,NA,NA,NA,NA,NA
17053,NA,2026,RB,46,47,46,2,FALSE,NA,NA,NA,NA,NA,NA,NA,NA,NA,NA,NA,NA
12155,NA,2026,RB,47.5,48,47.5,2,FALSE,NA,NA,NA,NA,NA,NA,NA,NA,NA,NA,NA,NA
14800,NA,2026,RB,49,49,49,2,FALSE,NA,NA,NA,NA,NA,NA,NA,NA,NA,NA,NA,NA
17051,NA,2026,RB,50,50,50,2,FALSE,NA,NA,NA,NA,NA,NA,NA,NA,NA,NA,NA,NA
13455,NA,2026,RB,51,51,51,2,FALSE,NA,NA,NA,NA,NA,NA,NA,NA,NA,NA,NA,NA
15718,NA,2026,RB,65.5,52,52,1,FALSE,NA,NA,NA,NA,NA,NA,NA,NA,NA,NA,NA,NA
11367,NA,2026,RB,52,53,52,2,FALSE,NA,NA,NA,NA,NA,NA,NA,NA,NA,NA,NA,NA
17482,NA,2026,RB,53,54,53,2,FALSE,NA,NA,NA,NA,NA,NA,NA,NA,NA,NA,NA,NA
16432,NA,2026,RB,54,55,54,2,FALSE,NA,NA,NA,NA,NA,NA,NA,NA,NA,NA,NA,NA
16678,NA,2026,RB,55,56,55,2,FALSE,NA,NA,NA,NA,NA,NA,NA,NA,NA,NA,NA,NA
17062,NA,2026,RB,56,57,56,2,FALSE,NA,NA,NA,NA,NA,NA,NA,NA,NA,NA,NA,NA
16496,NA,2026,RB,57,58,57,2,FALSE,NA,NA,NA,NA,NA,NA,NA,NA,NA,NA,NA,NA
16164,NA,2026,RB,58,59,58,2,FALSE,NA,NA,NA,NA,NA,NA,NA,NA,NA,NA,NA,NA
14805,NA,2026,RB,59.5,60.5,59.5,2,FALSE,NA,NA,NA,NA,NA,NA,NA,NA,NA,NA,NA,NA
16165,NA,2026,RB,59.5,60.5,59.5,2,FALSE,NA,NA,NA,NA,NA,NA,NA,NA,NA,NA,NA,NA
16387,NA,2026,RB,61.5,62.5,61.5,2,FALSE,NA,NA,NA,NA,NA,NA,NA,NA,NA,NA,NA,NA
14086,NA,2026,RB,61.5,62.5,61.5,2,FALSE,NA,NA,NA,NA,NA,NA,NA,NA,NA,NA,NA,NA
15726,NA,2026,RB,63,64,63,2,FALSE,NA,NA,NA,NA,NA,NA,NA,NA,NA,NA,NA,NA
17478,NA,2026,RB,64,67,64,2,FALSE,NA,NA,NA,NA,NA,NA,NA,NA,NA,NA,NA,NA
14083,NA,2026,RB,75.5,65,65,1,FALSE,NA,NA,NA,NA,NA,NA,NA,NA,NA,NA,NA,NA
16174,NA,2026,RB,65.5,68,65.5,2,FALSE,NA,NA,NA,NA,NA,NA,NA,NA,NA,NA,NA,NA
17267,NA,2026,RB,77,66,66,1,FALSE,NA,NA,NA,NA,NA,NA,NA,NA,NA,NA,NA,NA
16601,NA,2026,RB,67,69,67,2,FALSE,NA,NA,NA,NA,NA,NA,NA,NA,NA,NA,NA,NA
15727,NA,2026,RB,68,70,68,2,FALSE,NA,NA,NA,NA,NA,NA,NA,NA,NA,NA,NA,NA
16175,NA,2026,RB,69.5,71.5,69.5,2,FALSE,NA,NA,NA,NA,NA,NA,NA,NA,NA,NA,NA,NA
16391,NA,2026,RB,69.5,71.5,69.5,2,FALSE,NA,NA,NA,NA,NA,NA,NA,NA,NA,NA,NA,NA
14815,NA,2026,RB,71,73,71,2,FALSE,NA,NA,NA,NA,NA,NA,NA,NA,NA,NA,NA,NA
16608,NA,2026,RB,72,74,72,2,FALSE,NA,NA,NA,NA,NA,NA,NA,NA,NA,NA,NA,NA
17648,NA,2026,RB,73.5,76,73.5,2,FALSE,NA,NA,NA,NA,NA,NA,NA,NA,NA,NA,NA,NA
16527,NA,2026,RB,73.5,76,73.5,2,FALSE,NA,NA,NA,NA,NA,NA,NA,NA,NA,NA,NA,NA
15255,NA,2026,RB,75.5,78,75.5,2,FALSE,NA,NA,NA,NA,NA,NA,NA,NA,NA,NA,NA,NA
17055,NA,2026,RB,81.5,76,76,1,FALSE,NA,NA,NA,NA,NA,NA,NA,NA,NA,NA,NA,NA
16613,NA,2026,RB,79,80,79,2,FALSE,NA,NA,NA,NA,NA,NA,NA,NA,NA,NA,NA,NA
16604,NA,2026,RB,79,80,79,2,FALSE,NA,NA,NA,NA,NA,NA,NA,NA,NA,NA,NA,NA
16850,NA,2026,RB,79,80,79,2,FALSE,NA,NA,NA,NA,NA,NA,NA,NA,NA,NA,NA,NA
16746,NA,2026,RB,81.5,82,81.5,2,FALSE,NA,NA,NA,NA,NA,NA,NA,NA,NA,NA,NA,NA
14319,NA,2026,RB,84.5,84.5,84.5,2,FALSE,NA,NA,NA,NA,NA,NA,NA,NA,NA,NA,NA,NA
15965,NA,2026,RB,84.5,84.5,84.5,2,FALSE,NA,NA,NA,NA,NA,NA,NA,NA,NA,NA,NA,NA
14420,NA,2026,RB,84.5,84.5,84.5,2,FALSE,NA,NA,NA,NA,NA,NA,NA,NA,NA,NA,NA,NA
16757,NA,2026,RB,84.5,84.5,84.5,2,FALSE,NA,NA,NA,NA,NA,NA,NA,NA,NA,NA,NA,NA
16385,NA,2026,RB,87.5,87.5,87.5,2,FALSE,NA,NA,NA,NA,NA,NA,NA,NA,NA,NA,NA,NA
15650,NA,2026,RB,87.5,87.5,87.5,2,FALSE,NA,NA,NA,NA,NA,NA,NA,NA,NA,NA,NA,NA
15800,NA,2026,RB,89,89,89,2,FALSE,NA,NA,NA,NA,NA,NA,NA,NA,NA,NA,NA,NA
16816,NA,2026,RB,90,90,90,2,FALSE,NA,NA,NA,NA,NA,NA,NA,NA,NA,NA,NA,NA
16610,NA,2026,RB,91,91,91,2,FALSE,NA,NA,NA,NA,NA,NA,NA,NA,NA,NA,NA,NA
15103,NA,2026,RB,92,92,92,2,FALSE,NA,NA,NA,NA,NA,NA,NA,NA,NA,NA,NA,NA
16603,NA,2026,RB,93.5,93.5,93.5,2,FALSE,NA,NA,NA,NA,NA,NA,NA,NA,NA,NA,NA,NA
16599,NA,2026,RB,93.5,93.5,93.5,2,FALSE,NA,NA,NA,NA,NA,NA,NA,NA,NA,NA,NA,NA
17641,NA,2026,RB,99.5,99.5,99.5,2,FALSE,NA,NA,NA,NA,NA,NA,NA,NA,NA,NA,NA,NA
17058,NA,2026,RB,99.5,99.5,99.5,2,FALSE,NA,NA,NA,NA,NA,NA,NA,NA,NA,NA,NA,NA
12325,NA,2026,RB,99.5,99.5,99.5,2,FALSE,NA,NA,NA,NA,NA,NA,NA,NA,NA,NA,NA,NA
17685,NA,2026,RB,99.5,99.5,99.5,2,FALSE,NA,NA,NA,NA,NA,NA,NA,NA,NA,NA,NA,NA
15767,NA,2026,RB,99.5,99.5,99.5,1,FALSE,NA,NA,NA,NA,NA,NA,NA,NA,NA,NA,NA,NA
17047,NA,2026,RB,99.5,99.5,99.5,1,FALSE,NA,NA,NA,NA,NA,NA,NA,NA,NA,NA,NA,NA
17476,NA,2026,RB,99.5,99.5,99.5,1,FALSE,NA,NA,NA,NA,NA,NA,NA,NA,NA,NA,NA,NA
17049,NA,2026,RB,99.5,99.5,99.5,2,FALSE,NA,NA,NA,NA,NA,NA,NA,NA,NA,NA,NA,NA
16166,NA,2026,RB,99.5,99.5,99.5,1,FALSE,NA,NA,NA,NA,NA,NA,NA,NA,NA,NA,NA,NA
17359,NA,2026,RB,99.5,99.5,99.5,1,FALSE,NA,NA,NA,NA,NA,NA,NA,NA,NA,NA,NA,NA
17059,NA,2026,RB,105.5,105,105,2,FALSE,NA,NA,NA,NA,NA,NA,NA,NA,NA,NA,NA,NA
17481,NA,2026,RB,105.5,106,105.5,1,FALSE,NA,NA,NA,NA,NA,NA,NA,NA,NA,NA,NA,NA
17061,NA,2026,RB,109,107,107,2,FALSE,NA,NA,NA,NA,NA,NA,NA,NA,NA,NA,NA,NA
15254,NA,2026,RB,107,110,107,1,FALSE,NA,NA,NA,NA,NA,NA,NA,NA,NA,NA,NA,NA
17492,NA,2026,RB,110,108,108,2,FALSE,NA,NA,NA,NA,NA,NA,NA,NA,NA,NA,NA,NA
16390,NA,2026,RB,108,112,108,1,FALSE,NA,NA,NA,NA,NA,NA,NA,NA,NA,NA,NA,NA
16752,NA,2026,RB,111,109,109,2,FALSE,NA,NA,NA,NA,NA,NA,NA,NA,NA,NA,NA,NA
14823,NA,2026,RB,112,111,111,2,FALSE,NA,NA,NA,NA,NA,NA,NA,NA,NA,NA,NA,NA
17475,NA,2026,RB,113,113,113,2,FALSE,NA,NA,NA,NA,NA,NA,NA,NA,NA,NA,NA,NA
17048,NA,2026,RB,114,114,114,2,FALSE,NA,NA,NA,NA,NA,NA,NA,NA,NA,NA,NA,NA
17274,NA,2026,RB,115,115,115,2,FALSE,NA,NA,NA,NA,NA,NA,NA,NA,NA,NA,NA,NA
13132,NA,2026,RB,116,116,116,1,FALSE,NA,NA,NA,NA,NA,NA,NA,NA,NA,NA,NA,NA
17784,NA,2026,RB,117,118,117,1,FALSE,NA,NA,NA,NA,NA,NA,NA,NA,NA,NA,NA,NA
16747,NA,2026,RB,118,117,117,2,FALSE,NA,NA,NA,NA,NA,NA,NA,NA,NA,NA,NA,NA
15923,NA,2026,S,1,1,1,2,FALSE,NA,NA,NA,NA,NA,NA,NA,NA,NA,NA,NA,NA
14179,NA,2026,S,2,2,2,2,FALSE,NA,NA,NA,NA,NA,NA,NA,NA,NA,NA,NA,NA
14328,NA,2026,S,3,3,3,2,FALSE,NA,NA,NA,NA,NA,NA,NA,NA,NA,NA,NA,NA
15366,NA,2026,S,4,4,4,2,FALSE,NA,NA,NA,NA,NA,NA,NA,NA,NA,NA,NA,NA
14182,NA,2026,S,5,5,5,2,FALSE,NA,NA,NA,NA,NA,NA,NA,NA,NA,NA,NA,NA
17563,NA,2026,S,6,6,6,2,FALSE,NA,NA,NA,NA,NA,NA,NA,NA,NA,NA,NA,NA
14910,NA,2026,S,7,7,7,2,FALSE,NA,NA,NA,NA,NA,NA,NA,NA,NA,NA,NA,NA
15835,NA,2026,S,8,8,8,2,FALSE,NA,NA,NA,NA,NA,NA,NA,NA,NA,NA,NA,NA
13322,NA,2026,S,9,9,9,2,FALSE,NA,NA,NA,NA,NA,NA,NA,NA,NA,NA,NA,NA
17576,NA,2026,S,10,10,10,2,FALSE,NA,NA,NA,NA,NA,NA,NA,NA,NA,NA,NA,NA
17582,NA,2026,S,11,11,11,2,FALSE,NA,NA,NA,NA,NA,NA,NA,NA,NA,NA,NA,NA
17640,NA,2026,S,12,12,12,2,FALSE,NA,NA,NA,NA,NA,NA,NA,NA,NA,NA,NA,NA
14927,NA,2026,S,13.5,13.5,13.5,2,FALSE,NA,NA,NA,NA,NA,NA,NA,NA,NA,NA,NA,NA
15860,NA,2026,S,13.5,13.5,13.5,2,FALSE,NA,NA,NA,NA,NA,NA,NA,NA,NA,NA,NA,NA
17202,NA,2026,S,15,15,15,2,FALSE,NA,NA,NA,NA,NA,NA,NA,NA,NA,NA,NA,NA
13251,NA,2026,S,16,16,16,2,FALSE,NA,NA,NA,NA,NA,NA,NA,NA,NA,NA,NA,NA
13714,NA,2026,S,17,17,17,2,FALSE,NA,NA,NA,NA,NA,NA,NA,NA,NA,NA,NA,NA
13767,NA,2026,S,18,18,18,2,FALSE,NA,NA,NA,NA,NA,NA,NA,NA,NA,NA,NA,NA
15364,NA,2026,S,19,19,19,2,FALSE,NA,NA,NA,NA,NA,NA,NA,NA,NA,NA,NA,NA
16719,NA,2026,S,20,20,20,2,FALSE,NA,NA,NA,NA,NA,NA,NA,NA,NA,NA,NA,NA
15839,NA,2026,S,21,21,21,2,FALSE,NA,NA,NA,NA,NA,NA,NA,NA,NA,NA,NA,NA
16245,NA,2026,S,22,22,22,2,FALSE,NA,NA,NA,NA,NA,NA,NA,NA,NA,NA,NA,NA
17167,NA,2026,S,23,23.5,23,2,FALSE,NA,NA,NA,NA,NA,NA,NA,NA,NA,NA,NA,NA
16676,NA,2026,S,60.5,23.5,23.5,1,FALSE,NA,NA,NA,NA,NA,NA,NA,NA,NA,NA,NA,NA
15834,NA,2026,S,24,25,24,2,FALSE,NA,NA,NA,NA,NA,NA,NA,NA,NA,NA,NA,NA
14933,NA,2026,S,25.5,26.5,25.5,2,FALSE,NA,NA,NA,NA,NA,NA,NA,NA,NA,NA,NA,NA
16708,NA,2026,S,25.5,26.5,25.5,2,FALSE,NA,NA,NA,NA,NA,NA,NA,NA,NA,NA,NA,NA
15676,NA,2026,S,27.5,28.5,27.5,2,FALSE,NA,NA,NA,NA,NA,NA,NA,NA,NA,NA,NA,NA
17207,NA,2026,S,27.5,28.5,27.5,2,FALSE,NA,NA,NA,NA,NA,NA,NA,NA,NA,NA,NA,NA
15850,NA,2026,S,29,30,29,2,FALSE,NA,NA,NA,NA,NA,NA,NA,NA,NA,NA,NA,NA
15418,NA,2026,S,30,31.5,30,2,FALSE,NA,NA,NA,NA,NA,NA,NA,NA,NA,NA,NA,NA
17577,NA,2026,S,67.5,31.5,31.5,1,FALSE,NA,NA,NA,NA,NA,NA,NA,NA,NA,NA,NA,NA
14909,NA,2026,S,31.5,33.5,31.5,2,FALSE,NA,NA,NA,NA,NA,NA,NA,NA,NA,NA,NA,NA
17145,NA,2026,S,31.5,33.5,31.5,2,FALSE,NA,NA,NA,NA,NA,NA,NA,NA,NA,NA,NA,NA
16928,NA,2026,S,33.5,35.5,33.5,2,FALSE,NA,NA,NA,NA,NA,NA,NA,NA,NA,NA,NA,NA
13717,NA,2026,S,33.5,35.5,33.5,2,FALSE,NA,NA,NA,NA,NA,NA,NA,NA,NA,NA,NA,NA
17132,NA,2026,S,35,37,35,2,FALSE,NA,NA,NA,NA,NA,NA,NA,NA,NA,NA,NA,NA
17172,NA,2026,S,36,38,36,2,FALSE,NA,NA,NA,NA,NA,NA,NA,NA,NA,NA,NA,NA
16705,NA,2026,S,37,39,37,2,FALSE,NA,NA,NA,NA,NA,NA,NA,NA,NA,NA,NA,NA
14907,NA,2026,S,39,41,39,2,FALSE,NA,NA,NA,NA,NA,NA,NA,NA,NA,NA,NA,NA
14302,NA,2026,S,39,41,39,2,FALSE,NA,NA,NA,NA,NA,NA,NA,NA,NA,NA,NA,NA
17131,NA,2026,S,39,41,39,2,FALSE,NA,NA,NA,NA,NA,NA,NA,NA,NA,NA,NA,NA
15946,NA,2026,S,41,43,41,2,FALSE,NA,NA,NA,NA,NA,NA,NA,NA,NA,NA,NA,NA
16281,NA,2026,S,43.5,45.5,43.5,2,FALSE,NA,NA,NA,NA,NA,NA,NA,NA,NA,NA,NA,NA
11327,NA,2026,S,43.5,45.5,43.5,2,FALSE,NA,NA,NA,NA,NA,NA,NA,NA,NA,NA,NA,NA
14995,NA,2026,S,43.5,45.5,43.5,2,FALSE,NA,NA,NA,NA,NA,NA,NA,NA,NA,NA,NA,NA
16679,NA,2026,S,43.5,45.5,43.5,2,FALSE,NA,NA,NA,NA,NA,NA,NA,NA,NA,NA,NA,NA
10783,NA,2026,S,46,48.5,46,2,FALSE,NA,NA,NA,NA,NA,NA,NA,NA,NA,NA,NA,NA
14518,NA,2026,S,47,50,47,2,FALSE,NA,NA,NA,NA,NA,NA,NA,NA,NA,NA,NA,NA
15402,NA,2026,S,72.5,48.5,48.5,1,FALSE,NA,NA,NA,NA,NA,NA,NA,NA,NA,NA,NA,NA
16018,NA,2026,S,49,52,49,2,FALSE,NA,NA,NA,NA,NA,NA,NA,NA,NA,NA,NA,NA
14224,NA,2026,S,49,52,49,2,FALSE,NA,NA,NA,NA,NA,NA,NA,NA,NA,NA,NA,NA
15140,NA,2026,S,49,52,49,2,FALSE,NA,NA,NA,NA,NA,NA,NA,NA,NA,NA,NA,NA
13737,NA,2026,S,51.5,54.5,51.5,2,FALSE,NA,NA,NA,NA,NA,NA,NA,NA,NA,NA,NA,NA
16700,NA,2026,S,51.5,54.5,51.5,2,FALSE,NA,NA,NA,NA,NA,NA,NA,NA,NA,NA,NA,NA
16727,NA,2026,S,53,56,53,2,FALSE,NA,NA,NA,NA,NA,NA,NA,NA,NA,NA,NA,NA
16460,NA,2026,S,54,57,54,2,FALSE,NA,NA,NA,NA,NA,NA,NA,NA,NA,NA,NA,NA
14270,NA,2026,S,55.5,58.5,55.5,2,FALSE,NA,NA,NA,NA,NA,NA,NA,NA,NA,NA,NA,NA
17626,NA,2026,S,55.5,58.5,55.5,2,FALSE,NA,NA,NA,NA,NA,NA,NA,NA,NA,NA,NA,NA
15452,NA,2026,S,57,60,57,2,FALSE,NA,NA,NA,NA,NA,NA,NA,NA,NA,NA,NA,NA
17601,NA,2026,S,58,61,58,2,FALSE,NA,NA,NA,NA,NA,NA,NA,NA,NA,NA,NA,NA
15001,NA,2026,S,60.5,63,60.5,2,FALSE,NA,NA,NA,NA,NA,NA,NA,NA,NA,NA,NA,NA
14982,NA,2026,S,60.5,63,60.5,2,FALSE,NA,NA,NA,NA,NA,NA,NA,NA,NA,NA,NA,NA
16246,NA,2026,S,60.5,63,60.5,2,FALSE,NA,NA,NA,NA,NA,NA,NA,NA,NA,NA,NA,NA
16263,NA,2026,S,63,65,63,2,FALSE,NA,NA,NA,NA,NA,NA,NA,NA,NA,NA,NA,NA
14434,NA,2026,S,64,66,64,2,FALSE,NA,NA,NA,NA,NA,NA,NA,NA,NA,NA,NA,NA
16912,NA,2026,S,65.5,67.5,65.5,2,FALSE,NA,NA,NA,NA,NA,NA,NA,NA,NA,NA,NA,NA
17166,NA,2026,S,65.5,67.5,65.5,2,FALSE,NA,NA,NA,NA,NA,NA,NA,NA,NA,NA,NA,NA
15921,NA,2026,S,67.5,69,67.5,2,FALSE,NA,NA,NA,NA,NA,NA,NA,NA,NA,NA,NA,NA
15875,NA,2026,S,69,70.5,69,2,FALSE,NA,NA,NA,NA,NA,NA,NA,NA,NA,NA,NA,NA
16271,NA,2026,S,70,72,70,2,FALSE,NA,NA,NA,NA,NA,NA,NA,NA,NA,NA,NA,NA
17246,NA,2026,S,85.5,70.5,70.5,1,FALSE,NA,NA,NA,NA,NA,NA,NA,NA,NA,NA,NA,NA
12752,NA,2026,S,71,73,71,2,FALSE,NA,NA,NA,NA,NA,NA,NA,NA,NA,NA,NA,NA
17181,NA,2026,S,72.5,74,72.5,2,FALSE,NA,NA,NA,NA,NA,NA,NA,NA,NA,NA,NA,NA
15985,NA,2026,S,75,76,75,2,FALSE,NA,NA,NA,NA,NA,NA,NA,NA,NA,NA,NA,NA
13288,NA,2026,S,75,76,75,2,FALSE,NA,NA,NA,NA,NA,NA,NA,NA,NA,NA,NA,NA
17680,NA,2026,S,75,76,75,2,FALSE,NA,NA,NA,NA,NA,NA,NA,NA,NA,NA,NA,NA
14954,NA,2026,S,78,79,78,2,FALSE,NA,NA,NA,NA,NA,NA,NA,NA,NA,NA,NA,NA
15365,NA,2026,S,78,79,78,2,FALSE,NA,NA,NA,NA,NA,NA,NA,NA,NA,NA,NA,NA
17753,NA,2026,S,78,79,78,2,FALSE,NA,NA,NA,NA,NA,NA,NA,NA,NA,NA,NA,NA
16677,NA,2026,S,80,81,80,2,FALSE,NA,NA,NA,NA,NA,NA,NA,NA,NA,NA,NA,NA
14908,NA,2026,S,81,82,81,2,FALSE,NA,NA,NA,NA,NA,NA,NA,NA,NA,NA,NA,NA
17153,NA,2026,S,82,83,82,2,FALSE,NA,NA,NA,NA,NA,NA,NA,NA,NA,NA,NA,NA
16725,NA,2026,S,83.5,84.5,83.5,2,FALSE,NA,NA,NA,NA,NA,NA,NA,NA,NA,NA,NA,NA
17250,NA,2026,S,83.5,84.5,83.5,2,FALSE,NA,NA,NA,NA,NA,NA,NA,NA,NA,NA,NA,NA
12772,NA,2026,S,85.5,87,85.5,2,FALSE,NA,NA,NA,NA,NA,NA,NA,NA,NA,NA,NA,NA
16457,NA,2026,S,99.5,87,87,1,FALSE,NA,NA,NA,NA,NA,NA,NA,NA,NA,NA,NA,NA
17239,NA,2026,S,99.5,87,87,1,FALSE,NA,NA,NA,NA,NA,NA,NA,NA,NA,NA,NA,NA
17211,NA,2026,S,88.5,91,88.5,2,FALSE,NA,NA,NA,NA,NA,NA,NA,NA,NA,NA,NA,NA
15094,NA,2026,S,88.5,91,88.5,2,FALSE,NA,NA,NA,NA,NA,NA,NA,NA,NA,NA,NA,NA
16880,NA,2026,S,88.5,91,88.5,2,FALSE,NA,NA,NA,NA,NA,NA,NA,NA,NA,NA,NA,NA
16900,NA,2026,S,88.5,91,88.5,2,FALSE,NA,NA,NA,NA,NA,NA,NA,NA,NA,NA,NA,NA
13228,NA,2026,S,104.5,91,91,1,FALSE,NA,NA,NA,NA,NA,NA,NA,NA,NA,NA,NA,NA
16102,NA,2026,S,91,94,91,2,FALSE,NA,NA,NA,NA,NA,NA,NA,NA,NA,NA,NA,NA
16014,NA,2026,S,94.5,97.5,94.5,2,FALSE,NA,NA,NA,NA,NA,NA,NA,NA,NA,NA,NA,NA
14911,NA,2026,S,94.5,97.5,94.5,2,FALSE,NA,NA,NA,NA,NA,NA,NA,NA,NA,NA,NA,NA
16311,NA,2026,S,94.5,97.5,94.5,2,FALSE,NA,NA,NA,NA,NA,NA,NA,NA,NA,NA,NA,NA
17365,NA,2026,S,94.5,97.5,94.5,2,FALSE,NA,NA,NA,NA,NA,NA,NA,NA,NA,NA,NA,NA
17755,NA,2026,S,94.5,97.5,94.5,2,FALSE,NA,NA,NA,NA,NA,NA,NA,NA,NA,NA,NA,NA
14414,NA,2026,S,94.5,97.5,94.5,2,FALSE,NA,NA,NA,NA,NA,NA,NA,NA,NA,NA,NA,NA
17319,NA,2026,S,99.5,101.5,99.5,2,FALSE,NA,NA,NA,NA,NA,NA,NA,NA,NA,NA,NA,NA
17186,NA,2026,S,99.5,101.5,99.5,2,FALSE,NA,NA,NA,NA,NA,NA,NA,NA,NA,NA,NA,NA
16352,NA,2026,S,104.5,106.5,104.5,2,FALSE,NA,NA,NA,NA,NA,NA,NA,NA,NA,NA,NA,NA
15956,NA,2026,S,104.5,106.5,104.5,2,FALSE,NA,NA,NA,NA,NA,NA,NA,NA,NA,NA,NA,NA
12776,NA,2026,S,104.5,106.5,104.5,2,FALSE,NA,NA,NA,NA,NA,NA,NA,NA,NA,NA,NA,NA
17575,NA,2026,S,104.5,106.5,104.5,2,FALSE,NA,NA,NA,NA,NA,NA,NA,NA,NA,NA,NA,NA
15510,NA,2026,S,104.5,106.5,104.5,2,FALSE,NA,NA,NA,NA,NA,NA,NA,NA,NA,NA,NA,NA
17144,NA,2026,S,113.5,106.5,106.5,1,FALSE,NA,NA,NA,NA,NA,NA,NA,NA,NA,NA,NA,NA
16515,NA,2026,S,113.5,106.5,106.5,1,FALSE,NA,NA,NA,NA,NA,NA,NA,NA,NA,NA,NA,NA
13325,NA,2026,S,113.5,106.5,106.5,1,FALSE,NA,NA,NA,NA,NA,NA,NA,NA,NA,NA,NA,NA
15527,NA,2026,S,109,112,109,2,FALSE,NA,NA,NA,NA,NA,NA,NA,NA,NA,NA,NA,NA
17229,NA,2026,S,109,112,109,2,FALSE,NA,NA,NA,NA,NA,NA,NA,NA,NA,NA,NA,NA
17223,NA,2026,S,109,112,109,2,FALSE,NA,NA,NA,NA,NA,NA,NA,NA,NA,NA,NA,NA
14942,NA,2026,S,113.5,115,113.5,2,FALSE,NA,NA,NA,NA,NA,NA,NA,NA,NA,NA,NA,NA
17398,NA,2026,S,113.5,115,113.5,2,FALSE,NA,NA,NA,NA,NA,NA,NA,NA,NA,NA,NA,NA
17343,NA,2026,S,113.5,115,113.5,2,FALSE,NA,NA,NA,NA,NA,NA,NA,NA,NA,NA,NA,NA
16340,NA,2026,S,118,118,118,2,FALSE,NA,NA,NA,NA,NA,NA,NA,NA,NA,NA,NA,NA
16304,NA,2026,S,118,118,118,2,FALSE,NA,NA,NA,NA,NA,NA,NA,NA,NA,NA,NA,NA
16989,NA,2026,S,118,118,118,2,FALSE,NA,NA,NA,NA,NA,NA,NA,NA,NA,NA,NA,NA
16247,NA,2026,S,120,120,120,2,FALSE,NA,NA,NA,NA,NA,NA,NA,NA,NA,NA,NA,NA
15469,NA,2026,S,121,121,121,2,FALSE,NA,NA,NA,NA,NA,NA,NA,NA,NA,NA,NA,NA
15874,NA,2026,S,125.5,125.5,125.5,2,FALSE,NA,NA,NA,NA,NA,NA,NA,NA,NA,NA,NA,NA
13713,NA,2026,S,125.5,125.5,125.5,1,FALSE,NA,NA,NA,NA,NA,NA,NA,NA,NA,NA,NA,NA
16571,NA,2026,S,125.5,125.5,125.5,1,FALSE,NA,NA,NA,NA,NA,NA,NA,NA,NA,NA,NA,NA
15363,NA,2026,S,125.5,125.5,125.5,2,FALSE,NA,NA,NA,NA,NA,NA,NA,NA,NA,NA,NA,NA
16750,NA,2026,S,125.5,125.5,125.5,2,FALSE,NA,NA,NA,NA,NA,NA,NA,NA,NA,NA,NA,NA
17564,NA,2026,S,125.5,125.5,125.5,2,FALSE,NA,NA,NA,NA,NA,NA,NA,NA,NA,NA,NA,NA
16717,NA,2026,S,125.5,125.5,125.5,1,FALSE,NA,NA,NA,NA,NA,NA,NA,NA,NA,NA,NA,NA
16375,NA,2026,S,125.5,125.5,125.5,2,FALSE,NA,NA,NA,NA,NA,NA,NA,NA,NA,NA,NA,NA
15595,NA,2026,S,130,130,130,2,FALSE,NA,NA,NA,NA,NA,NA,NA,NA,NA,NA,NA,NA
17423,NA,2026,S,131,131,131,2,FALSE,NA,NA,NA,NA,NA,NA,NA,NA,NA,NA,NA,NA
15903,NA,2026,S,132.5,132.5,132.5,2,FALSE,NA,NA,NA,NA,NA,NA,NA,NA,NA,NA,NA,NA
14921,NA,2026,S,132.5,132.5,132.5,2,FALSE,NA,NA,NA,NA,NA,NA,NA,NA,NA,NA,NA,NA
13939,NA,2026,S,134,134,134,2,FALSE,NA,NA,NA,NA,NA,NA,NA,NA,NA,NA,NA,NA
15148,NA,2026,S,135,135,135,2,FALSE,NA,NA,NA,NA,NA,NA,NA,NA,NA,NA,NA,NA
16213,NA,2026,TE,1,1,1,2,FALSE,NA,NA,NA,NA,NA,NA,NA,NA,NA,NA,NA,NA
11244,NA,2026,TE,2,2,2,2,FALSE,NA,NA,NA,NA,NA,NA,NA,NA,NA,NA,NA,NA
15794,NA,2026,TE,3,3,3,2,FALSE,NA,NA,NA,NA,NA,NA,NA,NA,NA,NA,NA,NA
13674,NA,2026,TE,4,4,4,2,FALSE,NA,NA,NA,NA,NA,NA,NA,NA,NA,NA,NA,NA
13672,NA,2026,TE,5,5,5,2,FALSE,NA,NA,NA,NA,NA,NA,NA,NA,NA,NA,NA,NA
15798,NA,2026,TE,6,6,6,2,FALSE,NA,NA,NA,NA,NA,NA,NA,NA,NA,NA,NA,NA
14861,NA,2026,TE,7,7,7,2,FALSE,NA,NA,NA,NA,NA,NA,NA,NA,NA,NA,NA,NA
15331,NA,2026,TE,8,8,8,2,FALSE,NA,NA,NA,NA,NA,NA,NA,NA,NA,NA,NA,NA
13772,NA,2026,TE,9,9,9,2,FALSE,NA,NA,NA,NA,NA,NA,NA,NA,NA,NA,NA,NA
13189,NA,2026,TE,10,10,10,2,FALSE,NA,NA,NA,NA,NA,NA,NA,NA,NA,NA,NA,NA
14138,NA,2026,TE,11,11,11,2,FALSE,NA,NA,NA,NA,NA,NA,NA,NA,NA,NA,NA,NA
16214,NA,2026,TE,12,12,12,2,FALSE,NA,NA,NA,NA,NA,NA,NA,NA,NA,NA,NA,NA
12263,NA,2026,TE,13,13,13,2,FALSE,NA,NA,NA,NA,NA,NA,NA,NA,NA,NA,NA,NA
13192,NA,2026,TE,14,14,14,2,FALSE,NA,NA,NA,NA,NA,NA,NA,NA,NA,NA,NA,NA
14867,NA,2026,TE,15,15,15,2,FALSE,NA,NA,NA,NA,NA,NA,NA,NA,NA,NA,NA,NA
17099,NA,2026,TE,16,16,16,2,FALSE,NA,NA,NA,NA,NA,NA,NA,NA,NA,NA,NA,NA
16222,NA,2026,TE,17,17,17,2,FALSE,NA,NA,NA,NA,NA,NA,NA,NA,NA,NA,NA,NA
13671,NA,2026,TE,18,18,18,2,FALSE,NA,NA,NA,NA,NA,NA,NA,NA,NA,NA,NA,NA
13193,NA,2026,TE,19,19,19,2,FALSE,NA,NA,NA,NA,NA,NA,NA,NA,NA,NA,NA,NA
13299,NA,2026,TE,20,20,20,2,FALSE,NA,NA,NA,NA,NA,NA,NA,NA,NA,NA,NA,NA
15799,NA,2026,TE,21,21,21,2,FALSE,NA,NA,NA,NA,NA,NA,NA,NA,NA,NA,NA,NA
17607,NA,2026,TE,22,22,22,2,FALSE,NA,NA,NA,NA,NA,NA,NA,NA,NA,NA,NA,NA
12676,NA,2026,TE,23,23,23,2,FALSE,NA,NA,NA,NA,NA,NA,NA,NA,NA,NA,NA,NA
17103,NA,2026,TE,24,24,24,2,FALSE,NA,NA,NA,NA,NA,NA,NA,NA,NA,NA,NA,NA
16269,NA,2026,TE,25,25,25,2,FALSE,NA,NA,NA,NA,NA,NA,NA,NA,NA,NA,NA,NA
16474,NA,2026,TE,26,26,26,2,FALSE,NA,NA,NA,NA,NA,NA,NA,NA,NA,NA,NA,NA
17102,NA,2026,TE,27,27,27,2,FALSE,NA,NA,NA,NA,NA,NA,NA,NA,NA,NA,NA,NA
14137,NA,2026,TE,28,28,28,2,FALSE,NA,NA,NA,NA,NA,NA,NA,NA,NA,NA,NA,NA
17543,NA,2026,TE,29,29,29,2,FALSE,NA,NA,NA,NA,NA,NA,NA,NA,NA,NA,NA,NA
16212,NA,2026,TE,30,30,30,2,FALSE,NA,NA,NA,NA,NA,NA,NA,NA,NA,NA,NA,NA
14239,NA,2026,TE,31,31,31,2,FALSE,NA,NA,NA,NA,NA,NA,NA,NA,NA,NA,NA,NA
15797,NA,2026,TE,32,32,32,2,FALSE,NA,NA,NA,NA,NA,NA,NA,NA,NA,NA,NA,NA
15802,NA,2026,TE,33,33,33,2,FALSE,NA,NA,NA,NA,NA,NA,NA,NA,NA,NA,NA,NA
17107,NA,2026,TE,34.5,34.5,34.5,2,FALSE,NA,NA,NA,NA,NA,NA,NA,NA,NA,NA,NA,NA
17105,NA,2026,TE,34.5,34.5,34.5,2,FALSE,NA,NA,NA,NA,NA,NA,NA,NA,NA,NA,NA,NA
14209,NA,2026,TE,36.5,36.5,36.5,2,FALSE,NA,NA,NA,NA,NA,NA,NA,NA,NA,NA,NA,NA
16647,NA,2026,TE,36.5,36.5,36.5,2,FALSE,NA,NA,NA,NA,NA,NA,NA,NA,NA,NA,NA,NA
16333,NA,2026,TE,38.5,38.5,38.5,2,FALSE,NA,NA,NA,NA,NA,NA,NA,NA,NA,NA,NA,NA
15626,NA,2026,TE,38.5,38.5,38.5,2,FALSE,NA,NA,NA,NA,NA,NA,NA,NA,NA,NA,NA,NA
16219,NA,2026,TE,40,41,40,2,FALSE,NA,NA,NA,NA,NA,NA,NA,NA,NA,NA,NA,NA
15889,NA,2026,TE,52.5,40,40,1,FALSE,NA,NA,NA,NA,NA,NA,NA,NA,NA,NA,NA,NA
16723,NA,2026,TE,41.5,42.5,41.5,2,FALSE,NA,NA,NA,NA,NA,NA,NA,NA,NA,NA,NA,NA
16940,NA,2026,TE,41.5,42.5,41.5,2,FALSE,NA,NA,NA,NA,NA,NA,NA,NA,NA,NA,NA,NA
17593,NA,2026,TE,43,44,43,2,FALSE,NA,NA,NA,NA,NA,NA,NA,NA,NA,NA,NA,NA
16216,NA,2026,TE,44,45,44,2,FALSE,NA,NA,NA,NA,NA,NA,NA,NA,NA,NA,NA,NA
14146,NA,2026,TE,45,46,45,2,FALSE,NA,NA,NA,NA,NA,NA,NA,NA,NA,NA,NA,NA
17627,NA,2026,TE,46,47,46,2,FALSE,NA,NA,NA,NA,NA,NA,NA,NA,NA,NA,NA,NA
15335,NA,2026,TE,47,48,47,2,FALSE,NA,NA,NA,NA,NA,NA,NA,NA,NA,NA,NA,NA
17268,NA,2026,TE,48,49,48,2,FALSE,NA,NA,NA,NA,NA,NA,NA,NA,NA,NA,NA,NA
14143,NA,2026,TE,49.5,50.5,49.5,2,FALSE,NA,NA,NA,NA,NA,NA,NA,NA,NA,NA,NA,NA
16898,NA,2026,TE,49.5,50.5,49.5,2,FALSE,NA,NA,NA,NA,NA,NA,NA,NA,NA,NA,NA,NA
17419,NA,2026,TE,51,52,51,2,FALSE,NA,NA,NA,NA,NA,NA,NA,NA,NA,NA,NA,NA
17108,NA,2026,TE,52.5,53,52.5,2,FALSE,NA,NA,NA,NA,NA,NA,NA,NA,NA,NA,NA,NA
13678,NA,2026,TE,54,55.5,54,2,FALSE,NA,NA,NA,NA,NA,NA,NA,NA,NA,NA,NA,NA
16367,NA,2026,TE,59,54,54,1,FALSE,NA,NA,NA,NA,NA,NA,NA,NA,NA,NA,NA,NA
17567,NA,2026,TE,61,55.5,55.5,1,FALSE,NA,NA,NA,NA,NA,NA,NA,NA,NA,NA,NA,NA
15244,NA,2026,TE,56.5,58.5,56.5,2,FALSE,NA,NA,NA,NA,NA,NA,NA,NA,NA,NA,NA,NA
12677,NA,2026,TE,56.5,58.5,56.5,2,FALSE,NA,NA,NA,NA,NA,NA,NA,NA,NA,NA,NA,NA
17660,NA,2026,TE,56.5,58.5,56.5,2,FALSE,NA,NA,NA,NA,NA,NA,NA,NA,NA,NA,NA,NA
17774,NA,2026,TE,56.5,58.5,56.5,2,FALSE,NA,NA,NA,NA,NA,NA,NA,NA,NA,NA,NA,NA
15344,NA,2026,TE,60,61.5,60,2,FALSE,NA,NA,NA,NA,NA,NA,NA,NA,NA,NA,NA,NA
14370,NA,2026,TE,66.5,61.5,61.5,1,FALSE,NA,NA,NA,NA,NA,NA,NA,NA,NA,NA,NA,NA
15937,NA,2026,TE,62.5,63.5,62.5,2,FALSE,NA,NA,NA,NA,NA,NA,NA,NA,NA,NA,NA,NA
17696,NA,2026,TE,62.5,63.5,62.5,2,FALSE,NA,NA,NA,NA,NA,NA,NA,NA,NA,NA,NA,NA
15873,NA,2026,TE,64,65,64,2,FALSE,NA,NA,NA,NA,NA,NA,NA,NA,NA,NA,NA,NA
16644,NA,2026,TE,65,66,65,2,FALSE,NA,NA,NA,NA,NA,NA,NA,NA,NA,NA,NA,NA
15796,NA,2026,TE,66.5,67,66.5,2,FALSE,NA,NA,NA,NA,NA,NA,NA,NA,NA,NA,NA,NA
16217,NA,2026,TE,68,68,68,2,FALSE,NA,NA,NA,NA,NA,NA,NA,NA,NA,NA,NA,NA
15795,NA,2026,TE,69,69,69,2,FALSE,NA,NA,NA,NA,NA,NA,NA,NA,NA,NA,NA,NA
16642,NA,2026,TE,70,70,70,2,FALSE,NA,NA,NA,NA,NA,NA,NA,NA,NA,NA,NA,NA
13246,NA,2026,TE,82,82,82,2,FALSE,NA,NA,NA,NA,NA,NA,NA,NA,NA,NA,NA,NA
17231,NA,2026,TE,82,82,82,2,FALSE,NA,NA,NA,NA,NA,NA,NA,NA,NA,NA,NA,NA
13675,NA,2026,TE,82,82,82,2,FALSE,NA,NA,NA,NA,NA,NA,NA,NA,NA,NA,NA,NA
17651,NA,2026,TE,82,82,82,2,FALSE,NA,NA,NA,NA,NA,NA,NA,NA,NA,NA,NA,NA
16218,NA,2026,TE,82,82,82,2,FALSE,NA,NA,NA,NA,NA,NA,NA,NA,NA,NA,NA,NA
17545,NA,2026,TE,82,82,82,1,FALSE,NA,NA,NA,NA,NA,NA,NA,NA,NA,NA,NA,NA
15419,NA,2026,TE,82,82,82,1,FALSE,NA,NA,NA,NA,NA,NA,NA,NA,NA,NA,NA,NA
15337,NA,2026,TE,82,82,82,2,FALSE,NA,NA,NA,NA,NA,NA,NA,NA,NA,NA,NA,NA
17213,NA,2026,TE,82,82,82,2,FALSE,NA,NA,NA,NA,NA,NA,NA,NA,NA,NA,NA,NA
16919,NA,2026,TE,82,82,82,2,FALSE,NA,NA,NA,NA,NA,NA,NA,NA,NA,NA,NA,NA
17414,NA,2026,TE,82,82,82,1,FALSE,NA,NA,NA,NA,NA,NA,NA,NA,NA,NA,NA,NA
15929,NA,2026,TE,82,82,82,2,FALSE,NA,NA,NA,NA,NA,NA,NA,NA,NA,NA,NA,NA
17547,NA,2026,TE,82,82,82,1,FALSE,NA,NA,NA,NA,NA,NA,NA,NA,NA,NA,NA,NA
12955,NA,2026,TE,82,82,82,2,FALSE,NA,NA,NA,NA,NA,NA,NA,NA,NA,NA,NA,NA
16831,NA,2026,TE,82,82,82,2,FALSE,NA,NA,NA,NA,NA,NA,NA,NA,NA,NA,NA,NA
15620,NA,2026,TE,82,82,82,2,FALSE,NA,NA,NA,NA,NA,NA,NA,NA,NA,NA,NA,NA
16036,NA,2026,TE,82,82,82,1,FALSE,NA,NA,NA,NA,NA,NA,NA,NA,NA,NA,NA,NA
13427,NA,2026,TE,82,82,82,2,FALSE,NA,NA,NA,NA,NA,NA,NA,NA,NA,NA,NA,NA
17655,NA,2026,TE,82,82,82,2,FALSE,NA,NA,NA,NA,NA,NA,NA,NA,NA,NA,NA,NA
14870,NA,2026,TE,82,82,82,2,FALSE,NA,NA,NA,NA,NA,NA,NA,NA,NA,NA,NA,NA
16312,NA,2026,TE,82,82,82,2,FALSE,NA,NA,NA,NA,NA,NA,NA,NA,NA,NA,NA,NA
12608,NA,2026,TE,82,82,82,2,FALSE,NA,NA,NA,NA,NA,NA,NA,NA,NA,NA,NA,NA
15840,NA,2026,TE,82,82,82,2,FALSE,NA,NA,NA,NA,NA,NA,NA,NA,NA,NA,NA,NA
15341,NA,2026,TE,94,94,94,2,FALSE,NA,NA,NA,NA,NA,NA,NA,NA,NA,NA,NA,NA
13676,NA,2026,TE,95,95,95,2,FALSE,NA,NA,NA,NA,NA,NA,NA,NA,NA,NA,NA,NA
15332,NA,2026,TE,96.5,96.5,96.5,2,FALSE,NA,NA,NA,NA,NA,NA,NA,NA,NA,NA,NA,NA
14984,NA,2026,TE,96.5,96.5,96.5,2,FALSE,NA,NA,NA,NA,NA,NA,NA,NA,NA,NA,NA,NA
14871,NA,2026,TE,98,98,98,2,FALSE,NA,NA,NA,NA,NA,NA,NA,NA,NA,NA,NA,NA
16645,NA,2026,TE,99.5,99.5,99.5,2,FALSE,NA,NA,NA,NA,NA,NA,NA,NA,NA,NA,NA,NA
15916,NA,2026,TE,99.5,99.5,99.5,2,FALSE,NA,NA,NA,NA,NA,NA,NA,NA,NA,NA,NA,NA
17605,NA,2026,TE,101.5,101.5,101.5,2,FALSE,NA,NA,NA,NA,NA,NA,NA,NA,NA,NA,NA,NA
16221,NA,2026,TE,101.5,101.5,101.5,2,FALSE,NA,NA,NA,NA,NA,NA,NA,NA,NA,NA,NA,NA
16649,NA,2026,TE,103,103,103,2,FALSE,NA,NA,NA,NA,NA,NA,NA,NA,NA,NA,NA,NA
15329,NA,2026,TE,104,104,104,2,FALSE,NA,NA,NA,NA,NA,NA,NA,NA,NA,NA,NA,NA
15334,NA,2026,TE,105,105,105,2,FALSE,NA,NA,NA,NA,NA,NA,NA,NA,NA,NA,NA,NA
17549,NA,2026,TE,106,106,106,2,FALSE,NA,NA,NA,NA,NA,NA,NA,NA,NA,NA,NA,NA
17591,NA,2026,TE,107,107,107,2,FALSE,NA,NA,NA,NA,NA,NA,NA,NA,NA,NA,NA,NA
13940,NA,2026,TE,108,108,108,2,FALSE,NA,NA,NA,NA,NA,NA,NA,NA,NA,NA,NA,NA
17109,NA,2026,TE,109,109,109,2,FALSE,NA,NA,NA,NA,NA,NA,NA,NA,NA,NA,NA,NA
13315,NA,2026,TE,110,110,110,2,FALSE,NA,NA,NA,NA,NA,NA,NA,NA,NA,NA,NA,NA
17106,NA,2026,TE,111,111,111,2,FALSE,NA,NA,NA,NA,NA,NA,NA,NA,NA,NA,NA,NA
12678,NA,2026,TE,112,112,112,2,FALSE,NA,NA,NA,NA,NA,NA,NA,NA,NA,NA,NA,NA
17104,NA,2026,TE,113,113,113,2,FALSE,NA,NA,NA,NA,NA,NA,NA,NA,NA,NA,NA,NA
16190,NA,2026,WR,5,1,1,1,FALSE,NA,NA,NA,NA,NA,NA,NA,NA,NA,NA,NA,NA
16185,NA,2026,WR,1,2,1,2,FALSE,NA,NA,NA,NA,NA,NA,NA,NA,NA,NA,NA,NA
15754,NA,2026,WR,2,3,2,2,FALSE,NA,NA,NA,NA,NA,NA,NA,NA,NA,NA,NA,NA
15789,NA,2026,WR,3,4,3,2,FALSE,NA,NA,NA,NA,NA,NA,NA,NA,NA,NA,NA,NA
16809,NA,2026,WR,4,5,4,2,FALSE,NA,NA,NA,NA,NA,NA,NA,NA,NA,NA,NA,NA
15290,NA,2026,WR,27,6,6,1,FALSE,NA,NA,NA,NA,NA,NA,NA,NA,NA,NA,NA,NA
14836,NA,2026,WR,6,7,6,2,FALSE,NA,NA,NA,NA,NA,NA,NA,NA,NA,NA,NA,NA
15287,NA,2026,WR,7,8,7,2,FALSE,NA,NA,NA,NA,NA,NA,NA,NA,NA,NA,NA,NA
16192,NA,2026,WR,8,9,8,2,FALSE,NA,NA,NA,NA,NA,NA,NA,NA,NA,NA,NA,NA
14832,NA,2026,WR,9,10,9,2,FALSE,NA,NA,NA,NA,NA,NA,NA,NA,NA,NA,NA,NA
11675,NA,2026,WR,10,11,10,2,FALSE,NA,NA,NA,NA,NA,NA,NA,NA,NA,NA,NA,NA
17500,NA,2026,WR,11,12,11,2,FALSE,NA,NA,NA,NA,NA,NA,NA,NA,NA,NA,NA,NA
16195,NA,2026,WR,12,13,12,2,FALSE,NA,NA,NA,NA,NA,NA,NA,NA,NA,NA,NA,NA
16627,NA,2026,WR,13,14,13,2,FALSE,NA,NA,NA,NA,NA,NA,NA,NA,NA,NA,NA,NA
13635,NA,2026,WR,14,16,14,2,FALSE,NA,NA,NA,NA,NA,NA,NA,NA,NA,NA,NA,NA
16211,NA,2026,WR,43,15,15,1,FALSE,NA,NA,NA,NA,NA,NA,NA,NA,NA,NA,NA,NA
16788,NA,2026,WR,15,18,15,2,FALSE,NA,NA,NA,NA,NA,NA,NA,NA,NA,NA,NA,NA
15282,NA,2026,WR,16,19,16,2,FALSE,NA,NA,NA,NA,NA,NA,NA,NA,NA,NA,NA,NA
14842,NA,2026,WR,47,17,17,1,FALSE,NA,NA,NA,NA,NA,NA,NA,NA,NA,NA,NA,NA
15753,NA,2026,WR,17,20,17,2,FALSE,NA,NA,NA,NA,NA,NA,NA,NA,NA,NA,NA,NA
11671,NA,2026,WR,18,21,18,2,FALSE,NA,NA,NA,NA,NA,NA,NA,NA,NA,NA,NA,NA
17599,NA,2026,WR,19.5,22.5,19.5,2,FALSE,NA,NA,NA,NA,NA,NA,NA,NA,NA,NA,NA,NA
17512,NA,2026,WR,19.5,22.5,19.5,2,FALSE,NA,NA,NA,NA,NA,NA,NA,NA,NA,NA,NA,NA
13066,NA,2026,WR,21,24,21,2,FALSE,NA,NA,NA,NA,NA,NA,NA,NA,NA,NA,NA,NA
17075,NA,2026,WR,22,25,22,2,FALSE,NA,NA,NA,NA,NA,NA,NA,NA,NA,NA,NA,NA
12785,NA,2026,WR,23,26,23,2,FALSE,NA,NA,NA,NA,NA,NA,NA,NA,NA,NA,NA,NA
14835,NA,2026,WR,24,27,24,2,FALSE,NA,NA,NA,NA,NA,NA,NA,NA,NA,NA,NA,NA
14136,NA,2026,WR,25,28,25,2,FALSE,NA,NA,NA,NA,NA,NA,NA,NA,NA,NA,NA,NA
16287,NA,2026,WR,26,29,26,2,FALSE,NA,NA,NA,NA,NA,NA,NA,NA,NA,NA,NA,NA
14127,NA,2026,WR,28,30,28,2,FALSE,NA,NA,NA,NA,NA,NA,NA,NA,NA,NA,NA,NA
15319,NA,2026,WR,29,31,29,2,FALSE,NA,NA,NA,NA,NA,NA,NA,NA,NA,NA,NA,NA
16626,NA,2026,WR,30,32,30,2,FALSE,NA,NA,NA,NA,NA,NA,NA,NA,NA,NA,NA,NA
12186,NA,2026,WR,31,33,31,2,FALSE,NA,NA,NA,NA,NA,NA,NA,NA,NA,NA,NA,NA
16194,NA,2026,WR,32,34,32,2,FALSE,NA,NA,NA,NA,NA,NA,NA,NA,NA,NA,NA,NA
13418,NA,2026,WR,33,36,33,2,FALSE,NA,NA,NA,NA,NA,NA,NA,NA,NA,NA,NA,NA
17080,NA,2026,WR,34,37,34,2,FALSE,NA,NA,NA,NA,NA,NA,NA,NA,NA,NA,NA,NA
13163,NA,2026,WR,35,38,35,2,FALSE,NA,NA,NA,NA,NA,NA,NA,NA,NA,NA,NA,NA
16633,NA,2026,WR,63.5,35,35,1,FALSE,NA,NA,NA,NA,NA,NA,NA,NA,NA,NA,NA,NA
17071,NA,2026,WR,36,39,36,2,FALSE,NA,NA,NA,NA,NA,NA,NA,NA,NA,NA,NA,NA
16187,NA,2026,WR,37,40,37,2,FALSE,NA,NA,NA,NA,NA,NA,NA,NA,NA,NA,NA,NA
17081,NA,2026,WR,38,41,38,2,FALSE,NA,NA,NA,NA,NA,NA,NA,NA,NA,NA,NA,NA
15756,NA,2026,WR,39,43,39,2,FALSE,NA,NA,NA,NA,NA,NA,NA,NA,NA,NA,NA,NA
15768,NA,2026,WR,40,44,40,2,FALSE,NA,NA,NA,NA,NA,NA,NA,NA,NA,NA,NA,NA
17073,NA,2026,WR,41,45,41,2,FALSE,NA,NA,NA,NA,NA,NA,NA,NA,NA,NA,NA,NA
17502,NA,2026,WR,69,42,42,1,FALSE,NA,NA,NA,NA,NA,NA,NA,NA,NA,NA,NA,NA
16616,NA,2026,WR,42,46,42,2,FALSE,NA,NA,NA,NA,NA,NA,NA,NA,NA,NA,NA,NA
17078,NA,2026,WR,44,48,44,2,FALSE,NA,NA,NA,NA,NA,NA,NA,NA,NA,NA,NA,NA
16958,NA,2026,WR,45.5,49.5,45.5,2,FALSE,NA,NA,NA,NA,NA,NA,NA,NA,NA,NA,NA,NA
14974,NA,2026,WR,45.5,49.5,45.5,2,FALSE,NA,NA,NA,NA,NA,NA,NA,NA,NA,NA,NA,NA
16877,NA,2026,WR,76,47,47,1,FALSE,NA,NA,NA,NA,NA,NA,NA,NA,NA,NA,NA,NA
15284,NA,2026,WR,48,51,48,2,FALSE,NA,NA,NA,NA,NA,NA,NA,NA,NA,NA,NA,NA
13289,NA,2026,WR,49,52,49,2,FALSE,NA,NA,NA,NA,NA,NA,NA,NA,NA,NA,NA,NA
15761,NA,2026,WR,50,53,50,2,FALSE,NA,NA,NA,NA,NA,NA,NA,NA,NA,NA,NA,NA
15281,NA,2026,WR,51,54,51,2,FALSE,NA,NA,NA,NA,NA,NA,NA,NA,NA,NA,NA,NA
17527,NA,2026,WR,52,55,52,2,FALSE,NA,NA,NA,NA,NA,NA,NA,NA,NA,NA,NA,NA
15293,NA,2026,WR,53,57,53,2,FALSE,NA,NA,NA,NA,NA,NA,NA,NA,NA,NA,NA,NA
12773,NA,2026,WR,54,58,54,2,FALSE,NA,NA,NA,NA,NA,NA,NA,NA,NA,NA,NA,NA
17333,NA,2026,WR,55,59,55,2,FALSE,NA,NA,NA,NA,NA,NA,NA,NA,NA,NA,NA,NA
15751,NA,2026,WR,56,60,56,2,FALSE,NA,NA,NA,NA,NA,NA,NA,NA,NA,NA,NA,NA
16621,NA,2026,WR,77,56,56,1,FALSE,NA,NA,NA,NA,NA,NA,NA,NA,NA,NA,NA,NA
13164,NA,2026,WR,57,61,57,2,FALSE,NA,NA,NA,NA,NA,NA,NA,NA,NA,NA,NA,NA
16615,NA,2026,WR,58,62,58,2,FALSE,NA,NA,NA,NA,NA,NA,NA,NA,NA,NA,NA,NA
15303,NA,2026,WR,59,63,59,2,FALSE,NA,NA,NA,NA,NA,NA,NA,NA,NA,NA,NA,NA
15589,NA,2026,WR,60,64.5,60,2,FALSE,NA,NA,NA,NA,NA,NA,NA,NA,NA,NA,NA,NA
16206,NA,2026,WR,61,66,61,2,FALSE,NA,NA,NA,NA,NA,NA,NA,NA,NA,NA,NA,NA
17520,NA,2026,WR,62,67,62,2,FALSE,NA,NA,NA,NA,NA,NA,NA,NA,NA,NA,NA,NA
15787,NA,2026,WR,63.5,68,63.5,2,FALSE,NA,NA,NA,NA,NA,NA,NA,NA,NA,NA,NA,NA
14104,NA,2026,WR,80,64.5,64.5,1,FALSE,NA,NA,NA,NA,NA,NA,NA,NA,NA,NA,NA,NA
17072,NA,2026,WR,65,69,65,2,FALSE,NA,NA,NA,NA,NA,NA,NA,NA,NA,NA,NA,NA
17519,NA,2026,WR,66,70,66,2,FALSE,NA,NA,NA,NA,NA,NA,NA,NA,NA,NA,NA,NA
15755,NA,2026,WR,67,71,67,2,FALSE,NA,NA,NA,NA,NA,NA,NA,NA,NA,NA,NA,NA
15757,NA,2026,WR,68,72,68,2,FALSE,NA,NA,NA,NA,NA,NA,NA,NA,NA,NA,NA,NA
17070,NA,2026,WR,70,73,70,2,FALSE,NA,NA,NA,NA,NA,NA,NA,NA,NA,NA,NA,NA
16617,NA,2026,WR,71,74,71,2,FALSE,NA,NA,NA,NA,NA,NA,NA,NA,NA,NA,NA,NA
16193,NA,2026,WR,72,75,72,2,FALSE,NA,NA,NA,NA,NA,NA,NA,NA,NA,NA,NA,NA
17497,NA,2026,WR,73,76,73,2,FALSE,NA,NA,NA,NA,NA,NA,NA,NA,NA,NA,NA,NA
17353,NA,2026,WR,74,77,74,2,FALSE,NA,NA,NA,NA,NA,NA,NA,NA,NA,NA,NA,NA
17752,NA,2026,WR,75,78,75,2,FALSE,NA,NA,NA,NA,NA,NA,NA,NA,NA,NA,NA,NA
16614,NA,2026,WR,78,79,78,2,FALSE,NA,NA,NA,NA,NA,NA,NA,NA,NA,NA,NA,NA
17511,NA,2026,WR,79,80,79,2,FALSE,NA,NA,NA,NA,NA,NA,NA,NA,NA,NA,NA,NA
17506,NA,2026,WR,81,81,81,2,FALSE,NA,NA,NA,NA,NA,NA,NA,NA,NA,NA,NA,NA
15762,NA,2026,WR,82,82,82,2,FALSE,NA,NA,NA,NA,NA,NA,NA,NA,NA,NA,NA,NA
17501,NA,2026,WR,84.5,84.5,84.5,2,FALSE,NA,NA,NA,NA,NA,NA,NA,NA,NA,NA,NA,NA
13963,NA,2026,WR,84.5,84.5,84.5,2,FALSE,NA,NA,NA,NA,NA,NA,NA,NA,NA,NA,NA,NA
17184,NA,2026,WR,84.5,84.5,84.5,2,FALSE,NA,NA,NA,NA,NA,NA,NA,NA,NA,NA,NA,NA
15786,NA,2026,WR,84.5,84.5,84.5,2,FALSE,NA,NA,NA,NA,NA,NA,NA,NA,NA,NA,NA,NA
15771,NA,2026,WR,87,87,87,2,FALSE,NA,NA,NA,NA,NA,NA,NA,NA,NA,NA,NA,NA
16639,NA,2026,WR,88,88,88,2,FALSE,NA,NA,NA,NA,NA,NA,NA,NA,NA,NA,NA,NA
16618,NA,2026,WR,89.5,89.5,89.5,2,FALSE,NA,NA,NA,NA,NA,NA,NA,NA,NA,NA,NA,NA
16629,NA,2026,WR,89.5,89.5,89.5,2,FALSE,NA,NA,NA,NA,NA,NA,NA,NA,NA,NA,NA,NA
16778,NA,2026,WR,91,91,91,2,FALSE,NA,NA,NA,NA,NA,NA,NA,NA,NA,NA,NA,NA
16201,NA,2026,WR,92,92,92,2,FALSE,NA,NA,NA,NA,NA,NA,NA,NA,NA,NA,NA,NA
15779,NA,2026,WR,93,93,93,2,FALSE,NA,NA,NA,NA,NA,NA,NA,NA,NA,NA,NA,NA
15301,NA,2026,WR,110.5,94,94,1,FALSE,NA,NA,NA,NA,NA,NA,NA,NA,NA,NA,NA,NA
17074,NA,2026,WR,94.5,95.5,94.5,2,FALSE,NA,NA,NA,NA,NA,NA,NA,NA,NA,NA,NA,NA
16630,NA,2026,WR,94.5,95.5,94.5,2,FALSE,NA,NA,NA,NA,NA,NA,NA,NA,NA,NA,NA,NA
17086,NA,2026,WR,96,97,96,2,FALSE,NA,NA,NA,NA,NA,NA,NA,NA,NA,NA,NA,NA
16620,NA,2026,WR,97,98,97,2,FALSE,NA,NA,NA,NA,NA,NA,NA,NA,NA,NA,NA,NA
14833,NA,2026,WR,98,99,98,2,FALSE,NA,NA,NA,NA,NA,NA,NA,NA,NA,NA,NA,NA
11222,NA,2026,WR,99.5,100.5,99.5,2,FALSE,NA,NA,NA,NA,NA,NA,NA,NA,NA,NA,NA,NA
17232,NA,2026,WR,99.5,100.5,99.5,2,FALSE,NA,NA,NA,NA,NA,NA,NA,NA,NA,NA,NA,NA
16684,NA,2026,WR,101,102,101,2,FALSE,NA,NA,NA,NA,NA,NA,NA,NA,NA,NA,NA,NA
17011,NA,2026,WR,102,105,102,2,FALSE,NA,NA,NA,NA,NA,NA,NA,NA,NA,NA,NA,NA
13629,NA,2026,WR,103,106,103,2,FALSE,NA,NA,NA,NA,NA,NA,NA,NA,NA,NA,NA,NA
14315,NA,2026,WR,118.5,103.5,103.5,1,FALSE,NA,NA,NA,NA,NA,NA,NA,NA,NA,NA,NA,NA
17754,NA,2026,WR,118.5,103.5,103.5,1,FALSE,NA,NA,NA,NA,NA,NA,NA,NA,NA,NA,NA,NA
16342,NA,2026,WR,104,107,104,2,FALSE,NA,NA,NA,NA,NA,NA,NA,NA,NA,NA,NA,NA
15766,NA,2026,WR,105,108,105,2,FALSE,NA,NA,NA,NA,NA,NA,NA,NA,NA,NA,NA,NA
12645,NA,2026,WR,106,109,106,2,FALSE,NA,NA,NA,NA,NA,NA,NA,NA,NA,NA,NA,NA
15785,NA,2026,WR,107.5,110.5,107.5,2,FALSE,NA,NA,NA,NA,NA,NA,NA,NA,NA,NA,NA,NA
16949,NA,2026,WR,107.5,110.5,107.5,2,FALSE,NA,NA,NA,NA,NA,NA,NA,NA,NA,NA,NA,NA
15981,NA,2026,WR,109,112,109,2,FALSE,NA,NA,NA,NA,NA,NA,NA,NA,NA,NA,NA,NA
17510,NA,2026,WR,110.5,113.5,110.5,2,FALSE,NA,NA,NA,NA,NA,NA,NA,NA,NA,NA,NA,NA
16207,NA,2026,WR,112,115,112,2,FALSE,NA,NA,NA,NA,NA,NA,NA,NA,NA,NA,NA,NA
15941,NA,2026,WR,113,116,113,2,FALSE,NA,NA,NA,NA,NA,NA,NA,NA,NA,NA,NA,NA
14105,NA,2026,WR,124.5,113.5,113.5,1,FALSE,NA,NA,NA,NA,NA,NA,NA,NA,NA,NA,NA,NA
17507,NA,2026,WR,114,117,114,2,FALSE,NA,NA,NA,NA,NA,NA,NA,NA,NA,NA,NA,NA
17079,NA,2026,WR,115,118,115,2,FALSE,NA,NA,NA,NA,NA,NA,NA,NA,NA,NA,NA,NA
17503,NA,2026,WR,118.5,120.5,118.5,2,FALSE,NA,NA,NA,NA,NA,NA,NA,NA,NA,NA,NA,NA
17076,NA,2026,WR,118.5,120.5,118.5,2,FALSE,NA,NA,NA,NA,NA,NA,NA,NA,NA,NA,NA,NA
16636,NA,2026,WR,118.5,120.5,118.5,2,FALSE,NA,NA,NA,NA,NA,NA,NA,NA,NA,NA,NA,NA
16883,NA,2026,WR,118.5,120.5,118.5,2,FALSE,NA,NA,NA,NA,NA,NA,NA,NA,NA,NA,NA,NA
17171,NA,2026,WR,122,123,122,2,FALSE,NA,NA,NA,NA,NA,NA,NA,NA,NA,NA,NA,NA
17082,NA,2026,WR,123,124,123,2,FALSE,NA,NA,NA,NA,NA,NA,NA,NA,NA,NA,NA,NA
13630,NA,2026,WR,124.5,125,124.5,2,FALSE,NA,NA,NA,NA,NA,NA,NA,NA,NA,NA,NA,NA
14109,NA,2026,WR,126,126,126,2,FALSE,NA,NA,NA,NA,NA,NA,NA,NA,NA,NA,NA,NA
17175,NA,2026,WR,127.5,128,127.5,2,FALSE,NA,NA,NA,NA,NA,NA,NA,NA,NA,NA,NA,NA
17134,NA,2026,WR,127.5,128,127.5,2,FALSE,NA,NA,NA,NA,NA,NA,NA,NA,NA,NA,NA,NA
17707,NA,2026,WR,131,128,128,1,FALSE,NA,NA,NA,NA,NA,NA,NA,NA,NA,NA,NA,NA
15765,NA,2026,WR,129.5,130.5,129.5,2,FALSE,NA,NA,NA,NA,NA,NA,NA,NA,NA,NA,NA,NA
17542,NA,2026,WR,129.5,130.5,129.5,2,FALSE,NA,NA,NA,NA,NA,NA,NA,NA,NA,NA,NA,NA
17541,NA,2026,WR,132,132,132,2,FALSE,NA,NA,NA,NA,NA,NA,NA,NA,NA,NA,NA,NA
11679,NA,2026,WR,145.5,145.5,145.5,2,FALSE,NA,NA,NA,NA,NA,NA,NA,NA,NA,NA,NA,NA
17536,NA,2026,WR,145.5,145.5,145.5,1,FALSE,NA,NA,NA,NA,NA,NA,NA,NA,NA,NA,NA,NA
13638,NA,2026,WR,145.5,145.5,145.5,2,FALSE,NA,NA,NA,NA,NA,NA,NA,NA,NA,NA,NA,NA
17530,NA,2026,WR,145.5,145.5,145.5,1,FALSE,NA,NA,NA,NA,NA,NA,NA,NA,NA,NA,NA,NA
16364,NA,2026,WR,145.5,145.5,145.5,2,FALSE,NA,NA,NA,NA,NA,NA,NA,NA,NA,NA,NA,NA
15772,NA,2026,WR,145.5,145.5,145.5,2,FALSE,NA,NA,NA,NA,NA,NA,NA,NA,NA,NA,NA,NA
16640,NA,2026,WR,145.5,145.5,145.5,2,FALSE,NA,NA,NA,NA,NA,NA,NA,NA,NA,NA,NA,NA
16299,NA,2026,WR,145.5,145.5,145.5,2,FALSE,NA,NA,NA,NA,NA,NA,NA,NA,NA,NA,NA,NA
14108,NA,2026,WR,145.5,145.5,145.5,2,FALSE,NA,NA,NA,NA,NA,NA,NA,NA,NA,NA,NA,NA
14847,NA,2026,WR,145.5,145.5,145.5,2,FALSE,NA,NA,NA,NA,NA,NA,NA,NA,NA,NA,NA,NA
17097,NA,2026,WR,145.5,145.5,145.5,2,FALSE,NA,NA,NA,NA,NA,NA,NA,NA,NA,NA,NA,NA
16732,NA,2026,WR,145.5,145.5,145.5,1,FALSE,NA,NA,NA,NA,NA,NA,NA,NA,NA,NA,NA,NA
17098,NA,2026,WR,145.5,145.5,145.5,1,FALSE,NA,NA,NA,NA,NA,NA,NA,NA,NA,NA,NA,NA
14120,NA,2026,WR,145.5,145.5,145.5,1,FALSE,NA,NA,NA,NA,NA,NA,NA,NA,NA,NA,NA,NA
14503,NA,2026,WR,145.5,145.5,145.5,2,FALSE,NA,NA,NA,NA,NA,NA,NA,NA,NA,NA,NA,NA
17205,NA,2026,WR,145.5,145.5,145.5,1,FALSE,NA,NA,NA,NA,NA,NA,NA,NA,NA,NA,NA,NA
16628,NA,2026,WR,145.5,145.5,145.5,1,FALSE,NA,NA,NA,NA,NA,NA,NA,NA,NA,NA,NA,NA
17334,NA,2026,WR,145.5,145.5,145.5,2,FALSE,NA,NA,NA,NA,NA,NA,NA,NA,NA,NA,NA,NA
15759,NA,2026,WR,145.5,145.5,145.5,1,FALSE,NA,NA,NA,NA,NA,NA,NA,NA,NA,NA,NA,NA
16189,NA,2026,WR,145.5,145.5,145.5,1,FALSE,NA,NA,NA,NA,NA,NA,NA,NA,NA,NA,NA,NA
16422,NA,2026,WR,145.5,145.5,145.5,2,FALSE,NA,NA,NA,NA,NA,NA,NA,NA,NA,NA,NA,NA
17514,NA,2026,WR,145.5,145.5,145.5,1,FALSE,NA,NA,NA,NA,NA,NA,NA,NA,NA,NA,NA,NA
17521,NA,2026,WR,145.5,145.5,145.5,2,FALSE,NA,NA,NA,NA,NA,NA,NA,NA,NA,NA,NA,NA
15285,NA,2026,WR,145.5,145.5,145.5,2,FALSE,NA,NA,NA,NA,NA,NA,NA,NA,NA,NA,NA,NA
17620,NA,2026,WR,145.5,145.5,145.5,2,FALSE,NA,NA,NA,NA,NA,NA,NA,NA,NA,NA,NA,NA
17671,NA,2026,WR,145.5,145.5,145.5,1,FALSE,NA,NA,NA,NA,NA,NA,NA,NA,NA,NA,NA,NA
15491,NA,2026,WR,159,159,159,2,FALSE,NA,NA,NA,NA,NA,NA,NA,NA,NA,NA,NA,NA
16080,NA,2026,WR,160,160,160,2,FALSE,NA,NA,NA,NA,NA,NA,NA,NA,NA,NA,NA,NA
16499,NA,2026,WR,161.5,161.5,161.5,2,FALSE,NA,NA,NA,NA,NA,NA,NA,NA,NA,NA,NA,NA
17157,NA,2026,WR,161.5,161.5,161.5,2,FALSE,NA,NA,NA,NA,NA,NA,NA,NA,NA,NA,NA,NA
17517,NA,2026,WR,163,166,163,1,FALSE,NA,NA,NA,NA,NA,NA,NA,NA,NA,NA,NA,NA
14592,NA,2026,WR,164,163,163,2,FALSE,NA,NA,NA,NA,NA,NA,NA,NA,NA,NA,NA,NA
17360,NA,2026,WR,166.5,164.5,164.5,2,FALSE,NA,NA,NA,NA,NA,NA,NA,NA,NA,NA,NA,NA
16428,NA,2026,WR,166.5,164.5,164.5,2,FALSE,NA,NA,NA,NA,NA,NA,NA,NA,NA,NA,NA,NA
15752,NA,2026,WR,166.5,170.5,166.5,1,FALSE,NA,NA,NA,NA,NA,NA,NA,NA,NA,NA,NA,NA
14118,NA,2026,WR,166.5,170.5,166.5,1,FALSE,NA,NA,NA,NA,NA,NA,NA,NA,NA,NA,NA,NA
16197,NA,2026,WR,169,167,167,2,FALSE,NA,NA,NA,NA,NA,NA,NA,NA,NA,NA,NA,NA
16619,NA,2026,WR,170,168,168,2,FALSE,NA,NA,NA,NA,NA,NA,NA,NA,NA,NA,NA,NA
16184,NA,2026,WR,172,169,169,2,FALSE,NA,NA,NA,NA,NA,NA,NA,NA,NA,NA,NA,NA
17269,NA,2026,WR,171,173,171,1,FALSE,NA,NA,NA,NA,NA,NA,NA,NA,NA,NA,NA,NA
17254,NA,2026,WR,175,172,172,2,FALSE,NA,NA,NA,NA,NA,NA,NA,NA,NA,NA,NA,NA
17234,NA,2026,WR,173.5,176,173.5,1,FALSE,NA,NA,NA,NA,NA,NA,NA,NA,NA,NA,NA,NA
14860,NA,2026,WR,173.5,176,173.5,1,FALSE,NA,NA,NA,NA,NA,NA,NA,NA,NA,NA,NA,NA
16186,NA,2026,WR,176,174,174,2,FALSE,NA,NA,NA,NA,NA,NA,NA,NA,NA,NA,NA,NA
17528,NA,2026,WR,177,176,176,2,FALSE,NA,NA,NA,NA,NA,NA,NA,NA,NA,NA,NA,NA
14102,NA,2026,WR,178,178,178,2,FALSE,NA,NA,NA,NA,NA,NA,NA,NA,NA,NA,NA,NA
17499,NA,2026,WR,179,179,179,2,FALSE,NA,NA,NA,NA,NA,NA,NA,NA,NA,NA,NA,NA
17518,NA,2026,WR,180.5,180.5,180.5,2,FALSE,NA,NA,NA,NA,NA,NA,NA,NA,NA,NA,NA,NA
17529,NA,2026,WR,180.5,180.5,180.5,2,FALSE,NA,NA,NA,NA,NA,NA,NA,NA,NA,NA,NA,NA
17706,NA,2026,WR,182,182,182,2,FALSE,NA,NA,NA,NA,NA,NA,NA,NA,NA,NA,NA,NA
16188,NA,2026,WR,183,183,183,2,FALSE,NA,NA,NA,NA,NA,NA,NA,NA,NA,NA,NA,NA
15292,NA,2026,WR,184,184,184,2,FALSE,NA,NA,NA,NA,NA,NA,NA,NA,NA,NA,NA,NA
