season,week,franchise_id,lineup_credit_ppg,model_version
2026,1,0001,0.0,adl-lineup-status-v2
2026,1,0002,0.0,adl-lineup-status-v2
2026,1,0003,11.243153461693112,adl-lineup-status-v2
2026,1,0004,0.0,adl-lineup-status-v2
2026,1,0005,0.0,adl-lineup-status-v2
2026,1,0006,1.1679856585716664,adl-lineup-status-v2
2026,1,0007,1.71491950659032,adl-lineup-status-v2
2026,1,0008,0.8058882188917664,adl-lineup-status-v2
2026,1,0009,0.0806671359028428,adl-lineup-status-v2
2026,1,0010,0.0,adl-lineup-status-v2
2026,1,0011,0.0,adl-lineup-status-v2
2026,1,0012,0.0,adl-lineup-status-v2
2026,1,0013,1.04727209882941,adl-lineup-status-v2
2026,1,0014,0.0,adl-lineup-status-v2
2026,1,0015,0.0,adl-lineup-status-v2
2026,1,0016,1.4720765192002716,adl-lineup-status-v2
2026,1,0017,8.422418884302033,adl-lineup-status-v2
2026,1,0018,0.30588821889176643,adl-lineup-status-v2
2026,1,0019,5.0779293786418975,adl-lineup-status-v2
2026,1,0020,0.0,adl-lineup-status-v2
2026,1,0021,0.0,adl-lineup-status-v2
2026,1,0022,0.23879745564772747,adl-lineup-status-v2
2026,1,0023,0.0,adl-lineup-status-v2
2026,1,0024,4.963870451967352,adl-lineup-status-v2
2026,1,0025,0.0,adl-lineup-status-v2
2026,1,0026,0.0,adl-lineup-status-v2
2026,1,0027,0.0,adl-lineup-status-v2
2026,1,0028,5.380667135902826,adl-lineup-status-v2
2026,1,0029,0.941799795459076,adl-lineup-status-v2
2026,1,0030,1.6712130997148051,adl-lineup-status-v2
2026,1,0031,0.0,adl-lineup-status-v2
2026,1,0032,0.747272098829427,adl-lineup-status-v2
2026,2,0001,0.0,adl-lineup-status-v2
2026,2,0002,4.370219123817037,adl-lineup-status-v2
2026,2,0003,7.1478951792476835,adl-lineup-status-v2
2026,2,0004,2.4683793381645955,adl-lineup-status-v2
2026,2,0005,0.0,adl-lineup-status-v2
2026,2,0006,0.5839928292858332,adl-lineup-status-v2
2026,2,0007,9.189441859793902,adl-lineup-status-v2
2026,2,0008,1.0558882188917664,adl-lineup-status-v2
2026,2,0009,0.5397528199939927,adl-lineup-status-v2
2026,2,0010,1.8205323457063969,adl-lineup-status-v2
2026,2,0011,2.0999999999999943,adl-lineup-status-v2
2026,2,0012,4.58164894935031,adl-lineup-status-v2
2026,2,0013,0.523636049414705,adl-lineup-status-v2
2026,2,0014,0.47343749999998863,adl-lineup-status-v2
2026,2,0015,0.31141528623254544,adl-lineup-status-v2
2026,2,0016,2.6677895444844495,adl-lineup-status-v2
2026,2,0017,5.216030788051839,adl-lineup-status-v2
2026,2,0018,5.874267557056356,adl-lineup-status-v2
2026,2,0019,3.8279293786418975,adl-lineup-status-v2
2026,2,0020,2.2734375,adl-lineup-status-v2
2026,2,0021,0.3205323457063969,adl-lineup-status-v2
2026,2,0022,0.7387974556477275,adl-lineup-status-v2
2026,2,0023,0.0,adl-lineup-status-v2
2026,2,0024,2.9082588328674177,adl-lineup-status-v2
2026,2,0025,0.8114810787853344,adl-lineup-status-v2
2026,2,0026,0.0,adl-lineup-status-v2
2026,2,0027,3.000000000000014,adl-lineup-status-v2
2026,2,0028,8.998994545240933,adl-lineup-status-v2
2026,2,0029,0.8417997954590817,adl-lineup-status-v2
2026,2,0030,0.8649195065903541,adl-lineup-status-v2
2026,2,0031,0.0,adl-lineup-status-v2
2026,2,0032,1.7472720988294128,adl-lineup-status-v2
2026,3,0001,1.2164382229670327,adl-lineup-status-v2
2026,3,0002,3.8977686223680053,adl-lineup-status-v2
2026,3,0003,10.179705730445903,adl-lineup-status-v2
2026,3,0004,1.6951271690822978,adl-lineup-status-v2
2026,3,0005,0.0,adl-lineup-status-v2
2026,3,0006,0.08594125746036714,adl-lineup-status-v2
2026,3,0007,5.0972075143286775,adl-lineup-status-v2
2026,3,0008,2.559020696296519,adl-lineup-status-v2
2026,3,0009,0.7200575919636094,adl-lineup-status-v2
2026,3,0010,1.7039652541710477,adl-lineup-status-v2
2026,3,0011,1.9356176354289498,adl-lineup-status-v2
2026,3,0012,4.981216913230298,adl-lineup-status-v2
2026,3,0013,0.30251879973987644,adl-lineup-status-v2
2026,3,0014,2.081593199284574,adl-lineup-status-v2
2026,3,0015,0.0,adl-lineup-status-v2
2026,3,0016,4.384451066221733,adl-lineup-status-v2
2026,3,0017,6.488392922648842,adl-lineup-status-v2
2026,3,0018,3.9657193150101384,adl-lineup-status-v2
2026,3,0019,2.0446712177992197,adl-lineup-status-v2
2026,3,0020,0.796875,adl-lineup-status-v2
2026,3,0021,0.0,adl-lineup-status-v2
2026,3,0022,3.024558873026147,adl-lineup-status-v2
2026,3,0023,3.566474666052907,adl-lineup-status-v2
2026,3,0024,2.70398722410863,adl-lineup-status-v2
2026,3,0025,1.5591395002571744,adl-lineup-status-v2
2026,3,0026,1.0873026540735395,adl-lineup-status-v2
2026,3,0027,2.3169416856126284,adl-lineup-status-v2
2026,3,0028,5.999329696827289,adl-lineup-status-v2
2026,3,0029,0.5611998636393878,adl-lineup-status-v2
2026,3,0030,1.3976372309190879,adl-lineup-status-v2
2026,3,0031,0.0,adl-lineup-status-v2
2026,3,0032,1.071704266146412,adl-lineup-status-v2
