player_id,preseason_ppg
13589,32.62983178297225
13593,31.964158224870715
16580,30.296834974512453
14777,28.945341959830188
12611,29.259642420193227
9431,30.76023373773606
12620,27.86713997770373
14779,25.417156413289625
14782,26.9364543207875
15698,28.477581315728415
16579,25.817357795569983
14783,28.29535037518376
16581,29.20493869314193
13116,27.75018567974356
15237,24.234071192229557
13592,23.725427655357986
16582,27.073629594625498
13590,23.873445963364865
14056,25.771919387284512
17039,23.22264869890993
17032,26.421046443155507
15694,19.15983048674095
16150,21.992043777124998
14059,22.052080697751357
16148,18.992544949982243
7836,18.735611848153802
12616,15.47586818458592
11150,19.586475209958603
17030,18.320257402762508
17462,13.733009123353341
14778,10.122013377356257
17466,8.571707668594225
16583,10.708473787682994
13113,5.145670137293859
17031,12.090795994630664
10700,3.8205048549120058
16584,0.565371080388801
16586,0.7486576104261559
15241,0.3989388454029445
9064,0.5266364149677615
12140,0.561692679108289
12141,0.8208161824113449
14067,0.5115396791553115
15238,0.877978952354856
15252,0.5737266249449151
10413,0.6465649987720056
17035,0.8153813819513951
17467,0.41020147321535083
15692,0.7370127471870045
17463,0.32664573125946894
15240,0.669033734697499
17468,0.8402687413509069
14789,0.6102914979934609
14063,0.7581407947172557
13879,0.37416444504843005
16384,0.8572196471772037
17034,0.649679459796175
16441,0.8810498675951409
15702,0.8702537546957723
13115,0.5467026044592094
13119,0.4886288083607186
15693,0.5366449812149641
17469,0.978268578155123
17038,0.7205769653509441
14057,0.4934876568584549
16162,17.67699641272082
16161,17.3179871198351
12626,14.704710806819204
14802,15.68607716716158
16167,15.22496240458695
13130,15.198591078465581
15715,14.241181387821072
13604,12.99667263481814
15711,13.40975747169865
16181,11.510425400883628
14797,10.339099156098612
15708,13.236106229497679
15710,10.779884843965435
15256,11.698210816934706
16598,9.541516683868807
17045,10.159957194527008
17044,11.656975547256682
17472,12.198517537721889
15253,11.648792495550635
17042,11.68025952619751
15742,8.587985877638303
14071,9.543097197760417
17043,9.14112467297056
14800,9.125630497313052
17473,8.860095754011173
17051,10.224023642176782
17052,8.972617264420256
14823,8.902604490020629
15259,9.092881108370696
14085,8.28728580152997
15972,7.724979659501245
16604,6.047252428338107
16597,7.8810314011447815
16593,8.229127375675429
17066,8.243306077204572
17256,7.286554948132806
15255,7.175009384694133
15261,7.483538626844317
15721,7.066228015898852
13319,7.283826044711285
17068,5.892036394208147
14073,11.382018577553081
16169,9.19255710606465
16174,3.5139694518196705
17053,5.681747574892826
16164,3.1761953082134737
16165,6.2521194402278395
14086,5.308477947108324
15749,4.884362355846949
17482,2.936305049185993
17485,2.628206600878289
14095,3.521953422794386
17055,1.3667000860490448
13132,5.200004099205059
16747,1.7360378876846037
16596,3.43510357983696
15716,4.572706020848354
15738,2.602949506619927
16387,3.081615225029191
17047,3.3353186861800967
15712,3.8256269808519683
16432,0.9039822045113217
16178,4.286767489464176
13133,4.440293243445113
15254,3.3797271652994674
16757,1.42216568560149
16752,2.177205330340829
17049,2.219771171911663
16610,1.852247466730577
16385,1.17178804169833
17061,1.2384808858176795
17477,3.0302931615175064
16166,1.5187265626874975
16603,1.4891643488642614
16850,2.09834616281169
17048,0.6118407745282729
17475,1.4404688780070216
17478,0.5044127547729341
17474,2.3035611087782026
16608,1.8348663378274317
17060,0.49955527664950367
17481,0.5228991331912275
17476,0.8757368398469705
12155,0.651660529747043
16171,0.7354054122342976
16746,0.5403725089503665
16601,0.7692416668035063
17059,1.5522797146967215
17648,0.1426442783466386
16678,0.1561303845869654
16211,17.168324437862676
16185,15.964013263319865
15281,15.49551337860858
15287,14.580160178055522
14836,12.95256005760621
15290,11.548260510824035
14832,13.67074397995523
15751,11.219072208503961
14104,12.171882613179907
15762,11.03089170790566
15756,11.032904492639673
16190,11.959322454947788
15282,11.147136348149672
15754,11.175139191713853
16615,10.717386224006388
17071,10.55439949797821
17081,10.590844591446192
15789,8.950277673340233
15753,10.351978149148708
16194,11.454169399850894
14835,9.587419622988516
14109,10.118436373525778
15284,9.46312332703061
16616,9.65904165203213
16627,9.90060182917904
11671,8.470253521825946
11675,10.294278213764883
17070,9.1509206312423
13635,9.717708057984478
15768,8.773914630538815
14102,8.688679618834492
16614,7.845272789802486
16618,8.060844637746643
13630,8.374548234778516
17074,3.9811784865532087
16192,7.652557198597674
17497,8.922790209265528
16184,7.47525154107363
16186,7.13926350191019
16206,7.0605646498478
16620,8.453732907792963
17075,8.301747516921385
16188,7.658411245225788
14842,6.9925967678952805
17498,7.614919506590309
15779,6.604189688425974
12186,7.388423107859729
13163,6.537340536541252
14127,6.9523355603610275
15761,7.572306765792542
17499,7.1423446164235385
16080,6.855266523249424
15757,6.734680404176682
17501,6.529969668131659
16187,5.937521883816432
16809,6.084320510823191
14136,7.189950884632805
16287,6.24547537696257
17514,7.794996459459723
16628,5.660406608520269
14833,5.801547663304924
15293,6.019070867671019
15786,5.292572195882164
16684,4.564205921186665
17500,5.838817380479028
13629,5.845417873455651
16193,6.113721906432991
16626,5.701089025717901
11222,4.5432292018608305
16778,3.677631836418129
16788,4.621916052674862
14860,4.028080168422951
17503,4.332326905969448
17599,4.937463036769515
13164,4.4988571337866015
17072,3.5778875045258105
17157,3.000624854661412
16195,4.671646820775588
17080,5.192014627250574
17517,5.347696308142932
17502,3.7685110463383853
15787,3.4464949701668073
15981,3.060469121401791
16342,3.729738915145617
17512,3.3638490975239166
14122,3.6654554220448694
17082,2.698928293723168
16639,3.4928571790505774
16617,3.2945478546517046
16207,2.4386585143810393
17511,3.610370195266882
15788,3.549304337665962
16189,3.0030525633518335
16201,3.5214649678257017
14974,2.7264397387983554
17098,2.847774509020433
17078,2.4519618988701395
16619,2.1761900732046335
13418,1.944732065975571
14592,1.1465245009919107
13289,2.5713274942084956
17518,2.1792010706691105
15755,3.617479516232653
17076,1.4330412188345694
17506,3.9004444919335155
15292,2.149106385978001
17507,3.3314884791167714
17520,2.7178779690215538
14105,1.4229918142950362
17706,2.2942104638360226
13066,1.8730965004753914
12785,0.9141748142723836
17073,0.9446210979925804
15319,1.9100962010029239
17171,1.528023373439657
17528,2.8085082808380566
17508,1.4862264555140299
17134,2.2541928354725496
16621,1.9279442303461294
17519,1.710241206841731
17521,1.338012364469898
17079,0.9702844836177276
17505,1.2093900914917979
17541,0.639445316572865
17184,1.1251527130416676
16630,0.9194492190540965
17096,1.6746726125030635
15752,1.903762880133876
17254,0.8647725283785717
16633,1.0153720183665447
17529,1.2234274091787323
16428,0.32236284723557374
17234,0.9024295516794765
17205,0.7849185111566194
17086,0.7902421607316508
15301,1.3970416553978013
17542,1.2258939832704494
16635,0.6344647144572718
14315,1.4425772696115
11679,1.0566276546871136
15785,0.5571736077537933
16629,1.1180442634096774
16636,0.6371915813711141
17269,0.3309873446334195
15771,0.505778962862453
17752,0.31061914946617003
16640,0.3449758428077648
16299,0.3512745815760345
12645,0.5423839237574419
16641,9.612425029463258
17104,8.28103532741723
15794,8.604896727618854
16214,7.481557593158314
17102,8.561044663992304
16222,7.296973966524582
13299,8.569535803698205
15329,7.2445281443648355
17103,6.692193442637047
16213,6.695457660821334
13671,6.683639957240148
11244,6.7601816452604355
15798,6.306217271138494
16269,5.236243946584146
12676,6.309172566154932
14861,5.6013483101774835
13674,7.276778011419064
17099,3.1797941000284458
14138,5.302578004147892
13772,4.582948606357214
15889,4.836187212699407
15799,5.261226582397864
15331,5.007216350881446
16723,4.310266630409412
12263,4.627497031387444
15802,3.608170217156744
17105,4.129215350717304
15797,4.88590344585876
13672,3.4598793268039696
17107,5.570311331515961
17543,5.85900116225234
14871,2.862588104178734
17106,2.1409152632658945
16649,2.390452790112916
14143,2.749717221014584
16216,2.5253007041502027
16212,2.7071376191712284
14867,2.0977293608982746
17544,1.3060373727323242
13192,3.989829245352889
13189,3.7107050110380007
16036,0.8188981291754382
17108,2.4555267755343135
17605,1.494872695271784
15337,2.0855830971842866
15795,1.3187320839223755
17547,0.23738935679681963
12678,1.3299864283936602
14137,1.3923399339129083
16333,1.4216971050488474
15332,1.445118467066319
13193,1.4191619809734348
14209,1.334373846425658
12677,1.5395881365570177
17607,1.6435406809438915
14870,1.265359837028106
14146,1.4720225516028318
16642,1.1929967354590645
16643,1.319535693999368
16645,2.468017557972926
16414,6.343398575705883
15979,6.09690803685294
12860,6.042171566935294
13719,5.649343643817647
12437,5.5247262957
8851,5.523127449864706
11936,5.449750076811765
16681,5.287369408423529
14717,5.224943816858824
16680,5.213592592364706
16843,5.161233124711765
13354,4.986104044935295
11945,4.9341885504647065
16896,4.719279778
15368,4.618068537929411
15369,4.559358588582354
16846,4.541955231223531
13718,4.541778771147058
17222,4.514043188829412
17668,4.370088742011765
16419,4.273964160276471
12956,4.208037016429412
17277,4.04228893842353
14983,3.971192562752941
17726,3.9509100604235283
17736,3.948959100152941
13303,3.902629329417647
14600,3.872880346017648
14244,3.81002004062353
16444,3.598421486017647
17220,3.5498342447529416
16292,3.435937313735294
14630,5.299937113794118
15499,5.164626345529408
15051,5.074151618911764
13848,4.77283389467647
13869,4.631140306588234
13844,4.505252036794118
15884,4.4516300261764705
12323,4.449203676382352
17241,4.383919005588235
11383,4.285536750911767
15032,4.2556094095
16010,4.255443391264702
13782,4.235259829264703
16887,4.213815224852942
13431,4.204783101911768
17339,4.179828502764707
10814,4.038714686235292
16452,3.8591999027352974
15911,3.8304152140294123
11985,3.8020071697352904
16724,3.681026172647056
14985,3.617065030911761
15668,3.546150853911765
17664,3.4519996031470606
13791,3.40410994952941
16351,3.354317958029412
14227,3.3424243388235295
14256,3.2974836114705814
12842,3.114744941088236
17689,3.0914033370882295
17352,2.9872390804705837
14163,14.805595012088933
12688,11.47972811333276
14897,10.686790044005352
10266,9.8456784983805
16927,9.80959115292703
14157,10.244267893539773
12225,9.127273868859078
15817,8.83256400106848
16689,9.03708020537218
15358,9.232885129905625
14158,9.03352631251364
16233,8.346998539754454
13839,8.266729474560316
16282,7.398176350958984
15391,8.28086570377362
12697,8.418185456566507
14153,7.5061980741471555
11757,6.4447825326031305
13448,8.667360422125643
15081,8.378890150990014
13208,7.3789178258050985
17121,7.8541752328089345
13744,7.986957621311187
16264,7.3005711656958745
15089,8.601603753644875
14900,9.151901744197444
13693,7.336732260311125
15819,7.814414625849647
16787,7.635651123751914
15863,7.774649397671112
13742,8.071708684813823
12305,7.957091960830222
12741,7.465891102573115
13298,6.589973557256364
15393,7.234313694607814
13770,6.803213452015631
17137,6.944507609798687
13332,7.131868351040689
16693,7.635318864322185
12764,7.478406993242664
12754,6.79651509225456
15173,7.383343948887613
13723,7.746430412633779
17136,7.229098418024044
14159,5.935492600364931
16265,6.0945196052389
14930,7.031469461609305
13692,6.818327205384379
12782,7.1237451248841355
17174,6.310162812881379
16369,5.986279859024519
16657,6.044976564685254
16663,5.981784544732796
15357,5.812396026634753
12218,6.677837811248861
13317,6.763900517625212
16254,6.13424424495902
17165,6.439290550475979
17138,5.017313419530858
12739,6.130858371351673
16660,5.6607094030690615
15412,6.440087109485555
16324,5.308388635992276
12698,5.4006262508932465
15461,6.487718337068735
16786,7.09782167136099
13933,5.696387418586017
12735,5.4650534957990695
15877,5.537176597727925
15390,6.424794561871003
16513,6.484055860543026
17154,5.0571629142231265
16694,4.768248602283654
15892,6.878497901560476
11872,5.375311459420732
14899,5.565497068613794
16344,5.010224732352814
17585,6.191215931314069
9051,5.781826191551893
17148,5.0770224740104375
14901,5.46612721076195
13683,4.961027135251409
17570,4.026074964820029
17177,5.942589010507093
17579,4.852949676871341
12758,4.814934805982347
17139,4.8647404324289365
13260,4.714812032120144
15492,4.951926912127196
11286,4.085658692037381
17196,4.556469191225697
16691,4.316580827821491
17555,5.003570695915185
17193,5.862761581903817
12802,4.545186746140841
17146,4.4288716726795405
13810,4.122284924308086
14934,4.172416695508671
16520,4.63525362055433
15898,4.100809821443284
15812,4.4114549232623705
16697,4.342430231893916
16291,4.3984723321334815
17228,4.415541096173358
17389,3.36807557862298
13769,3.055444856745224
16661,4.1037220077567
17158,3.201627688406615
17261,3.8115850244487386
16713,3.8392194896544027
13694,2.530438840101307
13199,4.349966376805039
14951,3.796702789463971
17613,3.805020876452372
15910,3.6305715988630207
17569,3.0612379549976088
17595,2.3456422871991784
16273,2.592283851290512
16794,3.568720784219612
15382,1.9179022055218469
17204,2.209889619019695
16762,3.296822683538899
17191,3.0272662146232996
17209,1.3692509570580924
17603,2.015099118326215
17194,2.851339926202187
14675,2.5470377113865927
15446,1.3080592362282344
16817,2.7003932886208273
14161,2.4408260677234823
17602,2.3902672098455007
17666,2.2254749439925
17672,2.4455048534381443
17190,1.8106374304399506
14155,2.2440817186196838
16767,2.4401143984127445
17661,2.0915948796924293
17659,1.7449545956416541
12699,1.2135126572549813
17611,2.1427016086495057
14971,0.6150020574646033
16662,1.6912368874625192
17219,1.1059398356732988
16232,0.8917705070790084
17236,1.1702720700779123
12219,1.4891799945406525
16770,1.064590122551332
12361,0.9876083913906379
17600,0.9486697794978018
17195,0.9466388671194234
17632,0.3481380716130116
17176,0.4316664043779837
17386,0.5858229352125947
13798,0.7857166232233608
17170,0.3391281093804985
17199,0.329958539704132
17637,0.23003376960712382
14225,13.127217843992002
14171,12.171991438192212
14249,12.64118439478088
13198,11.230574593123924
15805,11.065149116439699
13214,11.288389326394007
16223,11.568146338593158
12221,10.738328877846127
14147,11.458159508740048
16276,10.071305554459473
16650,11.730585590328458
16266,9.910273722667826
15350,10.765989674638748
16653,9.490656070226224
14940,10.770504095031319
15861,9.667061226378005
14148,9.431817237722457
13700,8.400189172289771
13284,9.338650109141174
14882,10.083161180980037
14877,9.733042310900004
14405,8.993639385729177
11769,9.83236862418508
14167,9.031052459780213
15346,9.058045438409655
16651,8.495707442882054
16278,8.605429770577084
15815,8.855896508980745
15349,8.005867652962806
17551,8.625093080424122
15853,8.255240048320838
13681,8.441027357264105
17115,7.713698554997998
17112,8.176008477089988
15378,8.806564882527576
15808,8.25061079094185
11721,9.075966577840838
16655,8.259960795281053
17135,7.28536033038855
15484,7.776117153920554
13690,6.845828381302254
16224,7.519859487250496
16734,7.533959204987616
16230,7.83228558441783
17550,7.393061091948849
15809,7.401716842995404
16712,6.955033000064769
14149,6.471188883673584
16252,6.74539409836806
14164,6.472733993846333
15386,6.424837400859513
16228,7.110148922832472
17120,6.117356588997039
14947,7.161304328903631
13759,7.32841296720112
17113,5.9486703209015435
16303,5.591892091563705
15806,6.940621517997645
13704,6.454166355089242
15398,6.691513369871282
16300,6.488893481342332
14925,6.100274759163308
14888,5.7236341286404615
17568,5.993812093661937
15388,5.798936568447524
11706,7.146854424823392
13682,5.697663745396974
15345,5.162469968966342
13294,5.350530043571453
13888,5.929967260321969
12301,5.548617644989455
15352,5.069896592285366
10292,4.57298730840727
14254,5.80913490528218
15356,5.319687023462656
16235,6.122141210903975
16923,4.6716814457976374
17580,5.050687147283361
17155,5.944857975191802
17553,5.218514963959535
16455,5.449648785486213
17583,5.396647386162745
16257,4.86629631303589
15395,4.875490198488843
16322,5.484538943681089
13201,5.6793835246042965
17361,5.230523702534032
16077,5.047189512443701
16654,4.799347811704364
17588,4.765612896190221
17587,3.249105596820784
16869,4.514389512248647
14962,4.684216811553968
15814,4.476301126800574
17114,4.385997501671695
16298,3.959787347193693
15857,4.265881567488565
17118,4.45531148545015
13330,4.278618394986014
15878,3.866340683788845
17584,4.341435348727236
17182,3.4283225726696096
17161,3.6945626185601723
17160,3.442949106677422
13802,3.6562995799328912
15907,3.8295807847282104
16529,3.960718611017838
10267,4.028055508799313
15565,2.8471436886662382
17552,3.4821337936974186
12217,3.6158590921570553
14154,3.4703491027668956
16058,3.5922258762231016
14978,3.1381978594888627
16262,2.9302682236981803
16305,2.1641284484611027
17633,2.5958383722435103
15813,3.077892761890415
17355,2.5789460247108544
15413,1.7157194776923559
16226,2.788954761435697
16376,2.5058237534026024
15397,2.2033215734371536
12234,2.2163377850925556
17638,2.6763787008316746
17117,2.422235754825109
14894,1.275220894075728
17150,2.5357876975749254
15928,1.9898173548456317
15481,2.010983121436437
17350,2.323125284633229
16302,1.634533540550806
17554,2.068639325913961
14879,1.6654991382177884
17619,1.6661536766050014
17116,1.3761555204524918
17597,1.6844748039323094
17189,1.682258793230963
17149,1.0630920171351352
16780,1.3278817130037945
17180,1.4815462412719824
17618,1.6622934381406758
17287,1.71089419823246
17397,1.4492260081800687
15943,1.5059761445857094
17630,0.9801159686201193
17695,1.2810181326831716
15851,0.7742779238358599
17674,1.2800072049687508
16894,1.14255736175183
16485,0.8566411752447578
16777,0.7359981758818013
16516,0.5095745779926368
16532,1.022554602241138
17412,0.5689577262843235
16239,10.96352100357851
13743,12.24945581355179
13813,11.268242779873544
15355,10.810375770142292
15821,9.779171833801893
16013,10.54149183100801
17557,9.247552093222435
17147,9.524821277135477
14893,9.295612994554551
14251,11.65770429688763
15822,8.661936951295624
13696,8.836140554794985
14892,11.324758250583098
13987,9.691747706972597
15404,10.10690471775051
15428,10.003272300466723
14303,8.861707894470467
13697,9.879921498714864
17125,8.482014562982327
15846,10.036432192472153
14170,9.420080337884153
14412,9.649530199856118
16667,9.757896896522176
16696,8.728114212387533
15869,7.970261395460234
14896,8.173656068906439
16280,8.749237581987407
14221,8.644824670878213
14169,9.753125158968219
13837,8.121727976255096
17586,7.924533704786071
17124,8.884729603257309
14590,9.181657735167546
10816,8.894239012651342
17556,8.353839218575338
17123,8.123686067828501
13268,8.217530284823523
14235,7.470915208111583
14943,7.544141264284715
15396,8.732035059833331
13447,8.022026721772315
16296,6.8135243018999505
14322,9.501853166765477
16450,6.624367250872528
16236,6.957726129839618
16346,6.20145174197635
16283,8.552110702603622
16716,4.472467426377964
13952,7.802335872090714
15681,7.2781755536294
14217,7.356900038150606
17558,4.928636661115481
15823,6.796316386369101
15409,6.5418479491189245
14247,7.448734162919664
17185,5.224285299424496
16284,5.871936384834326
14979,5.483660994502146
16870,5.289554022450016
15387,4.231157291654768
15831,2.100936527821478
17178,5.180579764194673
16009,3.8957171406457265
12238,5.0219449688930675
14168,3.12216021179464
16738,5.507312562410482
14953,2.519412948380077
16234,2.346822190347757
15076,2.052784859818671
15899,1.8673655218045992
14218,7.253444217398427
15914,2.0764832955019945
16314,5.386823572170448
16799,2.7238662361016264
14200,3.4516517496320107
17126,2.9489518026143275
17589,2.430701687376978
17560,2.5472641427808833
15473,0.39864247087794563
14260,3.4892093759983003
13750,2.738720730759294
17623,0.7711981889542455
14926,1.7219603277009154
17369,0.9620585368258643
17201,1.1686302965590925
17571,1.780837406238344
17578,2.885256567782919
17634,1.8867503062136501
17621,2.0705943605743937
17247,0.2963399089511721
16072,1.930286952747465
16722,2.193639830647289
16383,1.3364584509690236
17606,0.9821014546411936
17203,1.0208800990163966
17629,0.47889689696253995
17617,0.9528905474215046
17665,0.9412878869513717
16759,1.847140708301587
17628,1.8128964039997213
15890,1.6521076949328066
17658,0.47352600337089185
16793,0.8164908446149974
16492,1.2138223069801537
14467,0.9944279075270748
17645,0.945698052408467
16664,0.685715834985276
16872,1.8836273414350577
16666,0.4054458661127909
16019,1.6573976319673673
17265,0.9723276932058917
13715,0.9499115292419212
17208,0.625923110471183
17379,0.9665724916818985
15975,1.0032541139127016
16063,0.48141191621536494
17667,1.1343412021323813
17010,0.9776393722860628
17140,0.19622563715693767
17410,1.4986988404008024
17408,0.991359440978692
16730,0.18239599032261283
15443,0.4565653108189545
17362,0.8873635648758574
16710,0.28117054739887
16328,0.19792559178363717
14495,0.17796756977669245
15353,0.4672969001571618
17356,0.4782246822194832
14379,0.4381720595499565
16672,12.412307229865958
16675,11.24830109277673
14252,10.582387855879169
15380,11.797329826189568
14669,10.263461219168247
16251,11.348655301605962
13223,10.288578525713774
16241,10.755125336946135
15868,8.849473475463284
15904,10.06218422168542
16698,8.980509702270174
16267,10.363656017107083
16673,9.54296298482889
15856,9.531487533290372
15895,9.043269255899135
15394,10.449414695616014
14918,10.26487536934243
16690,9.878858275612918
15832,8.296363583274902
15845,10.77714648080474
16268,9.58242294660881
13774,9.93150683279674
15836,9.337082494502587
13710,9.23054883751086
16145,7.632409436331028
15933,8.115793311301843
16279,7.9038860503597395
17562,8.874548884166105
16240,9.155710797777864
17127,9.149604731535883
12711,8.481137719076289
16670,10.101256061721964
15833,9.274103131576801
14219,9.220582835416936
15405,8.795020530132787
15401,7.128120952673654
15362,8.51304899925718
14180,7.838743955377862
15852,8.2349902984446
16012,7.627421307119952
17164,6.815437947238401
15913,6.826718344082141
13227,8.19635539040832
17163,7.36730971082156
14997,7.21258332152505
16702,8.667265261421615
16261,7.8916304263085335
17169,7.4234359896962125
15361,6.781761875425074
15989,7.971767242329294
13731,7.54310113792943
16703,8.437640933275622
17141,8.327313387753101
15950,7.844699263346695
16729,7.829860530307593
16731,8.171077941504503
17573,9.488326067750231
13707,7.016302902588921
14924,7.698390321071649
17179,7.921651608027518
15445,6.743078421723889
15124,8.26761192361341
15894,7.350181300084005
13281,9.089393200626748
15866,8.223042758310767
17214,5.315569209323975
13920,8.076703785619356
17129,8.334862371320511
16274,6.222019504974283
17200,7.121907100267074
15888,7.1015230049176905
13738,6.427371020944739
13764,7.800246396262734
14198,7.39929402505185
16741,5.635799376569219
15377,6.380167153250498
17128,4.651128834809772
15375,5.670243717442179
17221,7.980315840155388
13263,6.188709121532201
15859,5.249048787752134
16356,4.000839708958439
14956,6.00812746886189
17156,4.567779717154634
15849,5.752214043358607
17187,4.009180475402507
14904,4.445949564479573
16736,5.259269681106307
17142,4.089356964826667
16784,5.031088884048891
16714,4.089917434853807
17130,5.741799795459102
17162,3.189807720327561
17561,2.7922459630810024
17590,3.139612066126003
17574,3.115599929914518
17639,1.4391882521750685
14957,3.488033499551779
14037,1.9136922479358063
15862,6.215326399174155
16253,1.3940938723161391
16737,3.619532152351943
16695,2.5021818725997833
16288,2.4094080199500554
16753,2.531211272369883
17643,0.48957056874448623
15944,2.2619191767215443
17609,3.008855117863507
17622,2.1126815037705677
15464,0.8031088748217569
17614,1.4516940000582754
17592,2.0919191232351744
15881,0.29061074923253283
16242,0.8605442400682879
17598,2.553352318588818
16728,1.99353932196789
17572,2.173602782761438
12988,1.4822418990200628
17390,2.0407361613504365
17143,1.1102950585451992
15392,1.9435806179098147
16293,1.8378645172095778
16726,0.8213799894548715
17616,1.1522866285573383
15384,1.888723462009445
17604,0.5071500429960354
16735,0.5041995368322983
17168,1.5342097689669105
15880,1.184408248022001
16366,1.2807757967356317
16350,1.0907353636285269
16336,0.8065855890937702
16054,1.1631567736911934
16325,1.9592143188962932
17649,0.6729546865781492
17624,0.4893996480948961
14905,0.21131148424508536
17581,1.4633746236923764
16701,1.8027273234516814
17251,1.3191989830847128
16954,0.2986164861645631
17653,0.2986339601925076
17631,0.9796463091863409
13811,0.5247939461145604
15432,1.2907540094103782
14919,1.0468124846944002
16754,0.5114274599821951
13785,0.8778426532234009
16345,0.3090881792219104
16907,0.6342454080712078
17368,0.550383711447261
15871,8.329162527069434
17131,8.587477897835226
15834,10.493400415698918
13806,8.805888218891779
14179,8.554874329657379
12752,7.311481098143695
14908,9.82575208495704
16708,10.974498851176746
13714,9.501334163738932
13737,7.823227049613469
15839,8.26490026122462
17576,7.86617107197777
14909,8.783607186603428
16457,2.497539058442464
16700,8.346821907216343
15418,7.676050545899462
16244,10.202851422703569
13251,8.540646270948105
15001,8.736537882948577
15452,9.917599262821753
16295,7.984413851335964
16705,7.556960186307014
16245,8.795146259071359
14910,7.968431447409612
17132,6.1617486457682515
14927,8.487572936345147
14995,8.547541419711575
17144,11.069625868694873
17153,6.282447933885115
13713,8.61859365154802
14182,8.196575199269754
16719,7.357327062323703
15365,7.043500220065449
14982,8.866606030766022
16246,7.129430268525405
16676,6.647921024495188
15835,8.759792326434049
16018,6.319232146268605
14933,6.5535143429703435
15850,9.12878895389519
16725,6.4377473816772515
14518,8.44372929350233
16460,8.030707617799488
15923,10.898572272525003
14302,7.21968711467927
13322,3.728768435311083
17563,8.007944114054041
14907,7.210786334110521
13717,7.679498811851204
15860,7.47140680590681
15366,6.876886513102758
16281,7.557264346116829
16572,6.954905744814101
14954,4.99566388957936
16679,3.548042658400039
14224,7.034966606752667
12772,7.795879900390429
17601,5.588652396540805
17202,6.7891529168686775
16102,3.735087236227491
17145,7.2501058879857885
17167,6.280547364416073
16263,5.538590728878619
17172,7.701748852740271
15921,2.994173615484577
14328,4.647105380688941
15140,8.91076036437376
15676,7.214894705347401
15364,3.3389576576032103
13228,3.4730983288137285
16717,8.204857430880523
16677,5.720972911967168
14270,4.690722638599866
13325,4.483164838425773
17582,6.431604355362729
11327,5.32104722178012
13767,1.4245227092028732
14921,1.5024345538837656
15875,4.793694645270193
17181,2.4152909202452304
15402,4.5281503147872275
14434,5.196019803615521
17640,3.6507039065590865
13288,2.224371320847506
17610,1.098277586870903
16727,3.6672657287212043
17575,1.315969430741942
16912,3.0619544304684325
16304,3.685450471538977
17207,2.4309532015910835
16928,2.1466169223839557
17646,2.327180798680264
16014,3.980084613171485
16311,1.45972134972634
16900,2.2743721367759933
17246,0.2560788161975227
15527,0.9776400603892101
15448,2.6655986299362247
15094,1.0148915123725295
16880,0.8316661889578617
17680,0.8196232073380267
17608,0.8814825590314068
17166,3.847640103970132
17239,2.9288348991064628
17626,0.16437124813184706
17186,3.213360003091422
17229,0.4585510474965306
16750,3.0431127497912236
12776,0.806367176504829
17250,0.6958581056095999
17635,0.42858567572527767
16271,1.18421261854436
15956,0.3714274183684708
14414,3.3689438762075365
17211,2.776373283904388
15985,0.322607846469749
15874,1.1580663387354484
14911,0.43021056698714893
17564,0.5666859115066176
17223,0.7817159321633205
17343,0.2601181522763356
15148,0.46075359617402833
14963,0.7870496796747419
16247,0.2463344785753866
15510,3.043119320577899
