season,week,mfl_team,nfl_team,opponent,home_away,kickoff_et,kickoff_label,is_bye
2026,1,ARI,ARI,LAC,away,2026-09-13T20:25:00Z,Sun Sep 13 4:25PM ET,FALSE
2026,2,ARI,ARI,SEA,home,2026-09-20T20:25:00Z,Sun Sep 20 4:25PM ET,FALSE
2026,3,ARI,ARI,SF,away,2026-09-27T20:05:00Z,Sun Sep 27 4:05PM ET,FALSE
2026,4,ARI,ARI,NYG,away,2026-10-04T17:00:00Z,Sun Oct 4 1:00PM ET,FALSE
2026,5,ARI,ARI,DET,home,2026-10-11T20:25:00Z,Sun Oct 11 4:25PM ET,FALSE
2026,6,ARI,ARI,LA,away,2026-10-18T20:05:00Z,Sun Oct 18 4:05PM ET,FALSE
2026,7,ARI,ARI,DEN,home,2026-10-25T20:05:00Z,Sun Oct 25 4:05PM ET,FALSE
2026,8,ARI,ARI,DAL,away,2026-11-01T18:00:00Z,Sun Nov 1 1:00PM ET,FALSE
2026,9,ARI,ARI,SEA,away,2026-11-08T21:25:00Z,Sun Nov 8 4:25PM ET,FALSE
2026,10,ARI,ARI,LA,home,2026-11-15T21:05:00Z,Sun Nov 15 4:05PM ET,FALSE
2026,11,ARI,ARI,KC,away,2026-11-22T18:00:00Z,Sun Nov 22 1:00PM ET,FALSE
2026,12,ARI,ARI,WAS,home,2026-11-29T21:25:00Z,Sun Nov 29 4:25PM ET,FALSE
2026,13,ARI,ARI,PHI,home,2026-12-06T21:05:00Z,Sun Dec 6 4:05PM ET,FALSE
2026,14,ARI,ARI,,,,,TRUE
2026,15,ARI,ARI,NYJ,home,2026-12-20T21:05:00Z,Sun Dec 20 4:05PM ET,FALSE
2026,16,ARI,ARI,NO,away,2026-12-27T18:00:00Z,Sun Dec 27 1:00PM ET,FALSE
2026,17,ARI,ARI,LV,home,2027-01-03T21:05:00Z,Sun Jan 3 4:05PM ET,FALSE
2026,18,ARI,ARI,SF,home,2027-01-10T18:00:00Z,Sun Jan 10 1:00PM ET,FALSE
2026,1,ATL,ATL,PIT,away,2026-09-13T17:00:00Z,Sun Sep 13 1:00PM ET,FALSE
2026,2,ATL,ATL,CAR,home,2026-09-20T17:00:00Z,Sun Sep 20 1:00PM ET,FALSE
2026,3,ATL,ATL,GB,away,2026-09-25T00:15:00Z,Thu Sep 24 8:15PM ET,FALSE
2026,4,ATL,ATL,NO,away,2026-10-06T00:15:00Z,Mon Oct 5 8:15PM ET,FALSE
2026,5,ATL,ATL,BAL,home,2026-10-12T00:20:00Z,Sun Oct 11 8:20PM ET,FALSE
2026,6,ATL,ATL,CHI,home,2026-10-18T17:00:00Z,Sun Oct 18 1:00PM ET,FALSE
2026,7,ATL,ATL,SF,home,2026-10-25T17:00:00Z,Sun Oct 25 1:00PM ET,FALSE
2026,8,ATL,ATL,TB,away,2026-11-01T18:00:00Z,Sun Nov 1 1:00PM ET,FALSE
2026,9,ATL,ATL,CIN,home,2026-11-08T14:30:00Z,Sun Nov 8 9:30AM ET,FALSE
2026,10,ATL,ATL,KC,home,2026-11-15T18:00:00Z,Sun Nov 15 1:00PM ET,FALSE
2026,11,ATL,ATL,,,,,TRUE
2026,12,ATL,ATL,MIN,away,2026-11-29T18:00:00Z,Sun Nov 29 1:00PM ET,FALSE
2026,13,ATL,ATL,DET,home,2026-12-06T18:00:00Z,Sun Dec 6 1:00PM ET,FALSE
2026,14,ATL,ATL,CLE,away,2026-12-13T18:00:00Z,Sun Dec 13 1:00PM ET,FALSE
2026,15,ATL,ATL,WAS,away,2026-12-20T18:00:00Z,Sun Dec 20 1:00PM ET,FALSE
2026,16,ATL,ATL,TB,home,2026-12-27T18:00:00Z,Sun Dec 27 1:00PM ET,FALSE
2026,17,ATL,ATL,NO,home,2027-01-03T18:00:00Z,Sun Jan 3 1:00PM ET,FALSE
2026,18,ATL,ATL,CAR,away,2027-01-10T18:00:00Z,Sun Jan 10 1:00PM ET,FALSE
2026,1,BAL,BAL,IND,away,2026-09-13T17:00:00Z,Sun Sep 13 1:00PM ET,FALSE
2026,2,BAL,BAL,NO,home,2026-09-20T17:00:00Z,Sun Sep 20 1:00PM ET,FALSE
2026,3,BAL,BAL,DAL,away,2026-09-27T20:25:00Z,Sun Sep 27 4:25PM ET,FALSE
2026,4,BAL,BAL,TEN,home,2026-10-04T17:00:00Z,Sun Oct 4 1:00PM ET,FALSE
2026,5,BAL,BAL,ATL,away,2026-10-12T00:20:00Z,Sun Oct 11 8:20PM ET,FALSE
2026,6,BAL,BAL,CLE,away,2026-10-18T17:00:00Z,Sun Oct 18 1:00PM ET,FALSE
2026,7,BAL,BAL,CIN,home,2026-10-25T17:00:00Z,Sun Oct 25 1:00PM ET,FALSE
2026,8,BAL,BAL,BUF,away,2026-11-01T18:00:00Z,Sun Nov 1 1:00PM ET,FALSE
2026,9,BAL,BAL,JAX,home,2026-11-06T01:15:00Z,Thu Nov 5 8:15PM ET,FALSE
2026,10,BAL,BAL,LAC,home,2026-11-17T01:15:00Z,Mon Nov 16 8:15PM ET,FALSE
2026,11,BAL,BAL,CAR,away,2026-11-22T18:00:00Z,Sun Nov 22 1:00PM ET,FALSE
2026,12,BAL,BAL,HOU,away,2026-11-29T18:00:00Z,Sun Nov 29 1:00PM ET,FALSE
2026,13,BAL,BAL,,,,,TRUE
2026,14,BAL,BAL,TB,home,2026-12-13T18:00:00Z,Sun Dec 13 1:00PM ET,FALSE
2026,15,BAL,BAL,PIT,away,2026-12-20T18:00:00Z,Sun Dec 20 1:00PM ET,FALSE
2026,16,BAL,BAL,CLE,home,2026-12-27T18:00:00Z,Sun Dec 27 1:00PM ET,FALSE
2026,17,BAL,BAL,CIN,away,2027-01-01T01:15:00Z,Thu Dec 31 8:15PM ET,FALSE
2026,18,BAL,BAL,PIT,home,2027-01-10T18:00:00Z,Sun Jan 10 1:00PM ET,FALSE
2026,1,BUF,BUF,HOU,away,2026-09-13T17:00:00Z,Sun Sep 13 1:00PM ET,FALSE
2026,2,BUF,BUF,DET,home,2026-09-18T00:15:00Z,Thu Sep 17 8:15PM ET,FALSE
2026,3,BUF,BUF,LAC,home,2026-09-27T17:00:00Z,Sun Sep 27 1:00PM ET,FALSE
2026,4,BUF,BUF,NE,home,2026-10-04T17:00:00Z,Sun Oct 4 1:00PM ET,FALSE
2026,5,BUF,BUF,LA,away,2026-10-13T00:15:00Z,Mon Oct 12 8:15PM ET,FALSE
2026,6,BUF,BUF,LV,away,2026-10-18T20:25:00Z,Sun Oct 18 4:25PM ET,FALSE
2026,7,BUF,BUF,,,,,TRUE
2026,8,BUF,BUF,BAL,home,2026-11-01T18:00:00Z,Sun Nov 1 1:00PM ET,FALSE
2026,9,BUF,BUF,MIN,away,2026-11-10T01:15:00Z,Mon Nov 9 8:15PM ET,FALSE
2026,10,BUF,BUF,NYJ,away,2026-11-15T18:00:00Z,Sun Nov 15 1:00PM ET,FALSE
2026,11,BUF,BUF,MIA,home,2026-11-22T18:00:00Z,Sun Nov 22 1:00PM ET,FALSE
2026,12,BUF,BUF,KC,home,2026-11-27T01:20:00Z,Thu Nov 26 8:20PM ET,FALSE
2026,13,BUF,BUF,NE,away,2026-12-06T21:25:00Z,Sun Dec 6 4:25PM ET,FALSE
2026,14,BUF,BUF,GB,away,2026-12-14T01:20:00Z,Sun Dec 13 8:20PM ET,FALSE
2026,15,BUF,BUF,CHI,home,2026-12-20T01:20:00Z,Sat Dec 19 8:20PM ET,FALSE
2026,16,BUF,BUF,DEN,away,2026-12-25T21:30:00Z,Fri Dec 25 4:30PM ET,FALSE
2026,17,BUF,BUF,MIA,away,2027-01-03T18:00:00Z,Sun Jan 3 1:00PM ET,FALSE
2026,18,BUF,BUF,NYJ,home,2027-01-10T18:00:00Z,Sun Jan 10 1:00PM ET,FALSE
2026,1,CAR,CAR,CHI,home,2026-09-13T17:00:00Z,Sun Sep 13 1:00PM ET,FALSE
2026,2,CAR,CAR,ATL,away,2026-09-20T17:00:00Z,Sun Sep 20 1:00PM ET,FALSE
2026,3,CAR,CAR,CLE,away,2026-09-27T17:00:00Z,Sun Sep 27 1:00PM ET,FALSE
2026,4,CAR,CAR,DET,home,2026-10-05T00:20:00Z,Sun Oct 4 8:20PM ET,FALSE
2026,5,CAR,CAR,,,,,TRUE
2026,6,CAR,CAR,PHI,away,2026-10-18T17:00:00Z,Sun Oct 18 1:00PM ET,FALSE
2026,7,CAR,CAR,TB,home,2026-10-25T17:00:00Z,Sun Oct 25 1:00PM ET,FALSE
2026,8,CAR,CAR,GB,away,2026-10-30T00:15:00Z,Thu Oct 29 8:15PM ET,FALSE
2026,9,CAR,CAR,DEN,home,2026-11-08T18:00:00Z,Sun Nov 8 1:00PM ET,FALSE
2026,10,CAR,CAR,NO,away,2026-11-15T18:00:00Z,Sun Nov 15 1:00PM ET,FALSE
2026,11,CAR,CAR,BAL,home,2026-11-22T18:00:00Z,Sun Nov 22 1:00PM ET,FALSE
2026,12,CAR,CAR,TB,away,2026-12-01T01:15:00Z,Mon Nov 30 8:15PM ET,FALSE
2026,13,CAR,CAR,MIN,away,2026-12-06T21:25:00Z,Sun Dec 6 4:25PM ET,FALSE
2026,14,CAR,CAR,NO,home,2026-12-13T18:00:00Z,Sun Dec 13 1:00PM ET,FALSE
2026,15,CAR,CAR,CIN,home,2026-12-20T18:00:00Z,Sun Dec 20 1:00PM ET,FALSE
2026,16,CAR,CAR,PIT,away,2026-12-27T18:00:00Z,Sun Dec 27 1:00PM ET,FALSE
2026,17,CAR,CAR,SEA,home,2027-01-03T18:00:00Z,Sun Jan 3 1:00PM ET,FALSE
2026,18,CAR,CAR,ATL,home,2027-01-10T18:00:00Z,Sun Jan 10 1:00PM ET,FALSE
2026,1,CHI,CHI,CAR,away,2026-09-13T17:00:00Z,Sun Sep 13 1:00PM ET,FALSE
2026,2,CHI,CHI,MIN,home,2026-09-20T17:00:00Z,Sun Sep 20 1:00PM ET,FALSE
2026,3,CHI,CHI,PHI,home,2026-09-29T00:15:00Z,Mon Sep 28 8:15PM ET,FALSE
2026,4,CHI,CHI,NYJ,home,2026-10-04T17:00:00Z,Sun Oct 4 1:00PM ET,FALSE
2026,5,CHI,CHI,GB,away,2026-10-11T20:25:00Z,Sun Oct 11 4:25PM ET,FALSE
2026,6,CHI,CHI,ATL,away,2026-10-18T17:00:00Z,Sun Oct 18 1:00PM ET,FALSE
2026,7,CHI,CHI,NE,home,2026-10-23T00:15:00Z,Thu Oct 22 8:15PM ET,FALSE
2026,8,CHI,CHI,SEA,away,2026-11-03T01:15:00Z,Mon Nov 2 8:15PM ET,FALSE
2026,9,CHI,CHI,TB,home,2026-11-09T01:20:00Z,Sun Nov 8 8:20PM ET,FALSE
2026,10,CHI,CHI,,,,,TRUE
2026,11,CHI,CHI,NO,home,2026-11-22T18:00:00Z,Sun Nov 22 1:00PM ET,FALSE
2026,12,CHI,CHI,DET,away,2026-11-26T18:00:00Z,Thu Nov 26 1:00PM ET,FALSE
2026,13,CHI,CHI,JAX,home,2026-12-06T18:00:00Z,Sun Dec 6 1:00PM ET,FALSE
2026,14,CHI,CHI,MIA,away,2026-12-13T18:00:00Z,Sun Dec 13 1:00PM ET,FALSE
2026,15,CHI,CHI,BUF,away,2026-12-20T01:20:00Z,Sat Dec 19 8:20PM ET,FALSE
2026,16,CHI,CHI,GB,home,2026-12-25T18:00:00Z,Fri Dec 25 1:00PM ET,FALSE
2026,17,CHI,CHI,DET,home,2027-01-03T21:25:00Z,Sun Jan 3 4:25PM ET,FALSE
2026,18,CHI,CHI,MIN,away,2027-01-10T18:00:00Z,Sun Jan 10 1:00PM ET,FALSE
2026,1,CIN,CIN,TB,home,2026-09-13T17:00:00Z,Sun Sep 13 1:00PM ET,FALSE
2026,2,CIN,CIN,HOU,away,2026-09-20T17:00:00Z,Sun Sep 20 1:00PM ET,FALSE
2026,3,CIN,CIN,PIT,away,2026-09-27T17:00:00Z,Sun Sep 27 1:00PM ET,FALSE
2026,4,CIN,CIN,JAX,home,2026-10-04T17:00:00Z,Sun Oct 4 1:00PM ET,FALSE
2026,5,CIN,CIN,MIA,away,2026-10-11T17:00:00Z,Sun Oct 11 1:00PM ET,FALSE
2026,6,CIN,CIN,,,,,TRUE
2026,7,CIN,CIN,BAL,away,2026-10-25T17:00:00Z,Sun Oct 25 1:00PM ET,FALSE
2026,8,CIN,CIN,TEN,home,2026-11-01T18:00:00Z,Sun Nov 1 1:00PM ET,FALSE
2026,9,CIN,CIN,ATL,away,2026-11-08T14:30:00Z,Sun Nov 8 9:30AM ET,FALSE
2026,10,CIN,CIN,PIT,home,2026-11-16T01:20:00Z,Sun Nov 15 8:20PM ET,FALSE
2026,11,CIN,CIN,WAS,away,2026-11-24T01:15:00Z,Mon Nov 23 8:15PM ET,FALSE
2026,12,CIN,CIN,NO,home,2026-11-29T18:00:00Z,Sun Nov 29 1:00PM ET,FALSE
2026,13,CIN,CIN,CLE,away,2026-12-06T18:00:00Z,Sun Dec 6 1:00PM ET,FALSE
2026,14,CIN,CIN,KC,home,2026-12-13T21:25:00Z,Sun Dec 13 4:25PM ET,FALSE
2026,15,CIN,CIN,CAR,away,2026-12-20T18:00:00Z,Sun Dec 20 1:00PM ET,FALSE
2026,16,CIN,CIN,IND,away,2026-12-27T18:00:00Z,Sun Dec 27 1:00PM ET,FALSE
2026,17,CIN,CIN,BAL,home,2027-01-01T01:15:00Z,Thu Dec 31 8:15PM ET,FALSE
2026,18,CIN,CIN,CLE,home,2027-01-10T18:00:00Z,Sun Jan 10 1:00PM ET,FALSE
2026,1,CLE,CLE,JAX,away,2026-09-13T17:00:00Z,Sun Sep 13 1:00PM ET,FALSE
2026,2,CLE,CLE,TB,away,2026-09-20T17:00:00Z,Sun Sep 20 1:00PM ET,FALSE
2026,3,CLE,CLE,CAR,home,2026-09-27T17:00:00Z,Sun Sep 27 1:00PM ET,FALSE
2026,4,CLE,CLE,PIT,home,2026-10-02T00:15:00Z,Thu Oct 1 8:15PM ET,FALSE
2026,5,CLE,CLE,NYJ,away,2026-10-11T17:00:00Z,Sun Oct 11 1:00PM ET,FALSE
2026,6,CLE,CLE,BAL,home,2026-10-18T17:00:00Z,Sun Oct 18 1:00PM ET,FALSE
2026,7,CLE,CLE,TEN,away,2026-10-25T17:00:00Z,Sun Oct 25 1:00PM ET,FALSE
2026,8,CLE,CLE,PIT,away,2026-11-01T18:00:00Z,Sun Nov 1 1:00PM ET,FALSE
2026,9,CLE,CLE,NO,away,2026-11-08T18:00:00Z,Sun Nov 8 1:00PM ET,FALSE
2026,10,CLE,CLE,HOU,home,2026-11-15T18:00:00Z,Sun Nov 15 1:00PM ET,FALSE
2026,11,CLE,CLE,,,,,TRUE
2026,12,CLE,CLE,LV,home,2026-11-29T18:00:00Z,Sun Nov 29 1:00PM ET,FALSE
2026,13,CLE,CLE,CIN,home,2026-12-06T18:00:00Z,Sun Dec 6 1:00PM ET,FALSE
2026,14,CLE,CLE,ATL,home,2026-12-13T18:00:00Z,Sun Dec 13 1:00PM ET,FALSE
2026,15,CLE,CLE,NYG,away,2026-12-20T18:00:00Z,Sun Dec 20 1:00PM ET,FALSE
2026,16,CLE,CLE,BAL,away,2026-12-27T18:00:00Z,Sun Dec 27 1:00PM ET,FALSE
2026,17,CLE,CLE,IND,home,2027-01-03T18:00:00Z,Sun Jan 3 1:00PM ET,FALSE
2026,18,CLE,CLE,CIN,away,2027-01-10T18:00:00Z,Sun Jan 10 1:00PM ET,FALSE
2026,1,DAL,DAL,NYG,away,2026-09-14T00:20:00Z,Sun Sep 13 8:20PM ET,FALSE
2026,2,DAL,DAL,WAS,home,2026-09-20T20:25:00Z,Sun Sep 20 4:25PM ET,FALSE
2026,3,DAL,DAL,BAL,home,2026-09-27T20:25:00Z,Sun Sep 27 4:25PM ET,FALSE
2026,4,DAL,DAL,HOU,away,2026-10-04T17:00:00Z,Sun Oct 4 1:00PM ET,FALSE
2026,5,DAL,DAL,TB,home,2026-10-09T00:15:00Z,Thu Oct 8 8:15PM ET,FALSE
2026,6,DAL,DAL,GB,away,2026-10-19T00:20:00Z,Sun Oct 18 8:20PM ET,FALSE
2026,7,DAL,DAL,PHI,away,2026-10-27T00:15:00Z,Mon Oct 26 8:15PM ET,FALSE
2026,8,DAL,DAL,ARI,home,2026-11-01T18:00:00Z,Sun Nov 1 1:00PM ET,FALSE
2026,9,DAL,DAL,IND,away,2026-11-08T18:00:00Z,Sun Nov 8 1:00PM ET,FALSE
2026,10,DAL,DAL,SF,home,2026-11-15T21:25:00Z,Sun Nov 15 4:25PM ET,FALSE
2026,11,DAL,DAL,TEN,home,2026-11-22T18:00:00Z,Sun Nov 22 1:00PM ET,FALSE
2026,12,DAL,DAL,PHI,home,2026-11-26T21:30:00Z,Thu Nov 26 4:30PM ET,FALSE
2026,13,DAL,DAL,SEA,away,2026-12-08T01:15:00Z,Mon Dec 7 8:15PM ET,FALSE
2026,14,DAL,DAL,,,,,TRUE
2026,15,DAL,DAL,LA,away,2026-12-20T21:25:00Z,Sun Dec 20 4:25PM ET,FALSE
2026,16,DAL,DAL,JAX,home,2026-12-28T01:20:00Z,Sun Dec 27 8:20PM ET,FALSE
2026,17,DAL,DAL,NYG,home,2027-01-03T18:00:00Z,Sun Jan 3 1:00PM ET,FALSE
2026,18,DAL,DAL,WAS,away,2027-01-10T18:00:00Z,Sun Jan 10 1:00PM ET,FALSE
2026,1,DEN,DEN,KC,away,2026-09-15T00:15:00Z,Mon Sep 14 8:15PM ET,FALSE
2026,2,DEN,DEN,JAX,home,2026-09-20T20:05:00Z,Sun Sep 20 4:05PM ET,FALSE
2026,3,DEN,DEN,LA,home,2026-09-28T00:20:00Z,Sun Sep 27 8:20PM ET,FALSE
2026,4,DEN,DEN,SF,away,2026-10-04T20:25:00Z,Sun Oct 4 4:25PM ET,FALSE
2026,5,DEN,DEN,LAC,away,2026-10-11T20:05:00Z,Sun Oct 11 4:05PM ET,FALSE
2026,6,DEN,DEN,SEA,home,2026-10-16T00:15:00Z,Thu Oct 15 8:15PM ET,FALSE
2026,7,DEN,DEN,ARI,away,2026-10-25T20:05:00Z,Sun Oct 25 4:05PM ET,FALSE
2026,8,DEN,DEN,KC,home,2026-11-01T21:25:00Z,Sun Nov 1 4:25PM ET,FALSE
2026,9,DEN,DEN,CAR,away,2026-11-08T18:00:00Z,Sun Nov 8 1:00PM ET,FALSE
2026,10,DEN,DEN,,,,,TRUE
2026,11,DEN,DEN,LV,home,2026-11-22T21:25:00Z,Sun Nov 22 4:25PM ET,FALSE
2026,12,DEN,DEN,PIT,away,2026-11-27T20:00:00Z,Fri Nov 27 3:00PM ET,FALSE
2026,13,DEN,DEN,MIA,home,2026-12-06T21:05:00Z,Sun Dec 6 4:05PM ET,FALSE
2026,14,DEN,DEN,NYJ,away,2026-12-13T18:00:00Z,Sun Dec 13 1:00PM ET,FALSE
2026,15,DEN,DEN,LV,away,2026-12-20T21:25:00Z,Sun Dec 20 4:25PM ET,FALSE
2026,16,DEN,DEN,BUF,home,2026-12-25T21:30:00Z,Fri Dec 25 4:30PM ET,FALSE
2026,17,DEN,DEN,NE,away,2027-01-03T18:00:00Z,Sun Jan 3 1:00PM ET,FALSE
2026,18,DEN,DEN,LAC,home,2027-01-10T18:00:00Z,Sun Jan 10 1:00PM ET,FALSE
2026,1,DET,DET,NO,home,2026-09-13T17:00:00Z,Sun Sep 13 1:00PM ET,FALSE
2026,2,DET,DET,BUF,away,2026-09-18T00:15:00Z,Thu Sep 17 8:15PM ET,FALSE
2026,3,DET,DET,NYJ,home,2026-09-27T17:00:00Z,Sun Sep 27 1:00PM ET,FALSE
2026,4,DET,DET,CAR,away,2026-10-05T00:20:00Z,Sun Oct 4 8:20PM ET,FALSE
2026,5,DET,DET,ARI,away,2026-10-11T20:25:00Z,Sun Oct 11 4:25PM ET,FALSE
2026,6,DET,DET,,,,,TRUE
2026,7,DET,DET,GB,home,2026-10-25T20:25:00Z,Sun Oct 25 4:25PM ET,FALSE
2026,8,DET,DET,MIN,home,2026-11-01T18:00:00Z,Sun Nov 1 1:00PM ET,FALSE
2026,9,DET,DET,MIA,away,2026-11-08T18:00:00Z,Sun Nov 8 1:00PM ET,FALSE
2026,10,DET,DET,NE,home,2026-11-15T14:30:00Z,Sun Nov 15 9:30AM ET,FALSE
2026,11,DET,DET,TB,home,2026-11-22T18:00:00Z,Sun Nov 22 1:00PM ET,FALSE
2026,12,DET,DET,CHI,home,2026-11-26T18:00:00Z,Thu Nov 26 1:00PM ET,FALSE
2026,13,DET,DET,ATL,away,2026-12-06T18:00:00Z,Sun Dec 6 1:00PM ET,FALSE
2026,14,DET,DET,TEN,home,2026-12-13T18:00:00Z,Sun Dec 13 1:00PM ET,FALSE
2026,15,DET,DET,MIN,away,2026-12-21T01:20:00Z,Sun Dec 20 8:20PM ET,FALSE
2026,16,DET,DET,NYG,home,2026-12-29T01:15:00Z,Mon Dec 28 8:15PM ET,FALSE
2026,17,DET,DET,CHI,away,2027-01-03T21:25:00Z,Sun Jan 3 4:25PM ET,FALSE
2026,18,DET,DET,GB,away,2027-01-10T18:00:00Z,Sun Jan 10 1:00PM ET,FALSE
2026,1,GBP,GB,MIN,away,2026-09-13T20:25:00Z,Sun Sep 13 4:25PM ET,FALSE
2026,2,GBP,GB,NYJ,away,2026-09-20T17:00:00Z,Sun Sep 20 1:00PM ET,FALSE
2026,3,GBP,GB,ATL,home,2026-09-25T00:15:00Z,Thu Sep 24 8:15PM ET,FALSE
2026,4,GBP,GB,TB,away,2026-10-04T17:00:00Z,Sun Oct 4 1:00PM ET,FALSE
2026,5,GBP,GB,CHI,home,2026-10-11T20:25:00Z,Sun Oct 11 4:25PM ET,FALSE
2026,6,GBP,GB,DAL,home,2026-10-19T00:20:00Z,Sun Oct 18 8:20PM ET,FALSE
2026,7,GBP,GB,DET,away,2026-10-25T20:25:00Z,Sun Oct 25 4:25PM ET,FALSE
2026,8,GBP,GB,CAR,home,2026-10-30T00:15:00Z,Thu Oct 29 8:15PM ET,FALSE
2026,9,GBP,GB,NE,away,2026-11-08T21:25:00Z,Sun Nov 8 4:25PM ET,FALSE
2026,10,GBP,GB,MIN,home,2026-11-15T18:00:00Z,Sun Nov 15 1:00PM ET,FALSE
2026,11,GBP,GB,,,,,TRUE
2026,12,GBP,GB,LA,away,2026-11-26T01:00:00Z,Wed Nov 25 8:00PM ET,FALSE
2026,13,GBP,GB,NO,away,2026-12-06T18:00:00Z,Sun Dec 6 1:00PM ET,FALSE
2026,14,GBP,GB,BUF,home,2026-12-14T01:20:00Z,Sun Dec 13 8:20PM ET,FALSE
2026,15,GBP,GB,MIA,home,2026-12-20T18:00:00Z,Sun Dec 20 1:00PM ET,FALSE
2026,16,GBP,GB,CHI,away,2026-12-25T18:00:00Z,Fri Dec 25 1:00PM ET,FALSE
2026,17,GBP,GB,HOU,home,2027-01-05T01:15:00Z,Mon Jan 4 8:15PM ET,FALSE
2026,18,GBP,GB,DET,home,2027-01-10T18:00:00Z,Sun Jan 10 1:00PM ET,FALSE
2026,1,HOU,HOU,BUF,home,2026-09-13T17:00:00Z,Sun Sep 13 1:00PM ET,FALSE
2026,2,HOU,HOU,CIN,home,2026-09-20T17:00:00Z,Sun Sep 20 1:00PM ET,FALSE
2026,3,HOU,HOU,IND,away,2026-09-27T17:00:00Z,Sun Sep 27 1:00PM ET,FALSE
2026,4,HOU,HOU,DAL,home,2026-10-04T17:00:00Z,Sun Oct 4 1:00PM ET,FALSE
2026,5,HOU,HOU,TEN,away,2026-10-11T17:00:00Z,Sun Oct 11 1:00PM ET,FALSE
2026,6,HOU,HOU,JAX,away,2026-10-18T13:30:00Z,Sun Oct 18 9:30AM ET,FALSE
2026,7,HOU,HOU,NYG,home,2026-10-25T17:00:00Z,Sun Oct 25 1:00PM ET,FALSE
2026,8,HOU,HOU,,,,,TRUE
2026,9,HOU,HOU,LAC,away,2026-11-08T21:05:00Z,Sun Nov 8 4:05PM ET,FALSE
2026,10,HOU,HOU,CLE,away,2026-11-15T18:00:00Z,Sun Nov 15 1:00PM ET,FALSE
2026,11,HOU,HOU,IND,home,2026-11-20T01:15:00Z,Thu Nov 19 8:15PM ET,FALSE
2026,12,HOU,HOU,BAL,home,2026-11-29T18:00:00Z,Sun Nov 29 1:00PM ET,FALSE
2026,13,HOU,HOU,PIT,away,2026-12-07T01:20:00Z,Sun Dec 6 8:20PM ET,FALSE
2026,14,HOU,HOU,WAS,away,2026-12-13T18:00:00Z,Sun Dec 13 1:00PM ET,FALSE
2026,15,HOU,HOU,JAX,home,2026-12-20T18:00:00Z,Sun Dec 20 1:00PM ET,FALSE
2026,16,HOU,HOU,PHI,away,2026-12-25T01:15:00Z,Thu Dec 24 8:15PM ET,FALSE
2026,17,HOU,HOU,GB,away,2027-01-05T01:15:00Z,Mon Jan 4 8:15PM ET,FALSE
2026,18,HOU,HOU,TEN,home,2027-01-10T18:00:00Z,Sun Jan 10 1:00PM ET,FALSE
2026,1,IND,IND,BAL,home,2026-09-13T17:00:00Z,Sun Sep 13 1:00PM ET,FALSE
2026,2,IND,IND,KC,away,2026-09-21T00:20:00Z,Sun Sep 20 8:20PM ET,FALSE
2026,3,IND,IND,HOU,home,2026-09-27T17:00:00Z,Sun Sep 27 1:00PM ET,FALSE
2026,4,IND,IND,WAS,away,2026-10-04T13:30:00Z,Sun Oct 4 9:30AM ET,FALSE
2026,5,IND,IND,PIT,away,2026-10-11T17:00:00Z,Sun Oct 11 1:00PM ET,FALSE
2026,6,IND,IND,TEN,home,2026-10-18T17:00:00Z,Sun Oct 18 1:00PM ET,FALSE
2026,7,IND,IND,MIN,away,2026-10-25T17:00:00Z,Sun Oct 25 1:00PM ET,FALSE
2026,8,IND,IND,JAX,away,2026-11-01T18:00:00Z,Sun Nov 1 1:00PM ET,FALSE
2026,9,IND,IND,DAL,home,2026-11-08T18:00:00Z,Sun Nov 8 1:00PM ET,FALSE
2026,10,IND,IND,MIA,home,2026-11-15T18:00:00Z,Sun Nov 15 1:00PM ET,FALSE
2026,11,IND,IND,HOU,away,2026-11-20T01:15:00Z,Thu Nov 19 8:15PM ET,FALSE
2026,12,IND,IND,NYG,home,2026-11-29T18:00:00Z,Sun Nov 29 1:00PM ET,FALSE
2026,13,IND,IND,,,,,TRUE
2026,14,IND,IND,PHI,away,2026-12-13T18:00:00Z,Sun Dec 13 1:00PM ET,FALSE
2026,15,IND,IND,TEN,away,2026-12-20T18:00:00Z,Sun Dec 20 1:00PM ET,FALSE
2026,16,IND,IND,CIN,home,2026-12-27T18:00:00Z,Sun Dec 27 1:00PM ET,FALSE
2026,17,IND,IND,CLE,away,2027-01-03T18:00:00Z,Sun Jan 3 1:00PM ET,FALSE
2026,18,IND,IND,JAX,home,2027-01-10T18:00:00Z,Sun Jan 10 1:00PM ET,FALSE
2026,1,JAC,JAX,CLE,home,2026-09-13T17:00:00Z,Sun Sep 13 1:00PM ET,FALSE
2026,2,JAC,JAX,DEN,away,2026-09-20T20:05:00Z,Sun Sep 20 4:05PM ET,FALSE
2026,3,JAC,JAX,NE,home,2026-09-27T17:00:00Z,Sun Sep 27 1:00PM ET,FALSE
2026,4,JAC,JAX,CIN,away,2026-10-04T17:00:00Z,Sun Oct 4 1:00PM ET,FALSE
2026,5,JAC,JAX,PHI,home,2026-10-11T13:30:00Z,Sun Oct 11 9:30AM ET,FALSE
2026,6,JAC,JAX,HOU,home,2026-10-18T13:30:00Z,Sun Oct 18 9:30AM ET,FALSE
2026,7,JAC,JAX,,,,,TRUE
2026,8,JAC,JAX,IND,home,2026-11-01T18:00:00Z,Sun Nov 1 1:00PM ET,FALSE
2026,9,JAC,JAX,BAL,away,2026-11-06T01:15:00Z,Thu Nov 5 8:15PM ET,FALSE
2026,10,JAC,JAX,TEN,away,2026-11-15T18:00:00Z,Sun Nov 15 1:00PM ET,FALSE
2026,11,JAC,JAX,NYG,away,2026-11-22T18:00:00Z,Sun Nov 22 1:00PM ET,FALSE
2026,12,JAC,JAX,TEN,home,2026-11-29T21:05:00Z,Sun Nov 29 4:05PM ET,FALSE
2026,13,JAC,JAX,CHI,away,2026-12-06T18:00:00Z,Sun Dec 6 1:00PM ET,FALSE
2026,14,JAC,JAX,PIT,home,2026-12-15T01:15:00Z,Mon Dec 14 8:15PM ET,FALSE
2026,15,JAC,JAX,HOU,away,2026-12-20T18:00:00Z,Sun Dec 20 1:00PM ET,FALSE
2026,16,JAC,JAX,DAL,away,2026-12-28T01:20:00Z,Sun Dec 27 8:20PM ET,FALSE
2026,17,JAC,JAX,WAS,home,2027-01-03T18:00:00Z,Sun Jan 3 1:00PM ET,FALSE
2026,18,JAC,JAX,IND,away,2027-01-10T18:00:00Z,Sun Jan 10 1:00PM ET,FALSE
2026,1,KCC,KC,DEN,home,2026-09-15T00:15:00Z,Mon Sep 14 8:15PM ET,FALSE
2026,2,KCC,KC,IND,home,2026-09-21T00:20:00Z,Sun Sep 20 8:20PM ET,FALSE
2026,3,KCC,KC,MIA,away,2026-09-27T17:00:00Z,Sun Sep 27 1:00PM ET,FALSE
2026,4,KCC,KC,LV,away,2026-10-04T20:25:00Z,Sun Oct 4 4:25PM ET,FALSE
2026,5,KCC,KC,,,,,TRUE
2026,6,KCC,KC,LAC,home,2026-10-18T20:25:00Z,Sun Oct 18 4:25PM ET,FALSE
2026,7,KCC,KC,SEA,away,2026-10-26T00:20:00Z,Sun Oct 25 8:20PM ET,FALSE
2026,8,KCC,KC,DEN,away,2026-11-01T21:25:00Z,Sun Nov 1 4:25PM ET,FALSE
2026,9,KCC,KC,NYJ,home,2026-11-08T18:00:00Z,Sun Nov 8 1:00PM ET,FALSE
2026,10,KCC,KC,ATL,away,2026-11-15T18:00:00Z,Sun Nov 15 1:00PM ET,FALSE
2026,11,KCC,KC,ARI,home,2026-11-22T18:00:00Z,Sun Nov 22 1:00PM ET,FALSE
2026,12,KCC,KC,BUF,away,2026-11-27T01:20:00Z,Thu Nov 26 8:20PM ET,FALSE
2026,13,KCC,KC,LA,away,2026-12-04T01:15:00Z,Thu Dec 3 8:15PM ET,FALSE
2026,14,KCC,KC,CIN,away,2026-12-13T21:25:00Z,Sun Dec 13 4:25PM ET,FALSE
2026,15,KCC,KC,NE,home,2026-12-22T01:15:00Z,Mon Dec 21 8:15PM ET,FALSE
2026,16,KCC,KC,SF,home,2026-12-27T21:25:00Z,Sun Dec 27 4:25PM ET,FALSE
2026,17,KCC,KC,LAC,away,2027-01-03T18:00:00Z,Sun Jan 3 1:00PM ET,FALSE
2026,18,KCC,KC,LV,home,2027-01-10T18:00:00Z,Sun Jan 10 1:00PM ET,FALSE
2026,1,LAC,LAC,ARI,home,2026-09-13T20:25:00Z,Sun Sep 13 4:25PM ET,FALSE
2026,2,LAC,LAC,LV,home,2026-09-20T20:05:00Z,Sun Sep 20 4:05PM ET,FALSE
2026,3,LAC,LAC,BUF,away,2026-09-27T17:00:00Z,Sun Sep 27 1:00PM ET,FALSE
2026,4,LAC,LAC,SEA,away,2026-10-04T20:25:00Z,Sun Oct 4 4:25PM ET,FALSE
2026,5,LAC,LAC,DEN,home,2026-10-11T20:05:00Z,Sun Oct 11 4:05PM ET,FALSE
2026,6,LAC,LAC,KC,away,2026-10-18T20:25:00Z,Sun Oct 18 4:25PM ET,FALSE
2026,7,LAC,LAC,,,,,TRUE
2026,8,LAC,LAC,LA,away,2026-11-01T21:05:00Z,Sun Nov 1 4:05PM ET,FALSE
2026,9,LAC,LAC,HOU,home,2026-11-08T21:05:00Z,Sun Nov 8 4:05PM ET,FALSE
2026,10,LAC,LAC,BAL,away,2026-11-17T01:15:00Z,Mon Nov 16 8:15PM ET,FALSE
2026,11,LAC,LAC,NYJ,home,2026-11-22T21:05:00Z,Sun Nov 22 4:05PM ET,FALSE
2026,12,LAC,LAC,NE,home,2026-11-30T01:20:00Z,Sun Nov 29 8:20PM ET,FALSE
2026,13,LAC,LAC,TB,away,2026-12-06T18:00:00Z,Sun Dec 6 1:00PM ET,FALSE
2026,14,LAC,LAC,LV,away,2026-12-13T21:05:00Z,Sun Dec 13 4:05PM ET,FALSE
2026,15,LAC,LAC,SF,home,2026-12-18T01:15:00Z,Thu Dec 17 8:15PM ET,FALSE
2026,16,LAC,LAC,MIA,away,2026-12-27T18:00:00Z,Sun Dec 27 1:00PM ET,FALSE
2026,17,LAC,LAC,KC,home,2027-01-03T18:00:00Z,Sun Jan 3 1:00PM ET,FALSE
2026,18,LAC,LAC,DEN,away,2027-01-10T18:00:00Z,Sun Jan 10 1:00PM ET,FALSE
2026,1,LAR,LA,SF,home,2026-09-11T00:35:00Z,Thu Sep 10 8:35PM ET,FALSE
2026,2,LAR,LA,NYG,home,2026-09-22T00:15:00Z,Mon Sep 21 8:15PM ET,FALSE
2026,3,LAR,LA,DEN,away,2026-09-28T00:20:00Z,Sun Sep 27 8:20PM ET,FALSE
2026,4,LAR,LA,PHI,away,2026-10-04T17:00:00Z,Sun Oct 4 1:00PM ET,FALSE
2026,5,LAR,LA,BUF,home,2026-10-13T00:15:00Z,Mon Oct 12 8:15PM ET,FALSE
2026,6,LAR,LA,ARI,home,2026-10-18T20:05:00Z,Sun Oct 18 4:05PM ET,FALSE
2026,7,LAR,LA,LV,away,2026-10-25T20:25:00Z,Sun Oct 25 4:25PM ET,FALSE
2026,8,LAR,LA,LAC,home,2026-11-01T21:05:00Z,Sun Nov 1 4:05PM ET,FALSE
2026,9,LAR,LA,WAS,away,2026-11-08T18:00:00Z,Sun Nov 8 1:00PM ET,FALSE
2026,10,LAR,LA,ARI,away,2026-11-15T21:05:00Z,Sun Nov 15 4:05PM ET,FALSE
2026,11,LAR,LA,,,,,TRUE
2026,12,LAR,LA,GB,home,2026-11-26T01:00:00Z,Wed Nov 25 8:00PM ET,FALSE
2026,13,LAR,LA,KC,home,2026-12-04T01:15:00Z,Thu Dec 3 8:15PM ET,FALSE
2026,14,LAR,LA,SF,away,2026-12-13T21:25:00Z,Sun Dec 13 4:25PM ET,FALSE
2026,15,LAR,LA,DAL,home,2026-12-20T21:25:00Z,Sun Dec 20 4:25PM ET,FALSE
2026,16,LAR,LA,SEA,away,2026-12-26T01:15:00Z,Fri Dec 25 8:15PM ET,FALSE
2026,17,LAR,LA,TB,away,2027-01-03T18:00:00Z,Sun Jan 3 1:00PM ET,FALSE
2026,18,LAR,LA,SEA,home,2027-01-10T18:00:00Z,Sun Jan 10 1:00PM ET,FALSE
2026,1,LVR,LV,MIA,home,2026-09-13T20:25:00Z,Sun Sep 13 4:25PM ET,FALSE
2026,2,LVR,LV,LAC,away,2026-09-20T20:05:00Z,Sun Sep 20 4:05PM ET,FALSE
2026,3,LVR,LV,NO,away,2026-09-27T20:25:00Z,Sun Sep 27 4:25PM ET,FALSE
2026,4,LVR,LV,KC,home,2026-10-04T20:25:00Z,Sun Oct 4 4:25PM ET,FALSE
2026,5,LVR,LV,NE,away,2026-10-11T17:00:00Z,Sun Oct 11 1:00PM ET,FALSE
2026,6,LVR,LV,BUF,home,2026-10-18T20:25:00Z,Sun Oct 18 4:25PM ET,FALSE
2026,7,LVR,LV,LA,home,2026-10-25T20:25:00Z,Sun Oct 25 4:25PM ET,FALSE
2026,8,LVR,LV,NYJ,away,2026-11-01T18:00:00Z,Sun Nov 1 1:00PM ET,FALSE
2026,9,LVR,LV,SF,away,2026-11-08T21:05:00Z,Sun Nov 8 4:05PM ET,FALSE
2026,10,LVR,LV,SEA,home,2026-11-15T21:05:00Z,Sun Nov 15 4:05PM ET,FALSE
2026,11,LVR,LV,DEN,away,2026-11-22T21:25:00Z,Sun Nov 22 4:25PM ET,FALSE
2026,12,LVR,LV,CLE,away,2026-11-29T18:00:00Z,Sun Nov 29 1:00PM ET,FALSE
2026,13,LVR,LV,,,,,TRUE
2026,14,LVR,LV,LAC,home,2026-12-13T21:05:00Z,Sun Dec 13 4:05PM ET,FALSE
2026,15,LVR,LV,DEN,home,2026-12-20T21:25:00Z,Sun Dec 20 4:25PM ET,FALSE
2026,16,LVR,LV,TEN,home,2026-12-27T21:05:00Z,Sun Dec 27 4:05PM ET,FALSE
2026,17,LVR,LV,ARI,away,2027-01-03T21:05:00Z,Sun Jan 3 4:05PM ET,FALSE
2026,18,LVR,LV,KC,away,2027-01-10T18:00:00Z,Sun Jan 10 1:00PM ET,FALSE
2026,1,MIA,MIA,LV,away,2026-09-13T20:25:00Z,Sun Sep 13 4:25PM ET,FALSE
2026,2,MIA,MIA,SF,away,2026-09-20T20:25:00Z,Sun Sep 20 4:25PM ET,FALSE
2026,3,MIA,MIA,KC,home,2026-09-27T17:00:00Z,Sun Sep 27 1:00PM ET,FALSE
2026,4,MIA,MIA,MIN,away,2026-10-04T20:05:00Z,Sun Oct 4 4:05PM ET,FALSE
2026,5,MIA,MIA,CIN,home,2026-10-11T17:00:00Z,Sun Oct 11 1:00PM ET,FALSE
2026,6,MIA,MIA,,,,,TRUE
2026,7,MIA,MIA,NYJ,away,2026-10-25T17:00:00Z,Sun Oct 25 1:00PM ET,FALSE
2026,8,MIA,MIA,NE,home,2026-11-01T21:25:00Z,Sun Nov 1 4:25PM ET,FALSE
2026,9,MIA,MIA,DET,home,2026-11-08T18:00:00Z,Sun Nov 8 1:00PM ET,FALSE
2026,10,MIA,MIA,IND,away,2026-11-15T18:00:00Z,Sun Nov 15 1:00PM ET,FALSE
2026,11,MIA,MIA,BUF,away,2026-11-22T18:00:00Z,Sun Nov 22 1:00PM ET,FALSE
2026,12,MIA,MIA,NYJ,home,2026-11-29T18:00:00Z,Sun Nov 29 1:00PM ET,FALSE
2026,13,MIA,MIA,DEN,away,2026-12-06T21:05:00Z,Sun Dec 6 4:05PM ET,FALSE
2026,14,MIA,MIA,CHI,home,2026-12-13T18:00:00Z,Sun Dec 13 1:00PM ET,FALSE
2026,15,MIA,MIA,GB,away,2026-12-20T18:00:00Z,Sun Dec 20 1:00PM ET,FALSE
2026,16,MIA,MIA,LAC,home,2026-12-27T18:00:00Z,Sun Dec 27 1:00PM ET,FALSE
2026,17,MIA,MIA,BUF,home,2027-01-03T18:00:00Z,Sun Jan 3 1:00PM ET,FALSE
2026,18,MIA,MIA,NE,away,2027-01-10T18:00:00Z,Sun Jan 10 1:00PM ET,FALSE
2026,1,MIN,MIN,GB,home,2026-09-13T20:25:00Z,Sun Sep 13 4:25PM ET,FALSE
2026,2,MIN,MIN,CHI,away,2026-09-20T17:00:00Z,Sun Sep 20 1:00PM ET,FALSE
2026,3,MIN,MIN,TB,away,2026-09-27T20:05:00Z,Sun Sep 27 4:05PM ET,FALSE
2026,4,MIN,MIN,MIA,home,2026-10-04T20:05:00Z,Sun Oct 4 4:05PM ET,FALSE
2026,5,MIN,MIN,NO,away,2026-10-11T17:00:00Z,Sun Oct 11 1:00PM ET,FALSE
2026,6,MIN,MIN,,,,,TRUE
2026,7,MIN,MIN,IND,home,2026-10-25T17:00:00Z,Sun Oct 25 1:00PM ET,FALSE
2026,8,MIN,MIN,DET,away,2026-11-01T18:00:00Z,Sun Nov 1 1:00PM ET,FALSE
2026,9,MIN,MIN,BUF,home,2026-11-10T01:15:00Z,Mon Nov 9 8:15PM ET,FALSE
2026,10,MIN,MIN,GB,away,2026-11-15T18:00:00Z,Sun Nov 15 1:00PM ET,FALSE
2026,11,MIN,MIN,SF,away,2026-11-23T01:20:00Z,Sun Nov 22 8:20PM ET,FALSE
2026,12,MIN,MIN,ATL,home,2026-11-29T18:00:00Z,Sun Nov 29 1:00PM ET,FALSE
2026,13,MIN,MIN,CAR,home,2026-12-06T21:25:00Z,Sun Dec 6 4:25PM ET,FALSE
2026,14,MIN,MIN,NE,away,2026-12-11T01:15:00Z,Thu Dec 10 8:15PM ET,FALSE
2026,15,MIN,MIN,DET,home,2026-12-21T01:20:00Z,Sun Dec 20 8:20PM ET,FALSE
2026,16,MIN,MIN,WAS,home,2026-12-27T18:00:00Z,Sun Dec 27 1:00PM ET,FALSE
2026,17,MIN,MIN,NYJ,away,2027-01-03T18:00:00Z,Sun Jan 3 1:00PM ET,FALSE
2026,18,MIN,MIN,CHI,home,2027-01-10T18:00:00Z,Sun Jan 10 1:00PM ET,FALSE
2026,1,NEP,NE,SEA,away,2026-09-10T00:20:00Z,Wed Sep 9 8:20PM ET,FALSE
2026,2,NEP,NE,PIT,home,2026-09-20T17:00:00Z,Sun Sep 20 1:00PM ET,FALSE
2026,3,NEP,NE,JAX,away,2026-09-27T17:00:00Z,Sun Sep 27 1:00PM ET,FALSE
2026,4,NEP,NE,BUF,away,2026-10-04T17:00:00Z,Sun Oct 4 1:00PM ET,FALSE
2026,5,NEP,NE,LV,home,2026-10-11T17:00:00Z,Sun Oct 11 1:00PM ET,FALSE
2026,6,NEP,NE,NYJ,home,2026-10-18T17:00:00Z,Sun Oct 18 1:00PM ET,FALSE
2026,7,NEP,NE,CHI,away,2026-10-23T00:15:00Z,Thu Oct 22 8:15PM ET,FALSE
2026,8,NEP,NE,MIA,away,2026-11-01T21:25:00Z,Sun Nov 1 4:25PM ET,FALSE
2026,9,NEP,NE,GB,home,2026-11-08T21:25:00Z,Sun Nov 8 4:25PM ET,FALSE
2026,10,NEP,NE,DET,away,2026-11-15T14:30:00Z,Sun Nov 15 9:30AM ET,FALSE
2026,11,NEP,NE,,,,,TRUE
2026,12,NEP,NE,LAC,away,2026-11-30T01:20:00Z,Sun Nov 29 8:20PM ET,FALSE
2026,13,NEP,NE,BUF,home,2026-12-06T21:25:00Z,Sun Dec 6 4:25PM ET,FALSE
2026,14,NEP,NE,MIN,home,2026-12-11T01:15:00Z,Thu Dec 10 8:15PM ET,FALSE
2026,15,NEP,NE,KC,away,2026-12-22T01:15:00Z,Mon Dec 21 8:15PM ET,FALSE
2026,16,NEP,NE,NYJ,away,2026-12-27T18:00:00Z,Sun Dec 27 1:00PM ET,FALSE
2026,17,NEP,NE,DEN,home,2027-01-03T18:00:00Z,Sun Jan 3 1:00PM ET,FALSE
2026,18,NEP,NE,MIA,home,2027-01-10T18:00:00Z,Sun Jan 10 1:00PM ET,FALSE
2026,1,NOS,NO,DET,away,2026-09-13T17:00:00Z,Sun Sep 13 1:00PM ET,FALSE
2026,2,NOS,NO,BAL,away,2026-09-20T17:00:00Z,Sun Sep 20 1:00PM ET,FALSE
2026,3,NOS,NO,LV,home,2026-09-27T20:25:00Z,Sun Sep 27 4:25PM ET,FALSE
2026,4,NOS,NO,ATL,home,2026-10-06T00:15:00Z,Mon Oct 5 8:15PM ET,FALSE
2026,5,NOS,NO,MIN,home,2026-10-11T17:00:00Z,Sun Oct 11 1:00PM ET,FALSE
2026,6,NOS,NO,NYG,away,2026-10-18T17:00:00Z,Sun Oct 18 1:00PM ET,FALSE
2026,7,NOS,NO,PIT,home,2026-10-25T13:30:00Z,Sun Oct 25 9:30AM ET,FALSE
2026,8,NOS,NO,,,,,TRUE
2026,9,NOS,NO,CLE,home,2026-11-08T18:00:00Z,Sun Nov 8 1:00PM ET,FALSE
2026,10,NOS,NO,CAR,home,2026-11-15T18:00:00Z,Sun Nov 15 1:00PM ET,FALSE
2026,11,NOS,NO,CHI,away,2026-11-22T18:00:00Z,Sun Nov 22 1:00PM ET,FALSE
2026,12,NOS,NO,CIN,away,2026-11-29T18:00:00Z,Sun Nov 29 1:00PM ET,FALSE
2026,13,NOS,NO,GB,home,2026-12-06T18:00:00Z,Sun Dec 6 1:00PM ET,FALSE
2026,14,NOS,NO,CAR,away,2026-12-13T18:00:00Z,Sun Dec 13 1:00PM ET,FALSE
2026,15,NOS,NO,TB,away,2026-12-20T18:00:00Z,Sun Dec 20 1:00PM ET,FALSE
2026,16,NOS,NO,ARI,home,2026-12-27T18:00:00Z,Sun Dec 27 1:00PM ET,FALSE
2026,17,NOS,NO,ATL,away,2027-01-03T18:00:00Z,Sun Jan 3 1:00PM ET,FALSE
2026,18,NOS,NO,TB,home,2027-01-10T18:00:00Z,Sun Jan 10 1:00PM ET,FALSE
2026,1,NYG,NYG,DAL,home,2026-09-14T00:20:00Z,Sun Sep 13 8:20PM ET,FALSE
2026,2,NYG,NYG,LA,away,2026-09-22T00:15:00Z,Mon Sep 21 8:15PM ET,FALSE
2026,3,NYG,NYG,TEN,home,2026-09-27T17:00:00Z,Sun Sep 27 1:00PM ET,FALSE
2026,4,NYG,NYG,ARI,home,2026-10-04T17:00:00Z,Sun Oct 4 1:00PM ET,FALSE
2026,5,NYG,NYG,WAS,away,2026-10-11T17:00:00Z,Sun Oct 11 1:00PM ET,FALSE
2026,6,NYG,NYG,NO,home,2026-10-18T17:00:00Z,Sun Oct 18 1:00PM ET,FALSE
2026,7,NYG,NYG,HOU,away,2026-10-25T17:00:00Z,Sun Oct 25 1:00PM ET,FALSE
2026,8,NYG,NYG,,,,,TRUE
2026,9,NYG,NYG,PHI,away,2026-11-08T18:00:00Z,Sun Nov 8 1:00PM ET,FALSE
2026,10,NYG,NYG,WAS,home,2026-11-13T01:15:00Z,Thu Nov 12 8:15PM ET,FALSE
2026,11,NYG,NYG,JAX,home,2026-11-22T18:00:00Z,Sun Nov 22 1:00PM ET,FALSE
2026,12,NYG,NYG,IND,away,2026-11-29T18:00:00Z,Sun Nov 29 1:00PM ET,FALSE
2026,13,NYG,NYG,SF,home,2026-12-06T18:00:00Z,Sun Dec 6 1:00PM ET,FALSE
2026,14,NYG,NYG,SEA,away,2026-12-13T21:25:00Z,Sun Dec 13 4:25PM ET,FALSE
2026,15,NYG,NYG,CLE,home,2026-12-20T18:00:00Z,Sun Dec 20 1:00PM ET,FALSE
2026,16,NYG,NYG,DET,away,2026-12-29T01:15:00Z,Mon Dec 28 8:15PM ET,FALSE
2026,17,NYG,NYG,DAL,away,2027-01-03T18:00:00Z,Sun Jan 3 1:00PM ET,FALSE
2026,18,NYG,NYG,PHI,home,2027-01-10T18:00:00Z,Sun Jan 10 1:00PM ET,FALSE
2026,1,NYJ,NYJ,TEN,away,2026-09-13T17:00:00Z,Sun Sep 13 1:00PM ET,FALSE
2026,2,NYJ,NYJ,GB,home,2026-09-20T17:00:00Z,Sun Sep 20 1:00PM ET,FALSE
2026,3,NYJ,NYJ,DET,away,2026-09-27T17:00:00Z,Sun Sep 27 1:00PM ET,FALSE
2026,4,NYJ,NYJ,CHI,away,2026-10-04T17:00:00Z,Sun Oct 4 1:00PM ET,FALSE
2026,5,NYJ,NYJ,CLE,home,2026-10-11T17:00:00Z,Sun Oct 11 1:00PM ET,FALSE
2026,6,NYJ,NYJ,NE,away,2026-10-18T17:00:00Z,Sun Oct 18 1:00PM ET,FALSE
2026,7,NYJ,NYJ,MIA,home,2026-10-25T17:00:00Z,Sun Oct 25 1:00PM ET,FALSE
2026,8,NYJ,NYJ,LV,home,2026-11-01T18:00:00Z,Sun Nov 1 1:00PM ET,FALSE
2026,9,NYJ,NYJ,KC,away,2026-11-08T18:00:00Z,Sun Nov 8 1:00PM ET,FALSE
2026,10,NYJ,NYJ,BUF,home,2026-11-15T18:00:00Z,Sun Nov 15 1:00PM ET,FALSE
2026,11,NYJ,NYJ,LAC,away,2026-11-22T21:05:00Z,Sun Nov 22 4:05PM ET,FALSE
2026,12,NYJ,NYJ,MIA,away,2026-11-29T18:00:00Z,Sun Nov 29 1:00PM ET,FALSE
2026,13,NYJ,NYJ,,,,,TRUE
2026,14,NYJ,NYJ,DEN,home,2026-12-13T18:00:00Z,Sun Dec 13 1:00PM ET,FALSE
2026,15,NYJ,NYJ,ARI,away,2026-12-20T21:05:00Z,Sun Dec 20 4:05PM ET,FALSE
2026,16,NYJ,NYJ,NE,home,2026-12-27T18:00:00Z,Sun Dec 27 1:00PM ET,FALSE
2026,17,NYJ,NYJ,MIN,home,2027-01-03T18:00:00Z,Sun Jan 3 1:00PM ET,FALSE
2026,18,NYJ,NYJ,BUF,away,2027-01-10T18:00:00Z,Sun Jan 10 1:00PM ET,FALSE
2026,1,PHI,PHI,WAS,home,2026-09-13T20:25:00Z,Sun Sep 13 4:25PM ET,FALSE
2026,2,PHI,PHI,TEN,away,2026-09-20T17:00:00Z,Sun Sep 20 1:00PM ET,FALSE
2026,3,PHI,PHI,CHI,away,2026-09-29T00:15:00Z,Mon Sep 28 8:15PM ET,FALSE
2026,4,PHI,PHI,LA,home,2026-10-04T17:00:00Z,Sun Oct 4 1:00PM ET,FALSE
2026,5,PHI,PHI,JAX,away,2026-10-11T13:30:00Z,Sun Oct 11 9:30AM ET,FALSE
2026,6,PHI,PHI,CAR,home,2026-10-18T17:00:00Z,Sun Oct 18 1:00PM ET,FALSE
2026,7,PHI,PHI,DAL,home,2026-10-27T00:15:00Z,Mon Oct 26 8:15PM ET,FALSE
2026,8,PHI,PHI,WAS,away,2026-11-02T01:20:00Z,Sun Nov 1 8:20PM ET,FALSE
2026,9,PHI,PHI,NYG,home,2026-11-08T18:00:00Z,Sun Nov 8 1:00PM ET,FALSE
2026,10,PHI,PHI,,,,,TRUE
2026,11,PHI,PHI,PIT,home,2026-11-22T21:25:00Z,Sun Nov 22 4:25PM ET,FALSE
2026,12,PHI,PHI,DAL,away,2026-11-26T21:30:00Z,Thu Nov 26 4:30PM ET,FALSE
2026,13,PHI,PHI,ARI,away,2026-12-06T21:05:00Z,Sun Dec 6 4:05PM ET,FALSE
2026,14,PHI,PHI,IND,home,2026-12-13T18:00:00Z,Sun Dec 13 1:00PM ET,FALSE
2026,15,PHI,PHI,SEA,home,2026-12-19T22:00:00Z,Sat Dec 19 5:00PM ET,FALSE
2026,16,PHI,PHI,HOU,home,2026-12-25T01:15:00Z,Thu Dec 24 8:15PM ET,FALSE
2026,17,PHI,PHI,SF,away,2027-01-04T01:20:00Z,Sun Jan 3 8:20PM ET,FALSE
2026,18,PHI,PHI,NYG,away,2027-01-10T18:00:00Z,Sun Jan 10 1:00PM ET,FALSE
2026,1,PIT,PIT,ATL,home,2026-09-13T17:00:00Z,Sun Sep 13 1:00PM ET,FALSE
2026,2,PIT,PIT,NE,away,2026-09-20T17:00:00Z,Sun Sep 20 1:00PM ET,FALSE
2026,3,PIT,PIT,CIN,home,2026-09-27T17:00:00Z,Sun Sep 27 1:00PM ET,FALSE
2026,4,PIT,PIT,CLE,away,2026-10-02T00:15:00Z,Thu Oct 1 8:15PM ET,FALSE
2026,5,PIT,PIT,IND,home,2026-10-11T17:00:00Z,Sun Oct 11 1:00PM ET,FALSE
2026,6,PIT,PIT,TB,away,2026-10-18T17:00:00Z,Sun Oct 18 1:00PM ET,FALSE
2026,7,PIT,PIT,NO,away,2026-10-25T13:30:00Z,Sun Oct 25 9:30AM ET,FALSE
2026,8,PIT,PIT,CLE,home,2026-11-01T18:00:00Z,Sun Nov 1 1:00PM ET,FALSE
2026,9,PIT,PIT,,,,,TRUE
2026,10,PIT,PIT,CIN,away,2026-11-16T01:20:00Z,Sun Nov 15 8:20PM ET,FALSE
2026,11,PIT,PIT,PHI,away,2026-11-22T21:25:00Z,Sun Nov 22 4:25PM ET,FALSE
2026,12,PIT,PIT,DEN,home,2026-11-27T20:00:00Z,Fri Nov 27 3:00PM ET,FALSE
2026,13,PIT,PIT,HOU,home,2026-12-07T01:20:00Z,Sun Dec 6 8:20PM ET,FALSE
2026,14,PIT,PIT,JAX,away,2026-12-15T01:15:00Z,Mon Dec 14 8:15PM ET,FALSE
2026,15,PIT,PIT,BAL,home,2026-12-20T18:00:00Z,Sun Dec 20 1:00PM ET,FALSE
2026,16,PIT,PIT,CAR,home,2026-12-27T18:00:00Z,Sun Dec 27 1:00PM ET,FALSE
2026,17,PIT,PIT,TEN,away,2027-01-03T18:00:00Z,Sun Jan 3 1:00PM ET,FALSE
2026,18,PIT,PIT,BAL,away,2027-01-10T18:00:00Z,Sun Jan 10 1:00PM ET,FALSE
2026,1,SEA,SEA,NE,home,2026-09-10T00:20:00Z,Wed Sep 9 8:20PM ET,FALSE
2026,2,SEA,SEA,ARI,away,2026-09-20T20:25:00Z,Sun Sep 20 4:25PM ET,FALSE
2026,3,SEA,SEA,WAS,away,2026-09-27T17:00:00Z,Sun Sep 27 1:00PM ET,FALSE
2026,4,SEA,SEA,LAC,home,2026-10-04T20:25:00Z,Sun Oct 4 4:25PM ET,FALSE
2026,5,SEA,SEA,SF,home,2026-10-11T20:25:00Z,Sun Oct 11 4:25PM ET,FALSE
2026,6,SEA,SEA,DEN,away,2026-10-16T00:15:00Z,Thu Oct 15 8:15PM ET,FALSE
2026,7,SEA,SEA,KC,home,2026-10-26T00:20:00Z,Sun Oct 25 8:20PM ET,FALSE
2026,8,SEA,SEA,CHI,home,2026-11-03T01:15:00Z,Mon Nov 2 8:15PM ET,FALSE
2026,9,SEA,SEA,ARI,home,2026-11-08T21:25:00Z,Sun Nov 8 4:25PM ET,FALSE
2026,10,SEA,SEA,LV,away,2026-11-15T21:05:00Z,Sun Nov 15 4:05PM ET,FALSE
2026,11,SEA,SEA,,,,,TRUE
2026,12,SEA,SEA,SF,away,2026-11-29T21:25:00Z,Sun Nov 29 4:25PM ET,FALSE
2026,13,SEA,SEA,DAL,home,2026-12-08T01:15:00Z,Mon Dec 7 8:15PM ET,FALSE
2026,14,SEA,SEA,NYG,home,2026-12-13T21:25:00Z,Sun Dec 13 4:25PM ET,FALSE
2026,15,SEA,SEA,PHI,away,2026-12-19T22:00:00Z,Sat Dec 19 5:00PM ET,FALSE
2026,16,SEA,SEA,LA,home,2026-12-26T01:15:00Z,Fri Dec 25 8:15PM ET,FALSE
2026,17,SEA,SEA,CAR,away,2027-01-03T18:00:00Z,Sun Jan 3 1:00PM ET,FALSE
2026,18,SEA,SEA,LA,away,2027-01-10T18:00:00Z,Sun Jan 10 1:00PM ET,FALSE
2026,1,SFO,SF,LA,away,2026-09-11T00:35:00Z,Thu Sep 10 8:35PM ET,FALSE
2026,2,SFO,SF,MIA,home,2026-09-20T20:25:00Z,Sun Sep 20 4:25PM ET,FALSE
2026,3,SFO,SF,ARI,home,2026-09-27T20:05:00Z,Sun Sep 27 4:05PM ET,FALSE
2026,4,SFO,SF,DEN,home,2026-10-04T20:25:00Z,Sun Oct 4 4:25PM ET,FALSE
2026,5,SFO,SF,SEA,away,2026-10-11T20:25:00Z,Sun Oct 11 4:25PM ET,FALSE
2026,6,SFO,SF,WAS,home,2026-10-20T00:15:00Z,Mon Oct 19 8:15PM ET,FALSE
2026,7,SFO,SF,ATL,away,2026-10-25T17:00:00Z,Sun Oct 25 1:00PM ET,FALSE
2026,8,SFO,SF,,,,,TRUE
2026,9,SFO,SF,LV,home,2026-11-08T21:05:00Z,Sun Nov 8 4:05PM ET,FALSE
2026,10,SFO,SF,DAL,away,2026-11-15T21:25:00Z,Sun Nov 15 4:25PM ET,FALSE
2026,11,SFO,SF,MIN,home,2026-11-23T01:20:00Z,Sun Nov 22 8:20PM ET,FALSE
2026,12,SFO,SF,SEA,home,2026-11-29T21:25:00Z,Sun Nov 29 4:25PM ET,FALSE
2026,13,SFO,SF,NYG,away,2026-12-06T18:00:00Z,Sun Dec 6 1:00PM ET,FALSE
2026,14,SFO,SF,LA,home,2026-12-13T21:25:00Z,Sun Dec 13 4:25PM ET,FALSE
2026,15,SFO,SF,LAC,away,2026-12-18T01:15:00Z,Thu Dec 17 8:15PM ET,FALSE
2026,16,SFO,SF,KC,away,2026-12-27T21:25:00Z,Sun Dec 27 4:25PM ET,FALSE
2026,17,SFO,SF,PHI,home,2027-01-04T01:20:00Z,Sun Jan 3 8:20PM ET,FALSE
2026,18,SFO,SF,ARI,away,2027-01-10T18:00:00Z,Sun Jan 10 1:00PM ET,FALSE
2026,1,TBB,TB,CIN,away,2026-09-13T17:00:00Z,Sun Sep 13 1:00PM ET,FALSE
2026,2,TBB,TB,CLE,home,2026-09-20T17:00:00Z,Sun Sep 20 1:00PM ET,FALSE
2026,3,TBB,TB,MIN,home,2026-09-27T20:05:00Z,Sun Sep 27 4:05PM ET,FALSE
2026,4,TBB,TB,GB,home,2026-10-04T17:00:00Z,Sun Oct 4 1:00PM ET,FALSE
2026,5,TBB,TB,DAL,away,2026-10-09T00:15:00Z,Thu Oct 8 8:15PM ET,FALSE
2026,6,TBB,TB,PIT,home,2026-10-18T17:00:00Z,Sun Oct 18 1:00PM ET,FALSE
2026,7,TBB,TB,CAR,away,2026-10-25T17:00:00Z,Sun Oct 25 1:00PM ET,FALSE
2026,8,TBB,TB,ATL,home,2026-11-01T18:00:00Z,Sun Nov 1 1:00PM ET,FALSE
2026,9,TBB,TB,CHI,away,2026-11-09T01:20:00Z,Sun Nov 8 8:20PM ET,FALSE
2026,10,TBB,TB,,,,,TRUE
2026,11,TBB,TB,DET,away,2026-11-22T18:00:00Z,Sun Nov 22 1:00PM ET,FALSE
2026,12,TBB,TB,CAR,home,2026-12-01T01:15:00Z,Mon Nov 30 8:15PM ET,FALSE
2026,13,TBB,TB,LAC,home,2026-12-06T18:00:00Z,Sun Dec 6 1:00PM ET,FALSE
2026,14,TBB,TB,BAL,away,2026-12-13T18:00:00Z,Sun Dec 13 1:00PM ET,FALSE
2026,15,TBB,TB,NO,home,2026-12-20T18:00:00Z,Sun Dec 20 1:00PM ET,FALSE
2026,16,TBB,TB,ATL,away,2026-12-27T18:00:00Z,Sun Dec 27 1:00PM ET,FALSE
2026,17,TBB,TB,LA,home,2027-01-03T18:00:00Z,Sun Jan 3 1:00PM ET,FALSE
2026,18,TBB,TB,NO,away,2027-01-10T18:00:00Z,Sun Jan 10 1:00PM ET,FALSE
2026,1,TEN,TEN,NYJ,home,2026-09-13T17:00:00Z,Sun Sep 13 1:00PM ET,FALSE
2026,2,TEN,TEN,PHI,home,2026-09-20T17:00:00Z,Sun Sep 20 1:00PM ET,FALSE
2026,3,TEN,TEN,NYG,away,2026-09-27T17:00:00Z,Sun Sep 27 1:00PM ET,FALSE
2026,4,TEN,TEN,BAL,away,2026-10-04T17:00:00Z,Sun Oct 4 1:00PM ET,FALSE
2026,5,TEN,TEN,HOU,home,2026-10-11T17:00:00Z,Sun Oct 11 1:00PM ET,FALSE
2026,6,TEN,TEN,IND,away,2026-10-18T17:00:00Z,Sun Oct 18 1:00PM ET,FALSE
2026,7,TEN,TEN,CLE,home,2026-10-25T17:00:00Z,Sun Oct 25 1:00PM ET,FALSE
2026,8,TEN,TEN,CIN,away,2026-11-01T18:00:00Z,Sun Nov 1 1:00PM ET,FALSE
2026,9,TEN,TEN,,,,,TRUE
2026,10,TEN,TEN,JAX,home,2026-11-15T18:00:00Z,Sun Nov 15 1:00PM ET,FALSE
2026,11,TEN,TEN,DAL,away,2026-11-22T18:00:00Z,Sun Nov 22 1:00PM ET,FALSE
2026,12,TEN,TEN,JAX,away,2026-11-29T21:05:00Z,Sun Nov 29 4:05PM ET,FALSE
2026,13,TEN,TEN,WAS,home,2026-12-06T18:00:00Z,Sun Dec 6 1:00PM ET,FALSE
2026,14,TEN,TEN,DET,away,2026-12-13T18:00:00Z,Sun Dec 13 1:00PM ET,FALSE
2026,15,TEN,TEN,IND,home,2026-12-20T18:00:00Z,Sun Dec 20 1:00PM ET,FALSE
2026,16,TEN,TEN,LV,away,2026-12-27T21:05:00Z,Sun Dec 27 4:05PM ET,FALSE
2026,17,TEN,TEN,PIT,home,2027-01-03T18:00:00Z,Sun Jan 3 1:00PM ET,FALSE
2026,18,TEN,TEN,HOU,away,2027-01-10T18:00:00Z,Sun Jan 10 1:00PM ET,FALSE
2026,1,WAS,WAS,PHI,away,2026-09-13T20:25:00Z,Sun Sep 13 4:25PM ET,FALSE
2026,2,WAS,WAS,DAL,away,2026-09-20T20:25:00Z,Sun Sep 20 4:25PM ET,FALSE
2026,3,WAS,WAS,SEA,home,2026-09-27T17:00:00Z,Sun Sep 27 1:00PM ET,FALSE
2026,4,WAS,WAS,IND,home,2026-10-04T13:30:00Z,Sun Oct 4 9:30AM ET,FALSE
2026,5,WAS,WAS,NYG,home,2026-10-11T17:00:00Z,Sun Oct 11 1:00PM ET,FALSE
2026,6,WAS,WAS,SF,away,2026-10-20T00:15:00Z,Mon Oct 19 8:15PM ET,FALSE
2026,7,WAS,WAS,,,,,TRUE
2026,8,WAS,WAS,PHI,home,2026-11-02T01:20:00Z,Sun Nov 1 8:20PM ET,FALSE
2026,9,WAS,WAS,LA,home,2026-11-08T18:00:00Z,Sun Nov 8 1:00PM ET,FALSE
2026,10,WAS,WAS,NYG,away,2026-11-13T01:15:00Z,Thu Nov 12 8:15PM ET,FALSE
2026,11,WAS,WAS,CIN,home,2026-11-24T01:15:00Z,Mon Nov 23 8:15PM ET,FALSE
2026,12,WAS,WAS,ARI,away,2026-11-29T21:25:00Z,Sun Nov 29 4:25PM ET,FALSE
2026,13,WAS,WAS,TEN,away,2026-12-06T18:00:00Z,Sun Dec 6 1:00PM ET,FALSE
2026,14,WAS,WAS,HOU,home,2026-12-13T18:00:00Z,Sun Dec 13 1:00PM ET,FALSE
2026,15,WAS,WAS,ATL,home,2026-12-20T18:00:00Z,Sun Dec 20 1:00PM ET,FALSE
2026,16,WAS,WAS,MIN,away,2026-12-27T18:00:00Z,Sun Dec 27 1:00PM ET,FALSE
2026,17,WAS,WAS,JAX,away,2027-01-03T18:00:00Z,Sun Jan 3 1:00PM ET,FALSE
2026,18,WAS,WAS,DAL,home,2027-01-10T18:00:00Z,Sun Jan 10 1:00PM ET,FALSE
