"season","week","player_id","points_old","player_name_old","points_new","player_name_new","scrape_week","detected_at"
2026,4,"13322",5.5,"Clark, Chuck",6.5,"Clark, Chuck",4,"2026-10-08 17:14:28 UTC"
2026,4,"13888",3.5,"Gardeck, Dennis",6.5,"Gardeck, Dennis",4,"2026-10-08 17:14:28 UTC"
2026,4,"15428",18,"Sherwood, Jamien",15,"Sherwood, Jamien",4,"2026-10-08 17:14:28 UTC"
2026,4,"15985",0.5,"Bell, Markquese",0,"Bell, Markquese",4,"2026-10-08 17:14:28 UTC"
2026,4,"16239",11.5,"Campbell, Jack",10.5,"Campbell, Jack",4,"2026-10-08 17:14:28 UTC"
2026,4,"16280",8,"Henley, Daiyan",7.5,"Henley, Daiyan",4,"2026-10-08 17:14:28 UTC"
2026,4,"16455",9,"Cox, Brenton",10,"Cox, Brenton",4,"2026-10-08 17:14:28 UTC"
2026,4,"16516",0,"Wheat, Tyrus",1,"Wheat, Tyrus",4,"2026-10-08 17:14:28 UTC"
2026,4,"16532",6,"Nowaske, Trevor",9,"Nowaske, Trevor",4,"2026-10-08 17:14:28 UTC"
2026,4,"16677",4.5,"Bullard, Javon",4,"Bullard, Javon",4,"2026-10-08 17:14:28 UTC"
2026,4,"16729",8,"Still, Tarheeb",9.2,"Still, Tarheeb",4,"2026-10-08 17:14:28 UTC"
