season,through_week,target_week,team_a_id,team_a,team_b_id,team_b,team_a_playoff_if_win,team_a_playoff_if_loss,team_b_playoff_if_win,team_b_playoff_if_loss,team_a_swing,team_b_swing,combined_swing,team_a_win_samples,team_b_win_samples
2026,4,5,0005,Chicago Bears,0006,Detroit Lions,94.13412423793046,78.62420382165605,40.94267515923567,16.922062942824187,15.509920416274412,24.020612216411482,39.53053263268589,6069,3925
2026,4,5,0001,Dallas Cowboys,0003,Philadelphia Eagles,18.635382955771306,5.83837098313713,85.73019408208718,65.1833872707659,12.797011972634175,20.546806811321275,33.34381878395545,3708,6286
2026,4,5,0002,New York Giants,0004,Washington Commanders,37.568455640744794,17.17123935666982,98.42321034374015,92.00438116100767,20.397216284074975,6.41882918273248,26.816045466807456,3652,6342
2026,4,5,0007,Green Bay Packers,0008,Minnesota Vikings,32.464833759590796,10.203535083020888,30.34279592929834,10.90153452685422,22.261298676569908,19.44126140244412,41.70256007901403,6256,3734
2026,4,5,0013,Arizona Cardinals,0014,Los Angeles Rams,79.75778546712803,55.613479798920125,91.84509402345932,75.36764705882354,24.144305668207906,16.47744696463579,40.621752632843695,4624,5371
2026,4,5,0015,San Francisco 49ers,0016,Seattle Seahawks,54.31760328960251,31.90096173521588,24.432166973603437,7.695320148815352,22.41664155438663,16.736846824788085,39.15348837917472,5107,4887
2026,4,5,0009,Atlanta Falcons,0010,Carolina Panthers,10.74523396880416,2.2879464285714284,49.441964285714285,23.461871750433275,8.45728754023273,25.98009253528101,34.437380075513744,4616,5376
2026,4,5,0011,New Orleans Saints,0012,Tampa Bay Buccaneers,64.62715105162523,36.948832822447535,41.52322565432681,16.54788805840431,27.678318229177698,24.975337595922497,52.653655825100195,5753,4241
2026,4,5,0025,Houston Texans,0026,Indianapolis Colts,79.29847213255864,51.60807778608826,85.97606581899775,62.513449537335916,27.690394346470384,23.462616281661838,51.15301062813222,4647,5348
2026,4,5,0027,Jacksonville Jaguars,0028,Tennessee Titans,56.51151067047555,29.148093115403665,6.612184249628529,1.025037808771635,27.363417555071887,5.587146440856894,32.95056399592878,5951,4038
2026,4,5,0030,Kansas City Chiefs,0032,Los Angeles Chargers,27.70258694534864,8.203031031994227,43.637238393071925,20.30152475586774,19.499555913354413,23.335713637204186,42.8352695505586,5837,4157
2026,4,5,0029,Denver Broncos,0031,Las Vegas Raiders,54.51105937136205,31.04236513258153,97.97317890886924,89.52270081490104,23.46869423878052,8.4504780939682,31.919172332748722,3436,6562
2026,4,5,0018,Miami Dolphins,0019,New England Patriots,86.86412315930389,67.19721462322805,11.066898781397663,2.5267737617135206,19.666908536075837,8.540125019684142,28.207033555759978,5976,4021
2026,4,5,0017,Buffalo Bills,0020,New York Jets,87.48072772124576,67.50356633380885,65.59201141226819,40.28677150786309,19.977161387436908,25.305239904405106,45.282401291842014,6486,3505
2026,4,5,0021,Baltimore Ravens,0022,Cincinnati Bengals,97.33868569729408,84.51870018393623,32.00490496627836,8.757062146892656,12.81998551335785,23.247842819385703,36.06782833274355,6726,3262
2026,4,5,0023,Cleveland Browns,0024,Pittsburgh Steelers,5.18170752912537,0.7777515908555267,0.9662974310629272,0.1738828029907842,4.403955938269843,0.792414628072143,5.196370566341986,5751,4243
