season,player_id,player_name,pos,gp,total_points,ppg,pr_total,pr_avg,pr_final,robust_pr
2026,15845,"McDuffie, Trent",CB,2,59.3,29.65,1,1,1,FALSE
2026,15124,"Pierre, James",CB,2,54,27,2,2,2,FALSE
2026,16728,"Pritchett, Nehemiah",CB,2,53.6,26.8,3,3,3,FALSE
2026,14669,"Nixon, Keisean",CB,2,52.4,26.2,4,4,4,FALSE
2026,14180,"Murphy, Byron",CB,2,50.5,25.25,5,7,5,FALSE
2026,16255,"Banks, Deonte",CB,1,25.6,25.6,38.5,5.5,5.5,FALSE
2026,17562,"Delane, Mansoor",CB,1,25.6,25.6,38.5,5.5,5.5,FALSE
2026,13223,"Humphrey, Marlon",CB,2,48,24,6,8,6,FALSE
2026,17622,"Muhammad, Malik",CB,2,46.4,23.2,7,9,7,FALSE
2026,17573,"Johnson, Chris",CB,2,45.2,22.6,8,10,8,FALSE
2026,15895,"McCollum, Zyon",CB,2,44.800000000000004,22.400000000000002,9,11,9,FALSE
2026,16279,"Moss, Riley",CB,2,43.3,21.65,10,12,10,FALSE
2026,15836,"Hill, Daxton",CB,2,42.400000000000006,21.200000000000003,11,13,11,FALSE
2026,16731,"Hart, Cam",CB,2,41.7,20.85,12,14,12,FALSE
2026,17653,"Masses, Hezekiah",CB,2,40.800000000000004,20.400000000000002,13,15,13,FALSE
2026,17624,"Lee, Will",CB,2,40.2,20.1,14,16,14,FALSE
2026,17221,"Harris, Marcus",CB,2,37.3,18.65,15,18,15,FALSE
2026,13774,"Reed, D.J.",CB,2,36,18,16,19,16,FALSE
2026,17156,"Porter, Darien",CB,1,20,20,54,17,17,FALSE
2026,17164,"Williams, Nohl",CB,2,33.8,16.9,17,20,17,FALSE
2026,17129,"Morrison, Benjamin",CB,2,33.6,16.8,18,21,18,FALSE
2026,16251,"Gonzalez, Christian",CB,2,33.4,16.7,19,22,19,FALSE
2026,13707,"Ward, Denzel",CB,2,33,16.5,20,23,20,FALSE
2026,14219,"Dean, Jamel",CB,2,32.6,16.3,21,24,21,FALSE
2026,15989,"Jobe, Josh",CB,2,32,16,22,25,22,FALSE
2026,12711,"Ramsey, Jalen",CB,2,31.9,15.95,23,26,23,FALSE
2026,16670,"McKinstry, Kool-Aid",CB,2,31.200000000000003,15.600000000000001,24,27,24,FALSE
2026,16267,"Stevenson, Tyrique",CB,2,30.799999999999997,15.399999999999999,25,28,25,FALSE
2026,14037,"Davis, Jalen",CB,2,30.200000000000003,15.100000000000001,26,29,26,FALSE
2026,16784,"Harden, Myles",CB,2,29.6,14.8,27,30,27,FALSE
2026,15888,"Durant, Decobie",CB,2,29.599999999999998,14.799999999999999,28,31,28,FALSE
2026,15832,"Stingley Jr., Derek",CB,2,29,14.5,29,32,29,FALSE
2026,15849,"McCreary, Roger",CB,2,28.8,14.4,30,33,30,FALSE
2026,13731,"Hughes, Mike",CB,2,28.6,14.3,31,34,31,FALSE
2026,14956,"Sneed, L'Jarius",CB,2,28.2,14.1,32,35,32,FALSE
2026,16702,"Green, Renardo",CB,2,27.2,13.6,33.5,36.5,33.5,FALSE
2026,14957,"Robertson, Amik",CB,2,27.2,13.6,33.5,36.5,33.5,FALSE
2026,17127,"Johnson, Will",CB,2,27,13.5,35,38,35,FALSE
2026,17143,"Thomas, Azareye'h",CB,2,25.8,12.9,36,39,36,FALSE
2026,15904,"Bland, DaRon",CB,2,25.799999999999997,12.899999999999999,37,40,37,FALSE
2026,14997,"Rodgers, Isaiah",CB,2,25.599999999999998,12.799999999999999,40,42,40,FALSE
2026,17163,"Parrish, Jacob",CB,1,12.8,12.8,76.5,41,41,FALSE
2026,16241,"Witherspoon, Devon",CB,2,23.8,11.9,41,43,41,FALSE
2026,16673,"Wiggins, Nate",CB,2,23.799999999999997,11.899999999999999,42,44,42,FALSE
2026,16675,"DeJean, Cooper",CB,2,23.6,11.8,43.5,45.5,43.5,FALSE
2026,17162,"Walley, Justin",CB,2,23.6,11.8,43.5,45.5,43.5,FALSE
2026,13227,"Lewis, Jourdan",CB,2,23.200000000000003,11.600000000000001,45,47,45,FALSE
2026,14924,"Johnson, Jaylon",CB,2,23.2,11.6,46,48,46,FALSE
2026,15380,"Campbell, Tyson",CB,2,23,11.5,47,49,47,FALSE
2026,13764,"Johnson, Taron",CB,2,21.5,10.75,48,50,48,FALSE
2026,14905,"Henderson, CJ",CB,2,21.200000000000003,10.600000000000001,49,51,49,FALSE
2026,17169,"Stout, Upton",CB,2,20.9,10.45,50,52,50,FALSE
2026,16268,"Turner, DJ",CB,2,20.6,10.3,51,53,51,FALSE
2026,16698,"Sainristil, Mike",CB,2,20.2,10.1,52,54,52,FALSE
2026,15933,"Brown, Montaric",CB,2,20,10,54,55.5,54,FALSE
2026,15881,"Jones, Jack",CB,2,20,10,54,55.5,54,FALSE
2026,17200,"Marshall, Jason",CB,2,19.4,9.7,56,57,56,FALSE
2026,15913,"Benford, Christian",CB,2,19.3,9.65,57,58,57,FALSE
2026,17142,"Revel, Shavon",CB,2,19.2,9.6,58.5,59.5,58.5,FALSE
2026,15856,"Taylor, Alontae",CB,2,19.2,9.6,58.5,59.5,58.5,FALSE
2026,16145,"McMillian, Ja'Quan",CB,2,19,9.5,60,61,60,FALSE
2026,15377,"Stokes, Eric",CB,2,18.3,9.15,61,62,61,FALSE
2026,17581,"Cisse, Brandon",CB,2,18.1,9.05,62,63,62,FALSE
2026,16913,"Woods, Charles",CB,2,18,9,63,64,63,FALSE
2026,15950,"Watson, Jaylen",CB,2,17.4,8.7,64,66,64,FALSE
2026,17639,"Abney, Keith",CB,1,8.8,8.8,86,65,65,FALSE
2026,16754,"Stiggers, Qwan'tez",CB,2,16.5,8.25,65,67,65,FALSE
2026,15361,"Horn, Jaycee",CB,2,16,8,66,69,66,FALSE
2026,15362,"Surtain II, Patrick",CB,2,15.8,7.9,67,70,67,FALSE
2026,17788,"Gushiken, Kapena",CB,1,8.2,8.2,90,68,68,FALSE
2026,17616,"Scott, Keionte",CB,2,15.6,7.8,68,71,68,FALSE
2026,15445,"Lenoir, Deommodore",CB,2,15.200000000000001,7.6000000000000005,69,72,69,FALSE
2026,17251,"Robinson, Micah",CB,2,15,7.5,70,73,70,FALSE
2026,17187,"Riley, Quincy",CB,2,14.8,7.4,71,74,71,FALSE
2026,17592,"Igbinosun, Davison",CB,2,14.6,7.3,72,75,72,FALSE
2026,13738,"Jackson, Donte",CB,2,14.200000000000001,7.1000000000000005,73,78,73,FALSE
2026,13281,"Douglas, Rasul",CB,2,13.600000000000001,6.800000000000001,74,79,74,FALSE
2026,15833,"Gardner, Sauce",CB,2,13.200000000000001,6.6000000000000005,75,81,75,FALSE
2026,15394,"Adebo, Paulson",CB,1,7.2,7.2,98.5,76.5,76.5,FALSE
2026,15866,"Flott, Cordale",CB,1,7.2,7.2,98.5,76.5,76.5,FALSE
2026,14198,"Ya-Sin, Rock",CB,2,12.8,6.4,76.5,82,76.5,FALSE
2026,13785,"Neal, Siran",CB,2,12.4,6.2,78,83,78,FALSE
2026,16690,"Mitchell, Quinyon",CB,2,11.8,5.9,79,84,79,FALSE
2026,13710,"Davis, Carlton",CB,1,6.8,6.8,101,80,80,FALSE
2026,16672,"Lassiter, Kamari",CB,2,11.4,5.7,80,85,80,FALSE
2026,16736,"Brownlee, Jarvis",CB,2,11.399999999999999,5.699999999999999,81.5,86.5,81.5,FALSE
2026,15868,"Jones, Marcus",CB,2,11.399999999999999,5.699999999999999,81.5,86.5,81.5,FALSE
2026,15894,"Woolen, Tariq",CB,2,10,5,83,89,83,FALSE
2026,17128,"Barron, Jahdae",CB,2,9.6,4.8,84,90,84,FALSE
2026,16325,"Clark, Kei'Trel",CB,2,9.1,4.55,85,91,85,FALSE
2026,15405,"Stephens, Brandon",CB,2,8.7,4.35,87,93,87,FALSE
2026,16729,"Still, Tarheeb",CB,2,8.4,4.2,88,94,88,FALSE
2026,15859,"Taylor-Britt, Cam",CB,1,5.2,5.2,108,88,88,FALSE
2026,14904,"Fulton, Kristian",CB,2,8.3,4.15,89,95,89,FALSE
2026,17642,"Rivers, Chandler",CB,1,4.4,4.4,110,92,92,FALSE
2026,15862,"Emerson, Martin",CB,2,8,4,92.5,97.5,92.5,FALSE
2026,17141,"Hairston, Maxwell",CB,2,8,4,92.5,97.5,92.5,FALSE
2026,14252,"Jackson, Michael",CB,2,8,4,92.5,97.5,92.5,FALSE
2026,16695,"Melton, Max",CB,2,8,4,92.5,97.5,92.5,FALSE
2026,14012,"Ford, Mike",CB,2,7.8,3.9,95,100,95,FALSE
2026,15129,"Dorsey, Khalil",CB,2,7.6000000000000005,3.8000000000000003,96,101,96,FALSE
2026,16261,"Brents, Julius",CB,2,7.4,3.7,97,102,97,FALSE
2026,13920,"Ward, Charvarius",CB,2,7,3.5,100,103,100,FALSE
2026,15384,"Samuel, Asante",CB,2,6.6,3.3,102,105,102,FALSE
2026,16288,"Blackmon, Mekhi",CB,2,6.4,3.2,103,106,103,FALSE
2026,16714,"Jones, Jarrian",CB,2,6.2,3.1,104,107,104,FALSE
2026,17561,"McCoy, Jermod",CB,1,3.4,3.4,117,104,104,FALSE
2026,16012,"Alford, Dee",CB,2,6,3,105,108,105,FALSE
2026,17376,"Knowles, Kevin",CB,2,5.4,2.7,106.5,109.5,106.5,FALSE
2026,14918,"Terrell, A.J.",CB,2,5.4,2.7,106.5,109.5,106.5,FALSE
2026,17368,"Martin, Keyon",CB,2,4.8,2.4,109,112.5,109,FALSE
2026,15375,"Newsome, Greg",CB,2,4.200000000000001,2.1000000000000005,111,116,111,FALSE
2026,16735,"Abrams-Draine, Kris",CB,2,4,2,112.5,119,112.5,FALSE
2026,16253,"Forbes, Emmanuel",CB,2,4,2,112.5,119,112.5,FALSE
2026,14919,"Igbinoghene, Noah",CB,1,2.4,2.4,124,112.5,112.5,FALSE
2026,17785,"Shelley, Rodney",CB,1,2.4,2.4,124,112.5,112.5,FALSE
2026,15392,"St-Juste, Benjamin",CB,1,2.4,2.4,124,112.5,112.5,FALSE
2026,17168,"Smith, Jaylin",CB,2,3.5999999999999996,1.7999999999999998,114.5,122.5,114.5,FALSE
2026,17572,"Terrell, Avieon",CB,2,3.5999999999999996,1.7999999999999998,114.5,122.5,114.5,FALSE
2026,16370,"Jones, Nic",CB,1,2.2,2.2,129.5,115,115,FALSE
2026,15880,"Evans, Akayleb",CB,2,3.4,1.7,117,124.5,117,FALSE
2026,17574,"Hood, Colton",CB,2,3.4,1.7,117,124.5,117,FALSE
2026,16776,"Hadden, Kamal",CB,2,2.9,1.45,119,126,119,FALSE
2026,16720,"Richardson, Decamerion",CB,1,2,2,132,119,119,FALSE
2026,16741,"Smith-Wade, Chau",CB,1,2,2,132,119,119,FALSE
2026,16726,"Tampa, T.J.",CB,1,2,2,132,119,119,FALSE
2026,16054,"Blackwell, Josh",CB,2,2.4,1.2,124,130.5,124,FALSE
2026,15432,"Carter, Michael",CB,2,2.4,1.2,124,130.5,124,FALSE
2026,17604,"Everette, Daylen",CB,2,2.4,1.2,124,130.5,124,FALSE
2026,13811,"Smith, Tremon",CB,2,2.4,1.2,124,130.5,124,FALSE
2026,16954,"Wallace, Josh",CB,2,2.4,1.2,124,130.5,124,FALSE
2026,15401,"Wright, Nahshon",CB,2,2.4,1.2,124,130.5,124,FALSE
2026,16366,"Ivey, DJ",CB,2,2.2,1.1,129.5,135,129.5,FALSE
2026,17649,"Prunty, Karon",CB,1,1.2,1.2,136,130.5,130.5,FALSE
2026,17427,"Taylor, Reese",CB,1,1.2,1.2,136,130.5,130.5,FALSE
2026,13270,"Moreau, Fabian",CB,2,1.2,0.6,136,137,136,FALSE
2026,17609,"Neal, Julian",CB,2,1.2,0.6,136,137,136,FALSE
2026,17751,"Smith, Avery",CB,2,1.2,0.6,136,137,136,FALSE
2026,17772,"Harris, Kenneth",CB,1,0.2,0.2,139,139,139,FALSE
2026,13263,"Awuzie, Chidobe",CB,2,0,0,149,149,149,FALSE
2026,16336,"Braswell, Christian",CB,2,0,0,149,149,149,FALSE
2026,17430,"Clark, Jordan",CB,1,0,0,149,149,149,FALSE
2026,17643,"Demmings, Charles",CB,2,0,0,149,149,149,FALSE
2026,16756,"Dial, Marcellas",CB,1,0,0,149,149,149,FALSE
2026,15464,"Echols, Brandin",CB,2,0,0,149,149,149,FALSE
2026,12988,"Jones, Jonathan",CB,2,0,0,149,149,149,FALSE
2026,16674,"King, Kalen",CB,2,0,0,149,149,149,FALSE
2026,16315,"Luter, Darrell",CB,1,0,0,149,149,149,FALSE
2026,17197,"McWilliams, Mac",CB,2,0,0,149,149,149,FALSE
2026,16293,"Phillips, Clark",CB,2,0,0,149,149,149,FALSE
2026,17780,"Price, Jayden",CB,1,0,0,149,149,149,FALSE
2026,17326,"Reed, Nikko",CB,1,0,0,149,149,149,FALSE
2026,16242,"Ringo, Kelee",CB,2,0,0,149,149,149,FALSE
2026,16907,"Roland-Wallace, Chris",CB,2,0,0,149,149,149,FALSE
2026,15684,"Ross, D'Angelo",CB,1,0,0,149,149,149,FALSE
2026,16745,"Simpson, Jaylin",CB,1,0,0,149,149,149,FALSE
2026,16345,"Speed, Ameer",CB,2,0,0,149,149,149,FALSE
2026,16356,"Valentine, Carrington",CB,2,0,0,149,149,149,FALSE
2026,17214,"Burke, Denzel",CB,2,-0.30000000000000004,-0.15000000000000002,159,159,159,FALSE
2026,17771,"Thomas, Skyler",CB,2,-1,-0.5,160,160,160,FALSE
2026,17598,"Davis, Tacario",CB,2,-1.6,-0.8,161,161,161,FALSE
2026,17614,"Canady, Jadon",CB,2,-2.6,-1.3,162,162,162,FALSE
2026,16703,"Phillips, Andru",CB,2,-6.2,-3.1,163,163,163,FALSE
2026,15346,"Rousseau, Gregory",DE,2,94.6,47.3,1,1,1,FALSE
2026,13214,"Watt, T.J.",DE,2,91.2,45.6,2,2,2,FALSE
2026,14249,"Van Ginkel, Andrew",DE,2,61.699999999999996,30.849999999999998,3,3,3,FALSE
2026,15805,"Hutchinson, Aidan",DE,2,59.7,29.85,4,4,4,FALSE
2026,16650,"Turner, Dallas",DE,2,54.5,27.25,5,5,5,FALSE
2026,16230,"Van Ness, Lukas",DE,2,52.3,26.15,6,6,6,FALSE
2026,14167,"Hines-Allen, Josh",DE,2,49.6,24.8,7,7,7,FALSE
2026,17135,"Ezeiruaku, Donovan",DE,2,47.6,23.8,8,8,8,FALSE
2026,15345,"Paye, Kwity",DE,2,44.9,22.45,9,9,9,FALSE
2026,12301,"Smith, Za'Darius",DE,2,43.9,21.95,10,10,10,FALSE
2026,14940,"Highsmith, Alex",DE,2,43.5,21.75,11,11,11,FALSE
2026,17584,"Jacas, Gabe",DE,2,38,19,12,12,12,FALSE
2026,15853,"Mafe, Boye",DE,2,36.2,18.1,13,13,13,FALSE
2026,16223,"Anderson, Will",DE,2,36.1,18.05,14.5,14.5,14.5,FALSE
2026,13682,"Key, Arden",DE,2,36.1,18.05,14.5,14.5,14.5,FALSE
2026,17361,"Ponder, Elijah",DE,2,36,18,16,16,16,FALSE
2026,16266,"Tuipulotu, Tuli",DE,2,33.5,16.75,17,17,17,FALSE
2026,16298,"Robinson, Tavius",DE,2,33.1,16.55,18,18,18,FALSE
2026,17551,"Bailey, David",DE,2,32.099999999999994,16.049999999999997,19,19,19,FALSE
2026,15352,"Collins, Zaven",DE,2,32,16,20.5,20.5,20.5,FALSE
2026,16303,"Herbig, Nick",DE,2,32,16,20.5,20.5,20.5,FALSE
2026,11706,"Clowney, Jadeveon",DE,1,15.4,15.4,60.5,22,22,FALSE
2026,13704,"Nwosu, Uchenna",DE,2,29,14.5,22,23,22,FALSE
2026,14405,"Granderson, Carl",DE,2,28.8,14.4,23,24,23,FALSE
2026,17161,"Burch, Jordan",DE,2,28.6,14.3,24.5,25.5,24.5,FALSE
2026,16651,"Latu, Laiatu",DE,2,28.6,14.3,24.5,25.5,24.5,FALSE
2026,14147,"Bosa, Nick",DE,2,28,14,26.5,27.5,26.5,FALSE
2026,16923,"Tillman, Dondrea",DE,2,28,14,26.5,27.5,26.5,FALSE
2026,15378,"Oweh, Odafe",DE,2,27.9,13.95,28,29,28,FALSE
2026,13681,"Chubb, Bradley",DE,2,27.7,13.85,29,30,29,FALSE
2026,15813,"Enagbare, Kingsley",DE,2,27.4,13.7,30.5,31.5,30.5,FALSE
2026,15814,"Thomas, Cameron",DE,2,27.4,13.7,30.5,31.5,30.5,FALSE
2026,15349,"Phillips, Jaelan",DE,2,27.099999999999998,13.549999999999999,32,33,32,FALSE
2026,14947,"Wonnum, D.J.",DE,2,27,13.5,33,34,33,FALSE
2026,14225,"Crosby, Maxx",DE,2,24.3,12.15,34,35,34,FALSE
2026,15815,"Walker, Travon",DE,2,24.1,12.05,35,36,35,FALSE
2026,13888,"Gardeck, Dennis",DE,2,24,12,36.5,37.5,36.5,FALSE
2026,14164,"Jones, Dre'Mont",DE,2,24,12,36.5,37.5,36.5,FALSE
2026,17189,"Robinson, Quandarrius",DE,2,23.2,11.6,38,39,38,FALSE
2026,15808,"Karlaftis, George",DE,2,22.5,11.25,39.5,40.5,39.5,FALSE
2026,16224,"Murphy, Myles",DE,2,22.5,11.25,39.5,40.5,39.5,FALSE
2026,16257,"Anudike-Uzomah, Felix",DE,2,22.4,11.2,41,42,41,FALSE
2026,16712,"Hunt, Jalyx",DE,2,21.5,10.75,42,43,42,FALSE
2026,17182,"Sorrell, Barryn",DE,2,20.9,10.45,43,44,43,FALSE
2026,14925,"Uche, Josh",DE,2,20.5,10.25,44.5,45.5,44.5,FALSE
2026,16653,"Verse, Jared",DE,2,20.5,10.25,44.5,45.5,44.5,FALSE
2026,11721,"Mack, Khalil",DE,2,20.3,10.15,46,47,46,FALSE
2026,15397,"Golston, Chauncey",DE,2,20,10,47.5,48.5,47.5,FALSE
2026,17118,"Stewart, Josaiah",DE,2,20,10,47.5,48.5,47.5,FALSE
2026,17160,"Umanmielen, Princely",DE,2,19.8,9.9,49,50,49,FALSE
2026,14877,"Young, Chase",DE,2,18.299999999999997,9.149999999999999,50,52,50,FALSE
2026,13759,"Armstrong, Dorance",DE,1,9.5,9.5,90,51,51,FALSE
2026,17112,"Carter, Abdul",DE,2,17.8,8.9,51,53,51,FALSE
2026,17580,"Lawrence, Malachi",DE,2,17.5,8.75,52,54,52,FALSE
2026,16777,"Johnson, Cedric",DE,2,17.3,8.65,53,55,53,FALSE
2026,16228,"Smith, Nolan",DE,2,17,8.5,54,56,54,FALSE
2026,14148,"Sweat, Montez",DE,2,16.4,8.2,55,58,55,FALSE
2026,16276,"Young, Byron",DE,2,16.2,8.1,56,59,56,FALSE
2026,16455,"Cox, Brenton",DE,2,16,8,57,60,57,FALSE
2026,17114,"Stewart, Shemar",DE,1,8.4,8.4,99,57,57,FALSE
2026,11769,"Lawrence, Demarcus",DE,2,15.5,7.75,58.5,61.5,58.5,FALSE
2026,17583,"Thomas, R Mason",DE,2,15.5,7.75,58.5,61.5,58.5,FALSE
2026,15395,"Koonce, Malcolm",DE,2,15.4,7.7,60.5,63,60.5,FALSE
2026,12221,"Hunter, Danielle",DE,2,15.2,7.6,62,64,62,FALSE
2026,15565,"Hoecht, Michael",DE,2,15.1,7.55,63,65,63,FALSE
2026,16278,"Diaby, YaYa",DE,2,15,7.5,64,66,64,FALSE
2026,14888,"Chaisson, K'Lavon",DE,2,14.8,7.4,65,67,65,FALSE
2026,16252,"McDonald, Will",DE,2,14.4,7.2,66,68,66,FALSE
2026,14149,"Gary, Rashan",DE,2,14,7,67.5,69.5,67.5,FALSE
2026,17150,"Oladejo, Oluwafemi",DE,2,14,7,67.5,69.5,67.5,FALSE
2026,13294,"Ebukam, Samson",DE,2,13.7,6.85,69.5,71.5,69.5,FALSE
2026,16262,"White, Keion",DE,2,13.7,6.85,69.5,71.5,69.5,FALSE
2026,14171,"Burns, Brian",DE,2,13.5,6.75,71,73,71,FALSE
2026,16235,"Hall, Derick",DE,2,13.3,6.65,72,74,72,FALSE
2026,16300,"McGuire, Isaiah",DE,2,13,6.5,73,75,73,FALSE
2026,16734,"Booker, Austin",DE,2,12.8,6.4,74,76,74,FALSE
2026,13284,"Hendrickson, Trey",DE,2,12.7,6.35,75,77,75,FALSE
2026,17120,"Green, Mike",DE,2,12.1,6.05,76,78,76,FALSE
2026,16654,"Elliss, Jonah",DE,2,12,6,78,80,78,FALSE
2026,17778,"O'Neill, Eric",DE,2,12,6,78,80,78,FALSE
2026,16749,"Solomon, Javon",DE,2,12,6,78,80,78,FALSE
2026,17568,"Mesidor, Akheem",DE,2,11.9,5.95,80,82,80,FALSE
2026,15386,"Odeyingbo, Dayo",DE,2,11.5,5.75,81,83,81,FALSE
2026,17180,"Walker, David",DE,2,10.6,5.3,82,84,82,FALSE
2026,13690,"Sweat, Josh",DE,2,10.5,5.25,83,85,83,FALSE
2026,13802,"Martin, Jake",DE,2,10.2,5.1,84,86,84,FALSE
2026,14962,"Gipson, Trevis",DE,2,10,5,87,89,87,FALSE
2026,16058,"Herring, Malik",DE,2,10,5,87,89,87,FALSE
2026,13330,"Muhammad, Al-Quadin",DE,2,10,5,87,89,87,FALSE
2026,17630,"Overton, LT",DE,2,10,5,87,89,87,FALSE
2026,17116,"Sawyer, Jack",DE,2,10,5,87,89,87,FALSE
2026,15861,"Bonitto, Nik",DE,2,9,4.5,93,94,93,FALSE
2026,16485,"Incoom, Thomas",DE,2,9,4.5,93,94,93,FALSE
2026,15809,"Johnson, Jermaine",DE,2,9,4.5,93,94,93,FALSE
2026,14880,"Kareem, Khalid",DE,2,9,4.5,93,94,93,FALSE
2026,15806,"Thibodeaux, Kayvon",DE,2,9,4.5,93,94,93,FALSE
2026,12234,"Dupree, Bud",DE,2,8.5,4.25,97,98,97,FALSE
2026,17149,"Tuimoloau, JT",DE,2,8.5,4.25,97,98,97,FALSE
2026,15857,"Williams, Sam",DE,2,8.5,4.25,97,98,97,FALSE
2026,11723,"Van Noy, Kyle",DE,2,8,4,100,100.5,100,FALSE
2026,16652,"Trice, Bralen",DE,1,4,4,123,100.5,100.5,FALSE
2026,17619,"Dennis-Sutton, Dani",DE,2,7.6,3.8,101,102,101,FALSE
2026,16894,"McGregor, Braiden",DE,2,7.5,3.75,102,103,102,FALSE
2026,15851,"Ebiketie, Arnold",DE,2,7,3.5,103.5,104.5,103.5,FALSE
2026,17397,"Striggow, Danny",DE,2,7,3.5,103.5,104.5,103.5,FALSE
2026,16532,"Nowaske, Trevor",DE,2,6.5,3.25,105,106,105,FALSE
2026,17777,"Harsh, Sabastian",DE,2,6.3,3.15,106,107,106,FALSE
2026,13201,"Barnett, Derek",DE,2,6,3,109.5,111.5,109.5,FALSE
2026,14879,"Epenesa, A.J.",DE,2,6,3,109.5,111.5,109.5,FALSE
2026,17155,"Gillotte, Ashton",DE,2,6,3,109.5,111.5,109.5,FALSE
2026,14894,"Jennings, Anfernee",DE,2,6,3,109.5,111.5,109.5,FALSE
2026,14254,"Omenihu, Charles",DE,2,6,3,109.5,111.5,109.5,FALSE
2026,17554,"Parker, T.J.",DE,2,6,3,109.5,111.5,109.5,FALSE
2026,10292,"Jordan, Cameron",DE,1,3,3,131,111.5,111.5,FALSE
2026,16516,"Wheat, Tyrus",DE,1,3,3,131,111.5,111.5,FALSE
2026,17674,"Curry, Caden",DE,2,5,2.5,115.5,118.5,115.5,FALSE
2026,14151,"Ferrell, Clelin",DE,2,5,2.5,115.5,118.5,115.5,FALSE
2026,17350,"Huntington, Adin",DE,2,5,2.5,115.5,118.5,115.5,FALSE
2026,16780,"Jean-Baptiste, Javontae",DE,2,5,2.5,115.5,118.5,115.5,FALSE
2026,14154,"Nelson, Anthony",DE,2,5,2.5,115.5,118.5,115.5,FALSE
2026,17588,"Young, Zion",DE,2,5,2.5,115.5,118.5,115.5,FALSE
2026,16376,"Johnson, Desjuan",DE,2,4.5,2.25,119,122,119,FALSE
2026,16305,"Abdullah, Yasir",DE,2,4,2,123,127,123,FALSE
2026,17550,"Bain Jr., Rueben",DE,2,4,2,123,127,123,FALSE
2026,16322,"Beal, Robert",DE,2,4,2,123,127,123,FALSE
2026,15356,"Browning, Baron",DE,2,4,2,123,127,123,FALSE
2026,17287,"Ivey, Jared",DE,2,4,2,123,127,123,FALSE
2026,15481,"Johnson, Patrick",DE,2,4,2,123,127,123,FALSE
2026,15928,"Houston, James",DE,1,2,2,139,127,127,FALSE
2026,17117,"Jackson, Landon",DE,2,3.9,1.95,127,132,127,FALSE
2026,17412,"O'Toole, Connor",DE,1,2,2,139,127,127,FALSE
2026,16655,"Robinson, Chop",DE,1,2,2,139,127,127,FALSE
2026,17553,"Faulk, Keldric",DE,2,3,1.5,131,135.5,131,FALSE
2026,17695,"Hutchins, Quintayvious",DE,2,3,1.5,131,135.5,131,FALSE
2026,16529,"Leota, Eku",DE,2,3,1.5,131,135.5,131,FALSE
2026,13685,"Okoronkwo, Ogbonnia",DE,2,3,1.5,131,135.5,131,FALSE
2026,15413,"Rumph, Chris",DE,2,3,1.5,131,135.5,131,FALSE
2026,17552,"Howell, Cashius",DE,2,2.5,1.25,135,139,135,FALSE
2026,14978,"Danna, Michael",DE,1,1.5,1.5,144,135.5,135.5,FALSE
2026,15943,"Hardy, Daniel",DE,2,2,1,139,141.5,139,FALSE
2026,17016,"Jones, Truman",DE,2,2,1,139,141.5,139,FALSE
2026,16869,"Richter, Bo",DE,2,2,1,139,141.5,139,FALSE
2026,15907,"Robinson, Dominique",DE,2,2,1,139,141.5,139,FALSE
2026,17597,"Height, Romello",DE,2,1.5,0.75,144,144.5,144,FALSE
2026,16302,"Lacy, Tyler",DE,2,1.5,0.75,144,144.5,144,FALSE
2026,17355,"Chambliss, Chaz",DE,2,1,0.5,146.5,146.5,146.5,FALSE
2026,10267,"Miller, Von",DE,2,1,0.5,146.5,146.5,146.5,FALSE
2026,15878,"Clemons, Micheal",DE,2,0,0,151.5,151.5,151.5,FALSE
2026,12217,"Fowler, Dante",DE,2,0,0,151.5,151.5,151.5,FALSE
2026,13198,"Garrett, Myles",DE,1,0,0,151.5,151.5,151.5,FALSE
2026,17351,"Green, B.J.",DE,1,0,0,151.5,151.5,151.5,FALSE
2026,17633,"Josephs, Joshua",DE,2,0,0,151.5,151.5,151.5,FALSE
2026,17688,"Llewellyn, Max",DE,1,0,0,151.5,151.5,151.5,FALSE
2026,17225,"McLeod, Jalen",DE,1,0,0,151.5,151.5,151.5,FALSE
2026,17587,"Moore, Derrick",DE,2,0,0,151.5,151.5,151.5,FALSE
2026,16226,"Wilson, Tyree",DE,2,-3,-1.5,156,156,156,FALSE
2026,17768,"Burke, Ethan",DE,2,-4,-2,157,157,157,FALSE
2026,14158,"Oliver, Ed",DT,1,36,36,9,1,1,FALSE
2026,17174,"Walker, Deone",DT,2,49.6,24.8,1,2,1,FALSE
2026,14153,"Allen, Zach",DT,2,44.8,22.4,2,3,2,FALSE
2026,12225,"Williams, Leonard",DT,2,43.8,21.9,3,4,3,FALSE
2026,17121,"Graham, Mason",DT,2,43.599999999999994,21.799999999999997,4,5,4,FALSE
2026,17158,"Broughton, Vernon",DT,2,40.5,20.25,5,6,5,FALSE
2026,10266,"Heyward, Cameron",DT,2,40,20,6,7,6,FALSE
2026,12697,"Robinson, A'Shawn",DT,2,37.9,18.95,7,8,7,FALSE
2026,14163,"Simmons, Jeffery",DT,2,37.2,18.6,8,9,8,FALSE
2026,12688,"Buckner, DeForest",DT,2,35.7,17.85,10,10,10,FALSE
2026,16927,"Redmond, Jalen",DT,2,35,17.5,11,11,11,FALSE
2026,14157,"Williams, Quinnen",DT,2,34.5,17.25,12,12,12,FALSE
2026,16233,"Carter, Jalen",DT,2,34.3,17.15,13,13,13,FALSE
2026,16344,"Stills, Dante",DT,2,33.5,16.75,14.5,14.5,14.5,FALSE
2026,16282,"Turner, Kobie",DT,2,33.5,16.75,14.5,14.5,14.5,FALSE
2026,13208,"Allen, Jonathan",DT,2,32.7,16.35,16,16,16,FALSE
2026,15817,"Davis, Jordan",DT,2,32.5,16.25,17.5,17.5,17.5,FALSE
2026,15089,"Roach, Malcolm",DT,2,32.5,16.25,17.5,17.5,17.5,FALSE
2026,15863,"Jones, Travis",DT,2,31.5,15.75,19,19,19,FALSE
2026,12735,"Rankins, Sheldon",DT,2,29.6,14.8,20,20,20,FALSE
2026,16786,"Drake-Rodriguez, Levi",DT,2,29,14.5,21.5,21.5,21.5,FALSE
2026,17190,"Hemingway, Tonka",DT,2,29,14.5,21.5,21.5,21.5,FALSE
2026,17165,"Caldwell, Jamaree",DT,2,27,13.5,23.5,23.5,23.5,FALSE
2026,13798,"Fatukasi, Foley",DT,2,27,13.5,23.5,23.5,23.5,FALSE
2026,12741,"Jones, Chris",DT,2,26.5,13.25,25,25,25,FALSE
2026,17570,"Hunter, Lee",DT,2,26,13,26,26,26,FALSE
2026,13317,"Godchaux, Davon",DT,2,24.5,12.25,27.5,27.5,27.5,FALSE
2026,15393,"Odighizuwa, Osa",DT,2,24.5,12.25,27.5,27.5,27.5,FALSE
2026,13744,"Shepherd, Nathan",DT,2,23.5,11.75,29,29,29,FALSE
2026,15461,"Lopez, Roy",DT,2,23,11.5,31,31,31,FALSE
2026,16369,"Ojomo, Moro",DT,2,23,11.5,31,31,31,FALSE
2026,17146,"Williams, Tyleik",DT,2,23,11.5,31,31,31,FALSE
2026,17137,"Harmon, Derrick",DT,2,22.6,11.3,33,33,33,FALSE
2026,14951,"Lynch, James",DT,2,22.5,11.25,34.5,34.5,34.5,FALSE
2026,13839,"Sieler, Zach",DT,2,22.5,11.25,34.5,34.5,34.5,FALSE
2026,14899,"Kinlaw, Javon",DT,2,21.8,10.9,36,36,36,FALSE
2026,15357,"Barmore, Christian",DT,2,21.7,10.85,37,37,37,FALSE
2026,14161,"Tillery, Jerry",DT,2,21.1,10.55,38,38,38,FALSE
2026,17195,"Mills, Rylie",DT,2,21,10.5,39,39,39,FALSE
2026,15892,"Booker, Thomas",DT,2,20.5,10.25,40,40,40,FALSE
2026,17769,"Hall, Aaron",DT,2,19.5,9.75,41,41,41,FALSE
2026,13260,"Tomlinson, Dalvin",DT,2,19.4,9.7,42,42,42,FALSE
2026,15942,"Ford, Jonathan",DT,2,19.2,9.6,43,43,43,FALSE
2026,16513,"London, LaCale",DT,2,19,9.5,44,44,44,FALSE
2026,13769,"Street, Kentavius",DT,2,18.8,9.4,45,45,45,FALSE
2026,14930,"Hamilton, Davon",DT,2,18.5,9.25,46.5,46.5,46.5,FALSE
2026,17555,"Woods, Peter",DT,2,18.5,9.25,46.5,46.5,46.5,FALSE
2026,16265,"Dexter, Gervon",DT,2,18.1,9.05,48,48,48,FALSE
2026,16767,"Davis, Tyler",DT,2,18,9,50.5,50.5,50.5,FALSE
2026,16657,"Dorlus, Brandon",DT,2,18,9,50.5,50.5,50.5,FALSE
2026,16663,"Eboigbe, Justin",DT,2,18,9,50.5,50.5,50.5,FALSE
2026,15358,"Togiai, Tommy",DT,2,18,9,50.5,50.5,50.5,FALSE
2026,15898,"Ogbonnia, Otito",DT,2,17.5,8.75,53,53,53,FALSE
2026,15390,"McNeill, Alim",DT,2,17.3,8.65,54,54,54,FALSE
2026,16689,"Murphy, Byron",DT,2,17,8.5,57,57,57,FALSE
2026,17603,"Orange, Domonique",DT,2,17,8.5,57,57,57,FALSE
2026,16660,"Robinson, Darius",DT,2,17,8.5,57,57,57,FALSE
2026,15446,"Slaton, Tedarrell",DT,2,17,8.5,57,57,57,FALSE
2026,15173,"Tart, Teair",DT,2,17,8.5,57,57,57,FALSE
2026,17196,"Phillips, Jordan",DT,2,16.5,8.25,61,61,61,FALSE
2026,14971,"Washington, Broderick",DT,2,16.5,8.25,61,61,61,FALSE
2026,15819,"Wyatt, Devonte",DT,2,16.5,8.25,61,61,61,FALSE
2026,13770,"Franklin-Myers, John",DT,2,16,8,64,64,64,FALSE
2026,17193,"Ingram-Dawkins, Tyrion",DT,2,16,8,64,64,64,FALSE
2026,12305,"Jarrett, Grady",DT,2,16,8,64,64,64,FALSE
2026,12802,"Reader, D.J.",DT,2,15.5,7.75,66.5,66.5,66.5,FALSE
2026,17177,"West, CJ",DT,2,15.5,7.75,66.5,66.5,66.5,FALSE
2026,16662,"Jenkins, Kris",DT,2,15.1,7.55,68.5,68.5,68.5,FALSE
2026,13298,"Stewart, Grover",DT,2,15.1,7.55,68.5,68.5,68.5,FALSE
2026,17261,"Biggers, Zeek",DT,2,15,7.5,71,71.5,71,FALSE
2026,14897,"Brown, Derrick",DT,2,15,7.5,71,71.5,71,FALSE
2026,12739,"Clark, Kenny",DT,2,15,7.5,71,71.5,71,FALSE
2026,11757,"Donald, Aaron",DT,1,7.5,7.5,105,71.5,71.5,FALSE
2026,16713,"Carter, DeWayne",DT,2,14.5,7.25,73,74,73,FALSE
2026,17579,"Banks, Caleb",DT,2,14,7,75.5,76.5,75.5,FALSE
2026,16264,"Benton, Keeanu",DT,2,14,7,75.5,76.5,75.5,FALSE
2026,17672,"Gill-Howard, Skyler",DT,2,14,7,75.5,76.5,75.5,FALSE
2026,13694,"Settle, Tim",DT,2,14,7,75.5,76.5,75.5,FALSE
2026,17773,"Edwards, TeRah",DT,2,13.5,6.75,78.5,79.5,78.5,FALSE
2026,15877,"Uwazurike, Eyioma",DT,2,13.5,6.75,78.5,79.5,78.5,FALSE
2026,12698,"Reed, Jarran",DT,2,13.4,6.7,80,81,80,FALSE
2026,16794,"Briggs, Jowon",DT,2,13.1,6.55,81,82,81,FALSE
2026,14159,"Lawrence, Dexter",DT,2,13,6.5,82,83,82,FALSE
2026,12218,"Armstead, Arik",DT,2,12.5,6.25,84,85,84,FALSE
2026,17613,"Halton, Gracen",DT,2,12.5,6.25,84,85,84,FALSE
2026,13810,"Joseph-Day, Sebastian",DT,2,12.5,6.25,84,85,84,FALSE
2026,15812,"Hall, Logan",DT,2,12.2,6.1,86,87,86,FALSE
2026,15391,"Williams, Milton",DT,2,11.5,5.75,87,89,87,FALSE
2026,15412,"Brown, Bobby",DT,1,6,6,115,88,88,FALSE
2026,13693,"Phillips, Harrison",DT,2,11,5.5,88,90,88,FALSE
2026,13723,"Payne, Da'Ron",DT,2,10.5,5.25,89.5,91.5,89.5,FALSE
2026,16697,"Smith, Maason",DT,2,10.5,5.25,89.5,91.5,89.5,FALSE
2026,12758,"Bullard, Jonathan",DT,2,10.1,5.05,91,93,91,FALSE
2026,16693,"Sweat, T'Vondre",DT,2,10,5,92.5,95.5,92.5,FALSE
2026,17767,"Thompson Jr., James",DT,2,10,5,92.5,95.5,92.5,FALSE
2026,14237,"Gaines, Greg",DT,2,9.5,4.75,95,99,95,FALSE
2026,17330,"Stackhouse, Nazir",DT,2,9.5,4.75,95,99,95,FALSE
2026,16294,"Wooden, Colby",DT,2,9.5,4.75,95,99,95,FALSE
2026,12764,"Hargrave, Javon",DT,1,5,5,119.5,95.5,95.5,FALSE
2026,17194,"Jackson, Cam",DT,1,5,5,119.5,95.5,95.5,FALSE
2026,17191,"Farmer, Joshua",DT,2,9.2,4.6,97,101,97,FALSE
2026,16291,"Adebawore, Adetomiwa",DT,2,9,4.5,98.5,102.5,98.5,FALSE
2026,16520,"Durden, Cory",DT,2,9,4.5,98.5,102.5,98.5,FALSE
2026,16694,"Fiske, Braden",DT,2,8,4,101,105.5,101,FALSE
2026,14901,"Gallimore, Neville",DT,2,8,4,101,105.5,101,FALSE
2026,17224,"Smith, Tim",DT,2,8,4,101,105.5,101,FALSE
2026,16324,"Brooks, Karl",DT,2,7.5,3.75,105,109.5,105,FALSE
2026,9051,"Campbell, Calais",DT,2,7.5,3.75,105,109.5,105,FALSE
2026,14934,"Elliott, Jordan",DT,2,7.5,3.75,105,109.5,105,FALSE
2026,17136,"Nolen, Walter",DT,2,7.5,3.75,105,109.5,105,FALSE
2026,16227,"Harrison, Zach",DT,1,4,4,126.5,105.5,105.5,FALSE
2026,14155,"Collier, L.J.",DT,2,7,3.5,110,114,110,FALSE
2026,13933,"Ford, Poona",DT,2,7,3.5,110,114,110,FALSE
2026,17611,"Jackson, Darrell",DT,2,7,3.5,110,114,110,FALSE
2026,16787,"Laulu, Jonah",DT,2,7,3.5,110,114,110,FALSE
2026,13199,"Thomas, Solomon",DT,2,7,3.5,110,114,110,FALSE
2026,12219,"Edwards, Mario",DT,2,6.8999999999999995,3.4499999999999997,113,117,113,FALSE
2026,13927,"Dickerson, Matt",DT,2,6,3,115,118.5,115,FALSE
2026,13692,"Vea, Vita",DT,2,6,3,115,118.5,115,FALSE
2026,12754,"Collins, Maliek",DT,2,5.5,2.75,117.5,120.5,117.5,FALSE
2026,13332,"Jones, D.J.",DT,2,5.5,2.75,117.5,120.5,117.5,FALSE
2026,13448,"Butler, Adam",DT,2,4.5,2.25,122.5,125.5,122.5,FALSE
2026,17765,"Campbell, Anthony",DT,1,2.5,2.5,138.5,122.5,122.5,FALSE
2026,11793,"Jones, DaQuan",DT,1,2.5,2.5,138.5,122.5,122.5,FALSE
2026,12361,"Nunez-Roches, Rakeem",DT,2,4.5,2.25,122.5,125.5,122.5,FALSE
2026,17389,"Okoye, CJ",DT,2,4.5,2.25,122.5,125.5,122.5,FALSE
2026,17602,"Regis, Albert",DT,2,4.5,2.25,122.5,125.5,122.5,FALSE
2026,17632,"Barrett, Nick",DT,2,4,2,126.5,129,126.5,FALSE
2026,11286,"Jenkins, John",DT,2,4,2,126.5,129,126.5,FALSE
2026,16254,"Kancey, Calijah",DT,2,4,2,126.5,129,126.5,FALSE
2026,15492,"Tonga, Khyiris",DT,2,3.6,1.8,129,131,129,FALSE
2026,17199,"Hamilton, Ty",DT,2,3,1.5,133,135,133,FALSE
2026,16797,"Harris, Marcus",DT,2,3,1.5,133,135,133,FALSE
2026,12782,"Onyemata, David",DT,2,3,1.5,133,135,133,FALSE
2026,16691,"Orhorhoro, Ruke",DT,2,3,1.5,133,135,133,FALSE
2026,17236,"Peebles, Aeneas",DT,2,3,1.5,133,135,133,FALSE
2026,14675,"Tuttle, Shy",DT,2,3,1.5,133,135,133,FALSE
2026,16273,"Young, Byron",DT,2,3,1.5,133,135,133,FALSE
2026,11872,"Harris, Shelby",DT,2,2.5,1.25,138.5,139.5,138.5,FALSE
2026,17666,"van den Berg, Jordan",DT,2,2.5,1.25,138.5,139.5,138.5,FALSE
2026,17154,"Alexander, Darius",DT,1,0,0,146.5,146.5,146.5,FALSE
2026,16770,"Boyd, Khristian",DT,1,0,0,146.5,146.5,146.5,FALSE
2026,16771,"Crumedy, Jaden",DT,1,0,0,146.5,146.5,146.5,FALSE
2026,16661,"Hall Jr., Michael",DT,2,0,0,146.5,146.5,146.5,FALSE
2026,13683,"Hand, Da'Shawn",DT,1,0,0,146.5,146.5,146.5,FALSE
2026,17170,"Jones, Sai'vion",DT,2,0,0,146.5,146.5,146.5,FALSE
2026,15382,"Onwuzurike, Levi",DT,1,0,0,146.5,146.5,146.5,FALSE
2026,16486,"Pili, Brandon",DT,2,0,0,146.5,146.5,146.5,FALSE
2026,17176,"Robinson, Ty",DT,2,0,0,146.5,146.5,146.5,FALSE
2026,16091,"Stille, Ben",DT,1,0,0,146.5,146.5,146.5,FALSE
2026,16817,"Taylor, Leonard",DT,1,0,0,146.5,146.5,146.5,FALSE
2026,13965,"Tupou, Josh",DT,1,0,0,146.5,146.5,146.5,FALSE
2026,17204,"Roberts, Elijah",DT,2,-0.5,-0.25,153,153,153,FALSE
2026,17209,"Black, Yahya",DT,2,-3,-1.5,155,154,154,FALSE
2026,13742,"Hill, B.J.",DT,1,-3,-3,155,155.5,155,FALSE
2026,17585,"Miller, Christen",DT,1,-3,-3,155,155.5,155,FALSE
2026,17600,"McClellan, Chris",DT,2,-7.3,-3.65,157,157,157,FALSE
2026,17589,"Trotter, Josiah",LB,2,81.5,40.75,1,1,1,FALSE
2026,15822,"Lloyd, Devin",LB,2,76,38,2,2,2,FALSE
2026,15409,"Barnes, Derrick",LB,2,55.4,27.7,3,3,3,FALSE
2026,15821,"Dean, Nakobe",LB,2,53.4,26.7,4,4,4,FALSE
2026,13696,"Smith, Roquan",LB,2,52.4,26.2,5,5,5,FALSE
2026,17125,"Knight, Demetrius",LB,2,49.7,24.85,6,6,6,FALSE
2026,16296,"Miller, Ventrell",LB,2,45.6,22.8,7,7,7,FALSE
2026,14218,"Okereke, Bobby",LB,2,45.5,22.75,8,8,8,FALSE
2026,13743,"Warner, Fred",LB,2,44.7,22.35,9,9,9,FALSE
2026,13813,"Oluokun, Foyesade",LB,2,41.6,20.8,10,10,10,FALSE
2026,16696,"Cooper, Edgerrin",LB,2,41.4,20.7,11,11,11,FALSE
2026,15869,"Bernard, Terrel",LB,2,41,20.5,12,12,12,FALSE
2026,14893,"Baun, Zack",LB,2,40,20,13,13,13,FALSE
2026,14251,"Cashman, Blake",LB,2,37.6,18.8,14,14,14,FALSE
2026,17560,"Hill Jr., Anthony",LB,2,37.5,18.75,15,15,15,FALSE
2026,14303,"Elliss, Kaden",LB,2,37,18.5,16,16,16,FALSE
2026,17124,"Carter, Barrett",LB,2,36.5,18.25,17,17,17,FALSE
2026,17123,"Campbell, Jihaad",LB,2,34.4,17.2,18,18,18,FALSE
2026,15387,"Werner, Pete",LB,2,34.1,17.05,19,19,19,FALSE
2026,16716,"Wilson, Payton",LB,2,33,16.5,20,20,20,FALSE
2026,14170,"Bush, Devin",LB,2,29.5,14.75,21.5,21.5,21.5,FALSE
2026,17147,"Schwesinger, Carson",LB,2,29.5,14.75,21.5,21.5,21.5,FALSE
2026,16013,"Landman, Nate",LB,2,29,14.5,23,24,23,FALSE
2026,13952,"Luvu, Frankie",LB,1,14.6,14.6,53,23,23,FALSE
2026,16346,"Winters, Dee",LB,2,27.8,13.9,24,25,24,FALSE
2026,16284,"Williams, Dorian",LB,2,27.5,13.75,25,26,25,FALSE
2026,16450,"Thomas, Drake",LB,2,27.3,13.65,26,27,26,FALSE
2026,15681,"Elliss, Christian",LB,2,27.1,13.55,27,28,27,FALSE
2026,15396,"Deablo, Divine",LB,2,27,13.5,28.5,29.5,28.5,FALSE
2026,15404,"Jones, Ernest",LB,2,27,13.5,28.5,29.5,28.5,FALSE
2026,14412,"Singleton, Alex",LB,2,26.6,13.3,30,31,30,FALSE
2026,14590,"Al-Shaair, Azeez",LB,2,26,13,31.5,32.5,31.5,FALSE
2026,17586,"Rodriguez, Jacob",LB,2,26,13,31.5,32.5,31.5,FALSE
2026,16009,"Gibbens, Jack",LB,2,25.7,12.85,33,34,33,FALSE
2026,14943,"Davis-Gaither, Akeem",LB,2,25.5,12.75,34,35,34,FALSE
2026,15355,"Bolton, Nick",LB,2,23.5,11.75,35.5,36.5,35.5,FALSE
2026,10816,"Davis, Demario",LB,2,23.5,11.75,35.5,36.5,35.5,FALSE
2026,17606,"Barham, Jaishawn",LB,2,22.5,11.25,38,39,38,FALSE
2026,14896,"Queen, Patrick",LB,2,22.5,11.25,38,39,38,FALSE
2026,16234,"Simpson, Trenton",LB,2,22.5,11.25,38,39,38,FALSE
2026,17556,"Reese, Arvell",LB,2,22,11,40.5,41.5,40.5,FALSE
2026,14235,"Tranquill, Drue",LB,2,22,11,40.5,41.5,40.5,FALSE
2026,15846,"Walker, Quay",LB,2,21.9,10.95,42,43,42,FALSE
2026,17557,"Styles, Sonny",LB,2,20.9,10.45,43,44,43,FALSE
2026,14892,"Brooks, Jordyn",LB,2,20.5,10.25,45,46,45,FALSE
2026,13697,"Edmunds, Tremaine",LB,2,20.5,10.25,45,46,45,FALSE
2026,14169,"Wilson, Mack",LB,2,20.5,10.25,45,46,45,FALSE
2026,16239,"Campbell, Jack",LB,2,20.1,10.05,47,48,47,FALSE
2026,13987,"Spillane, Robert",LB,2,19,9.5,48,49,48,FALSE
2026,14467,"Phillips, Del'Shawn",LB,2,17.5,8.75,49,50,49,FALSE
2026,17410,"Combs, Branson",LB,2,16.9,8.45,50,51,50,FALSE
2026,14953,"Dye, Troy",LB,2,16.6,8.3,51,52,51,FALSE
2026,15428,"Sherwood, Jamien",LB,2,15.5,7.75,52,53,52,FALSE
2026,13447,"Wilson, Eric",LB,2,14.5,7.25,54,54,54,FALSE
2026,16280,"Henley, Daiyan",LB,2,14.1,7.05,55,55,55,FALSE
2026,16063,"McCrary-Ball, Marcelino",LB,2,14,7,56.5,56.5,56.5,FALSE
2026,14221,"Williams, Quincy",LB,2,14,7,56.5,56.5,56.5,FALSE
2026,13837,"Franklin, Zaire",LB,2,13.5,6.75,58.5,58.5,58.5,FALSE
2026,14247,"Greenlaw, Dre",LB,2,13.5,6.75,58.5,58.5,58.5,FALSE
2026,15831,"Chenal, Leo",LB,2,13,6.5,60,60,60,FALSE
2026,17629,"Boettcher, Bryce",LB,2,12.5,6.25,61,61,61,FALSE
2026,16494,"Moon, Jeremiah",LB,2,11.5,5.75,62.5,62.5,62.5,FALSE
2026,16383,"Pace, Ivan",LB,2,11.5,5.75,62.5,62.5,62.5,FALSE
2026,16870,"Speights, Omar",LB,2,11,5.5,65,65,65,FALSE
2026,14979,"Strnad, Justin",LB,2,11,5.5,65,65,65,FALSE
2026,17126,"Stutsman, Danny",LB,2,11,5.5,65,65,65,FALSE
2026,13268,"Anzalone, Alex",LB,2,10.6,5.3,67,67,67,FALSE
2026,15914,"Rodriguez, Malcolm",LB,2,9.5,4.75,68,69,68,FALSE
2026,16911,"Stalbird, Isaiah",LB,1,5,5,78,68,68,FALSE
2026,17265,"Dolac, Shaun",LB,2,9,4.5,69,70,69,FALSE
2026,17636,"Dugger, Jaden",LB,2,7.5,3.75,70,71,70,FALSE
2026,14168,"White, Devin",LB,2,7.1,3.55,71,72,71,FALSE
2026,14217,"Barton, Cody",LB,2,7,3.5,72.5,74,72.5,FALSE
2026,17628,"Daniels, Kendal",LB,2,7,3.5,72.5,74,72.5,FALSE
2026,16667,"Gray, Cedric",LB,1,3.5,3.5,88,74,74,FALSE
2026,17665,"Obiazor, Namdi",LB,2,6.5,3.25,74,76,74,FALSE
2026,14200,"Tavai, Jahlani",LB,2,6,3,75.5,78.5,75.5,FALSE
2026,16664,"Trotter Jr., Jeremiah",LB,2,6,3,75.5,78.5,75.5,FALSE
2026,16019,"Hansen, Jake",LB,2,5.5,2.75,77,81,77,FALSE
2026,16730,"Magee, Jordan",LB,1,3,3,94,78.5,78.5,FALSE
2026,16236,"To'oTo'o, Henry",LB,1,3,3,94,78.5,78.5,FALSE
2026,15353,"Surratt, Chazz",LB,2,4.6,2.3,79,82,79,FALSE
2026,16738,"Carlies, Jaylon",LB,2,4.5,2.25,80.5,83.5,80.5,FALSE
2026,15443,"Wallow, Garret",LB,2,4.5,2.25,80.5,83.5,80.5,FALSE
2026,16328,"Barnes, Zaire",LB,2,4,2,84,89,84,FALSE
2026,14322,"Edwards, T.J.",LB,2,4,2,84,89,84,FALSE
2026,14891,"Harrison, Malik",LB,2,4,2,84,89,84,FALSE
2026,17383,"Jones, Carl",LB,2,4,2,84,89,84,FALSE
2026,16138,"Olubi, Segun",LB,2,4,2,84,89,84,FALSE
2026,15899,"Jackson, D'Marco",LB,2,3.5,1.75,88,94.5,88,FALSE
2026,15473,"McDuffie, Isaiah",LB,2,3.5,1.75,88,94.5,88,FALSE
2026,15194,"Christiansen, Cole",LB,1,2,2,107.5,89,89,FALSE
2026,17415,"Kaho, Ale",LB,1,2,2,107.5,89,89,FALSE
2026,14672,"Reeder, Troy",LB,1,2,2,107.5,89,89,FALSE
2026,15151,"Welch, Kristian",LB,1,2,2,107.5,89,89,FALSE
2026,17010,"Bozeman, Swayze",LB,2,3,1.5,94,99,94,FALSE
2026,17247,"Bruener, Carson",LB,2,3,1.5,94,99,94,FALSE
2026,17776,"Chambers, Tahj",LB,2,3,1.5,94,99,94,FALSE
2026,17623,"Elarms-Orr, Kaleb",LB,2,3,1.5,94,99,94,FALSE
2026,14926,"Gay, Willie",LB,2,3,1.5,94,99,94,FALSE
2026,17379,"Mascarenas-Arnold, Easton",LB,2,3,1.5,94,99,94,FALSE
2026,17140,"Mondon, Smael",LB,2,3,1.5,94,99,94,FALSE
2026,16314,"Dennis, SirVocea",LB,2,2.5,1.25,100,104,100,FALSE
2026,17571,"Golday, Jake",LB,2,2.5,1.25,100,104,100,FALSE
2026,17408,"Turner, Jordan",LB,2,2.5,1.25,100,104,100,FALSE
2026,17746,"Bailey, Wesley",LB,2,2,1,107.5,113,107.5,FALSE
2026,13750,"Burks, Oren",LB,2,2,1,107.5,113,107.5,FALSE
2026,16666,"Eichenberg, Tommy",LB,2,2,1,107.5,113,107.5,FALSE
2026,17286,"Higgins, Jay",LB,2,2,1,107.5,113,107.5,FALSE
2026,14260,"Holcomb, Cole",LB,2,2,1,107.5,113,107.5,FALSE
2026,17201,"James, Shemar",LB,2,2,1,107.5,113,107.5,FALSE
2026,17233,"Medrano, Kain",LB,2,2,1,107.5,113,107.5,FALSE
2026,17449,"Woodard, Jackson",LB,2,2,1,107.5,113,107.5,FALSE
2026,17787,"Anderson, Liam",LB,1,1,1,125.5,113,113,FALSE
2026,16439,"Diabate, Mohamoud",LB,1,1,1,125.5,113,113,FALSE
2026,17692,"Fisher, Aiden",LB,1,1,1,125.5,113,113,FALSE
2026,15823,"Harris, Christian",LB,1,1,1,125.5,113,113,FALSE
2026,16710,"Hopper, Ty'Ron",LB,1,1,1,125.5,113,113,FALSE
2026,17356,"McDonald, Cooper",LB,1,1,1,125.5,113,113,FALSE
2026,16793,"Williams, James",LB,1,1,1,125.5,113,113,FALSE
2026,17203,"Bassa, Jeffrey",LB,2,1.5,0.75,115.5,122.5,115.5,FALSE
2026,14737,"Giles-Harris, Joe",LB,2,1.5,0.75,115.5,122.5,115.5,FALSE
2026,15456,"Niemann, Nick",LB,2,1.5,0.75,115.5,122.5,115.5,FALSE
2026,15975,"Sanborn, Jack",LB,2,1.5,0.75,115.5,122.5,115.5,FALSE
2026,16492,"Cherelus, Claudin",LB,2,1,0.5,125.5,130,125.5,FALSE
2026,14495,"Gifford, Luke",LB,2,1,0.5,125.5,130,125.5,FALSE
2026,16759,"Muasau, Darius",LB,2,1,0.5,125.5,130,125.5,FALSE
2026,16443,"O'Connell, Patrick",LB,2,1,0.5,125.5,130,125.5,FALSE
2026,17362,"Reid, Karene",LB,2,1,0.5,125.5,130,125.5,FALSE
2026,16926,"Reid, Winston",LB,2,1,0.5,125.5,130,125.5,FALSE
2026,17658,"Sharar, Karson",LB,2,1,0.5,125.5,130,125.5,FALSE
2026,17178,"Simon, Cody",LB,2,1,0.5,125.5,130,125.5,FALSE
2026,17621,"Woodaz, Wade",LB,2,1,0.5,125.5,130,125.5,FALSE
2026,17558,"Allen, CJ",LB,1,0.5,0.5,135,130,130,FALSE
2026,17766,"Hunter, Erick",LB,1,0.5,0.5,135,130,130,FALSE
2026,17667,"Perkins, Harold",LB,2,0.5,0.25,135,136,135,FALSE
2026,15049,"Bachie, Joe",LB,2,0,0,146,146,146,FALSE
2026,17323,"Barron, Justin",LB,1,0,0,146,146,146,FALSE
2026,17645,"Elliott, Keyshaun",LB,2,0,0,146,146,146,FALSE
2026,13715,"Harrison, Ronnie",LB,1,0,0,146,146,146,FALSE
2026,16017,"Hummel, Jake",LB,1,0,0,146,146,146,FALSE
2026,17662,"Kelly, Jack",LB,2,0,0,146,146,146,FALSE
2026,16722,"Knight, Tyrice",LB,2,0,0,146,146,146,FALSE
2026,14442,"Kuntz, Christian",LB,2,0,0,146,146,146,FALSE
2026,17683,"Kuwatch, Jackson",LB,2,0,0,146,146,146,FALSE
2026,17244,"Lindenberg, Cody",LB,1,0,0,146,146,146,FALSE
2026,17578,"Louis, Kyle",LB,1,0,0,146,146,146,FALSE
2026,17208,"Mauigoa, Francisco",LB,2,0,0,146,146,146,FALSE
2026,15890,"McFadden, Micah",LB,1,0,0,146,146,146,FALSE
2026,17456,"Neal, Elias",LB,1,0,0,146,146,146,FALSE
2026,16283,"Overshown, DeMarvion",LB,1,0,0,146,146,146,FALSE
2026,16237,"Pappoe, Owen",LB,1,0,0,146,146,146,FALSE
2026,15076,"Rozeboom, Christian",LB,1,0,0,146,146,146,FALSE
2026,15498,"Stuard, Grant",LB,2,0,0,146,146,146,FALSE
2026,17354,"Wax, Marlowe",LB,2,0,0,146,146,146,FALSE
2026,16072,"Cochrane, Jack",LB,2,-1.5,-0.75,156.5,156,156,FALSE
2026,16761,"Hill, Jamal",LB,1,-1.5,-1.5,156.5,158,156.5,FALSE
2026,16872,"Andreessen, Joe",LB,2,-2,-1,158,157,157,FALSE
2026,15622,"Robinson, Curtis",LB,1,-3,-3,159,161.5,159,FALSE
2026,14379,"Woods, Josh",LB,2,-3.5,-1.75,160,159,159,FALSE
2026,16774,"Watson, Nathaniel",LB,2,-5,-2.5,161,160,160,FALSE
2026,14887,"Simmons, Isaiah",LB,2,-6,-3,162,161.5,161.5,FALSE
2026,15368,"McPherson, Evan",PK,2,63.8,31.9,1,1,1,FALSE
2026,14717,"McLaughlin, Chase",PK,2,38.5,19.25,2,2,2,FALSE
2026,17222,"Loop, Tyler",PK,2,36.800000000000004,18.400000000000002,3,3,3,FALSE
2026,16896,"Shrader, Spencer",PK,2,32.5,16.25,4,4,4,FALSE
2026,17668,"Smack, Trey",PK,2,31,15.5,5,5,5,FALSE
2026,14244,"Gay, Matt",PK,2,26.9,13.45,6,6,6,FALSE
2026,12860,"Fairbairn, Ka'imi",PK,2,26.2,13.1,7,7,7,FALSE
2026,13832,"Sanders, Jason",PK,2,25.3,12.65,8,8,8,FALSE
2026,16681,"Reichard, Will",PK,2,21,10.5,9,9,9,FALSE
2026,16680,"Little, Cam",PK,2,19.6,9.8,10,10,10,FALSE
2026,14983,"Bass, Tyler",PK,2,18.9,9.45,11,11,11,FALSE
2026,13303,"Elliott, Jake",PK,2,16.9,8.45,12,12,12,FALSE
2026,16292,"Ryland, Chad",PK,2,15.8,7.9,13,13,13,FALSE
2026,17220,"Borregales, Andres",PK,2,15.2,7.6,14,14,14,FALSE
2026,16414,"Aubrey, Brandon",PK,2,13.8,6.9,15,15,15,FALSE
2026,16419,"Szmyt, Andre",PK,2,13.399999999999999,6.699999999999999,16,16,16,FALSE
2026,17277,"Fitzgerald, Ryan",PK,2,12,6,17,17,17,FALSE
2026,13719,"Pineiro, Eddy",PK,2,11.1,5.55,18,18,18,FALSE
2026,17736,"Zvada, Dominic",PK,2,10.9,5.45,19,19,19,FALSE
2026,13354,"Butker, Harrison",PK,2,10.100000000000001,5.050000000000001,20,20,20,FALSE
2026,14600,"Slye, Joey",PK,2,9.8,4.9,21,21,21,FALSE
2026,12956,"Lutz, Wil",PK,2,9.1,4.55,22,22,22,FALSE
2026,11945,"Santos, Cairo",PK,2,7.8,3.9,23,23,23,FALSE
2026,12437,"Myers, Jason",PK,2,7,3.5,24,24,24,FALSE
2026,13718,"Carlson, Daniel",PK,2,5.799999999999999,2.8999999999999995,25,25,25,FALSE
2026,16846,"Bates, Jake",PK,2,4.2,2.1,26,26,26,FALSE
2026,17726,"Stevens, Drew",PK,2,3.9000000000000004,1.9500000000000002,27,27,27,FALSE
2026,11936,"Boswell, Chris",PK,2,2.8,1.4,28,28,28,FALSE
2026,15369,"Patterson, Riley",PK,2,0.10000000000000053,0.050000000000000266,29,29,29,FALSE
2026,8851,"Folk, Nick",PK,2,-2.8000000000000003,-1.4000000000000001,30,30,30,FALSE
2026,16843,"Mevis, Harrison",PK,2,-3.6999999999999997,-1.8499999999999999,31,31,31,FALSE
2026,15979,"Dicker, Cameron",PK,2,-4.2,-2.1,32,32,32,FALSE
2026,14985,"Mann, Braden",PN,2,37,18.5,1,1,1,FALSE
2026,14630,"Cole, A.J.",PN,2,29.700000000000003,14.850000000000001,2,2,2,FALSE
2026,15911,"Araiza, Matt",PN,2,26.299999999999997,13.149999999999999,3,3,3,FALSE
2026,17241,"Crawshaw, Jeremy",PN,2,25.599999999999998,12.799999999999999,4,4,4,FALSE
2026,15032,"Fox, Jack",PN,2,24.299999999999997,12.149999999999999,5,5,5,FALSE
2026,14256,"Bailey, Jake",PN,2,20.8,10.4,6,6,6,FALSE
2026,13848,"Johnston, Cam",PN,2,20,10,7,7,7,FALSE
2026,17339,"McNamara, Austin",PN,2,17.8,8.9,8,8,8,FALSE
2026,15884,"Stout, Jordan",PN,2,17.200000000000003,8.600000000000001,9,9,9,FALSE
2026,17352,"Kroeger, Kai",PN,2,16.799999999999997,8.399999999999999,10,10,10,FALSE
2026,16452,"Whelan, Daniel",PN,2,16.5,8.25,11,11,11,FALSE
2026,13844,"Cooke, Logan",PN,2,16.2,8.1,12,12,12,FALSE
2026,13782,"Dickson, Michael",PN,2,15.3,7.65,13,13,13,FALSE
2026,13431,"Sanchez, Rigoberto",PN,2,15,7.5,14,14,14,FALSE
2026,11985,"Way, Tress",PN,2,14.8,7.4,15,15,15,FALSE
2026,16351,"Evans, Ethan",PN,2,14.5,7.25,16.5,16.5,16.5,FALSE
2026,17761,"Thorson, Brett",PN,2,14.5,7.25,16.5,16.5,16.5,FALSE
2026,14227,"Wishnowsky, Mitch",PN,2,14,7,18,18,18,FALSE
2026,15499,"Gillikin, Blake",PN,2,13.2,6.6,19,19,19,FALSE
2026,15051,"Townsend, Tommy",PN,2,12.9,6.45,20,20,20,FALSE
2026,17664,"Eckley, Ryan",PN,2,12,6,21,21,21,FALSE
2026,16724,"Taylor, Tory",PN,2,11.9,5.95,22,22,22,FALSE
2026,11383,"Martin, Sam",PN,2,11.8,5.9,23,23,23,FALSE
2026,16010,"Wright, Ryan",PN,2,11.4,5.7,24,24,24,FALSE
2026,17689,"Doman, Tommy",PN,2,10.8,5.4,25,25,25,FALSE
2026,10814,"Anger, Bryan",PN,2,10.3,5.15,26,26,26,FALSE
2026,13869,"Bojorquez, Corey",PN,2,9.3,4.65,27,27,27,FALSE
2026,16887,"Rehkow, Ryan",PN,2,7.8,3.9,28,28,28,FALSE
2026,12323,"Pinion, Bradley",PN,2,6.6,3.3,29,29,29,FALSE
2026,15668,"Waitman, Corliss",PN,2,5.7,2.85,30,30,30,FALSE
2026,12842,"Dixon, Riley",PN,2,2.9,1.45,31,31,31,FALSE
2026,13791,"Scott, J.K.",PN,2,-0.1999999999999993,-0.09999999999999964,32,32,32,FALSE
2026,13589,"Allen, Josh",QB,2,194,97,1,1,1,FALSE
2026,16148,"Young, Bryce",QB,2,167.3,83.65,2,2,2,FALSE
2026,13593,"Jackson, Lamar",QB,2,135.7,67.85,3,3,3,FALSE
2026,15698,"Purdy, Brock",QB,2,134.89999999999998,67.44999999999999,4,4,4,FALSE
2026,13116,"Mahomes, Patrick",QB,2,132.6,66.3,5,5,5,FALSE
2026,16579,"Williams, Caleb",QB,2,128.3,64.15,6,6,6,FALSE
2026,15237,"Lawrence, Trevor",QB,2,113.6,56.8,7,7,7,FALSE
2026,14057,"Lock, Drew",QB,2,105.5,52.75,8,8,8,FALSE
2026,12620,"Prescott, Dak",QB,2,100,50,9,9,9,FALSE
2026,14783,"Hurts, Jalen",QB,2,97.30000000000001,48.650000000000006,10,10,10,FALSE
2026,17032,"Dart, Jaxson",QB,2,94.7,47.35,11,11,11,FALSE
2026,13113,"Watson, Deshaun",QB,2,86.7,43.35,12,12,12,FALSE
2026,12611,"Goff, Jared",QB,2,84,42,13,13,13,FALSE
2026,16150,"Stroud, C.J.",QB,2,82.8,41.4,14,14,14,FALSE
2026,12616,"Brissett, Jacoby",QB,2,80,40,15,15,15,FALSE
2026,11150,"Smith, Geno",QB,2,75.1,37.55,16,16,16,FALSE
2026,14782,"Love, Jordan",QB,2,73.4,36.7,17,17,17,FALSE
2026,17039,"Shough, Tyler",QB,2,72,36,18,18,18,FALSE
2026,9431,"Stafford, Matthew",QB,2,66.5,33.25,19,19,19,FALSE
2026,16581,"Daniels, Jayden",QB,2,65.9,32.95,20,20,20,FALSE
2026,14777,"Burrow, Joe",QB,2,62.8,31.4,21,21,21,FALSE
2026,12610,"Wentz, Carson",QB,2,52.900000000000006,26.450000000000003,22,22,22,FALSE
2026,17030,"Ward, Cam",QB,2,50.9,25.45,23,23,23,FALSE
2026,10700,"Cousins, Kirk",QB,2,50.4,25.2,24,24,24,FALSE
2026,15694,"Willis, Malik",QB,2,46.7,23.35,25,25,25,FALSE
2026,13590,"Mayfield, Baker",QB,2,40.7,20.35,26,26,26,FALSE
2026,14059,"Jones, Daniel",QB,2,36.2,18.1,27,28,27,FALSE
2026,12141,"Mariota, Marcus",QB,1,19.8,19.8,29,27,27,FALSE
2026,14779,"Herbert, Justin",QB,2,29.4,14.7,28,29,28,FALSE
2026,7836,"Rodgers, Aaron",QB,2,19.000000000000004,9.500000000000002,30,30,30,FALSE
2026,16580,"Maye, Drake",QB,2,14.100000000000001,7.050000000000001,31,31,31,FALSE
2026,16153,"Bennett, Stetson",QB,1,5.8,5.8,33,32,32,FALSE
2026,15692,"Pickett, Kenny",QB,2,6.3,3.15,32,33,32,FALSE
2026,16582,"Nix, Bo",QB,2,5.599999999999994,2.799999999999997,34,34,34,FALSE
2026,16384,"Bagent, Tyson",QB,1,2.5,2.5,35,35,35,FALSE
2026,15238,"Fields, Justin",QB,1,0,0,36.5,36.5,36.5,FALSE
2026,9064,"Flacco, Joe",QB,1,0,0,36.5,36.5,36.5,FALSE
2026,13592,"Darnold, Sam",QB,1,-0.8,-0.8,38,38,38,FALSE
2026,13595,"Rudolph, Mason",QB,1,-0.9,-0.9,39,39,39,FALSE
2026,15241,"Jones, Mac",QB,1,-1.4,-1.4,40,40,40,FALSE
2026,13968,"Mullens, Nick",QB,1,-4.2,-4.2,41,41,41,FALSE
2026,12140,"Winston, Jameis",QB,1,-7.8,-7.8,42,42,42,FALSE
2026,14056,"Murray, Kyler",QB,1,-15.2,-15.2,43,43,43,FALSE
2026,17743,"Strand, Jack",QB,1,-21,-21,44,44,44,FALSE
2026,13124,"Rush, Cooper",QB,2,-51.1,-25.55,45,45,45,FALSE
2026,15711,"Walker III, Kenneth",RB,2,91.5,45.75,1,1,1,FALSE
2026,12626,"Henry, Derrick",RB,2,87.10000000000001,43.550000000000004,2,2,2,FALSE
2026,16162,"Gibbs, Jahmyr",RB,2,76.5,38.25,3,3,3,FALSE
2026,14797,"Swift, D'Andre",RB,2,69.39999999999999,34.699999999999996,4,4,4,FALSE
2026,14802,"Taylor, Jonathan",RB,2,58.8,29.4,5,5,5,FALSE
2026,17066,"Monangai, Kyle",RB,2,55.7,27.85,6,6,6,FALSE
2026,15261,"Hubbard, Chuba",RB,2,54.099999999999994,27.049999999999997,7,7,7,FALSE
2026,17042,"Jeanty, Ashton",RB,2,53.4,26.7,8,8,8,FALSE
2026,15708,"Hall, Breece",RB,2,48.1,24.05,9,9,9,FALSE
2026,16161,"Robinson, Bijan",RB,2,47.900000000000006,23.950000000000003,10,10,10,FALSE
2026,17052,"Tuten, Bhayshul",RB,2,47.1,23.55,11,11,11,FALSE
2026,15253,"Etienne, Travis",RB,2,38.3,19.15,12,12,12,FALSE
2026,15972,"Mason, Jordan",RB,1,18.6,18.6,25,13,13,FALSE
2026,15710,"Williams, Kyren",RB,2,36.4,18.2,13,14,13,FALSE
2026,13130,"McCaffrey, Christian",RB,2,33.4,16.7,14,15,14,FALSE
2026,16598,"Irving, Bucky",RB,2,32.2,16.1,15,16,15,FALSE
2026,14071,"Montgomery, David",RB,2,31.400000000000002,15.700000000000001,16,17,16,FALSE
2026,16593,"Corum, Blake",RB,2,28.5,14.25,17,18,17,FALSE
2026,17474,"Johnson, Emmett",RB,2,27.2,13.6,18,19,18,FALSE
2026,17045,"Skattebo, Cam",RB,2,26.4,13.2,19,20,19,FALSE
2026,15256,"Williams, Javonte",RB,2,26.3,13.15,20,21,20,FALSE
2026,15715,"Cook, James",RB,2,24.900000000000002,12.450000000000001,21,24,21,FALSE
2026,16181,"Brown, Chase",RB,2,24.6,12.3,22,25,22,FALSE
2026,16171,"Miller, Kendre",RB,1,13,13,37,22,22,FALSE
2026,17043,"Henderson, TreVeyon",RB,1,12.7,12.7,38,23,23,FALSE
2026,13319,"Jones, Aaron",RB,2,24,12,23,26,23,FALSE
2026,13133,"Perine, Samaje",RB,2,21.4,10.7,24,27,24,FALSE
2026,17044,"Hampton, Omarion",RB,2,18.2,9.1,26,29,26,FALSE
2026,16167,"Achane, De'Von",RB,2,18,9,27.5,30.5,27.5,FALSE
2026,16597,"Brooks, Jonathon",RB,2,18,9,27.5,30.5,27.5,FALSE
2026,17068,"Harvey, RJ",RB,1,10.4,10.4,47.5,28,28,FALSE
2026,17485,"Black, Kaelon",RB,2,17.5,8.75,29,32,29,FALSE
2026,13604,"Barkley, Saquon",RB,2,17,8.5,30,33,30,FALSE
2026,17472,"Love, Jeremiyah",RB,2,16.5,8.25,31,34,31,FALSE
2026,15259,"Stevenson, Rhamondre",RB,2,16.2,8.1,32,35,32,FALSE
2026,15721,"White, Rachaad",RB,2,15.399999999999999,7.699999999999999,33,36,33,FALSE
2026,17473,"Price, Jadarian",RB,2,14.7,7.35,34,37,34,FALSE
2026,14080,"Singletary, Devin",RB,2,14.5,7.25,35,38,35,FALSE
2026,15716,"Robinson, Brian",RB,2,13.8,6.9,36,39,36,FALSE
2026,15712,"Allgeier, Tyler",RB,2,12.3,6.15,39,40,39,FALSE
2026,15742,"Warren, Jaylen",RB,2,12.100000000000001,6.050000000000001,40,41,40,FALSE
2026,17256,"Croskey-Merritt, Jacory",RB,2,12.1,6.05,41,42,41,FALSE
2026,16596,"Allen, Braelon",RB,2,12,6,42,43,42,FALSE
2026,14085,"Pollard, Tony",RB,2,11.6,5.8,43,44,43,FALSE
2026,16178,"Mitchell, Keaton",RB,2,10.9,5.45,44,45,44,FALSE
2026,17477,"Coleman, Jonah",RB,2,10.6,5.3,45,46,45,FALSE
2026,17053,"Marks, Woody",RB,2,10.5,5.25,46,47,46,FALSE
2026,12155,"Abdullah, Ameer",RB,2,10.4,5.2,47.5,48,47.5,FALSE
2026,14800,"Dobbins, J.K.",RB,2,10.100000000000001,5.050000000000001,49,49,49,FALSE
2026,17051,"Judkins, Quinshon",RB,2,10.1,5.05,50,50,50,FALSE
2026,13455,"Ricard, Patrick",RB,2,10,5,51,51,51,FALSE
2026,15718,"Badie, Tyler",RB,1,4.8,4.8,65.5,52,52,FALSE
2026,11367,"Juszczyk, Kyle",RB,2,9.4,4.7,52,53,52,FALSE
2026,17482,"Washington Jr., Mike",RB,2,9.3,4.65,53,54,53,FALSE
2026,16432,"Wilson, Emanuel",RB,2,9.1,4.55,54,55,54,FALSE
2026,16678,"Vaki, Sione",RB,2,8.2,4.1,55,56,55,FALSE
2026,17062,"Sanders, Raheim",RB,2,8.1,4.05,56,57,56,FALSE
2026,16496,"Russell, Brady",RB,2,8,4,57,58,57,FALSE
2026,16164,"Bigsby, Tank",RB,2,6.3,3.15,58,59,58,FALSE
2026,14805,"Dillon, AJ",RB,2,6.1,3.05,59.5,60.5,59.5,FALSE
2026,16165,"Spears, Tyjae",RB,2,6.1,3.05,59.5,60.5,59.5,FALSE
2026,16387,"Brooks, Chris",RB,2,5.800000000000001,2.9000000000000004,61.5,62.5,61.5,FALSE
2026,14086,"Hill, Justice",RB,2,5.800000000000001,2.9000000000000004,61.5,62.5,61.5,FALSE
2026,15726,"Rivers, Ronnie",RB,2,5.6,2.8,63,64,63,FALSE
2026,17478,"Allen, Kaytron",RB,2,5.199999999999999,2.5999999999999996,64,67,64,FALSE
2026,14083,"Homer, Travis",RB,1,2.7,2.7,75.5,65,65,FALSE
2026,16174,"Rodriguez, Chris",RB,2,4.8,2.4,65.5,68,65.5,FALSE
2026,17267,"Larison, Lan",RB,1,2.6,2.6,77,66,66,FALSE
2026,16601,"Shipley, Will",RB,2,4.6,2.3,67,69,67,FALSE
2026,15727,"Knight, Bam",RB,2,4.3,2.15,68,70,68,FALSE
2026,16175,"Johnson, Roschon",RB,2,4,2,69.5,71.5,69.5,FALSE
2026,16391,"Luepke, Hunter",RB,2,4,2,69.5,71.5,69.5,FALSE
2026,14815,"Dallas, DeeJay",RB,2,3.9,1.95,71,73,71,FALSE
2026,16608,"Holani, George",RB,2,3.1,1.55,72,74,72,FALSE
2026,17648,"Nowakowski, Riley",RB,2,3,1.5,73.5,76,73.5,FALSE
2026,16527,"VanSumeren, Ben",RB,2,3,1.5,73.5,76,73.5,FALSE
2026,15255,"Gainwell, Kenneth",RB,2,2.7,1.35,75.5,78,75.5,FALSE
2026,17055,"James, Jordan",RB,1,1.5,1.5,81.5,76,76,FALSE
2026,16613,"Laube, Dylan",RB,2,2,1,79,80,79,FALSE
2026,16604,"Lloyd, MarShawn",RB,2,2,1,79,80,79,FALSE
2026,16850,"Saylors, Jacob",RB,2,2,1,79,80,79,FALSE
2026,16746,"Ali, Rasheen",RB,2,1.5,0.75,81.5,82,81.5,FALSE
2026,14319,"Beck, Andrew",RB,2,1,0.5,84.5,84.5,84.5,FALSE
2026,15965,"Chestnut, Julius",RB,2,1,0.5,84.5,84.5,84.5,FALSE
2026,14420,"Ingold, Alec",RB,2,1,0.5,84.5,84.5,84.5,FALSE
2026,16757,"Vidal, Kimani",RB,2,1,0.5,84.5,84.5,84.5,FALSE
2026,16385,"Demercado, Emari",RB,2,0.9,0.45,87.5,87.5,87.5,FALSE
2026,15650,"Prentice, Adam",RB,2,0.9,0.45,87.5,87.5,87.5,FALSE
2026,15800,"Heyward, Connor",RB,2,0.6000000000000001,0.30000000000000004,89,89,89,FALSE
2026,16816,"Brooks, British",RB,2,0.5,0.25,90,90,90,FALSE
2026,16610,"Wright, Jaylen",RB,2,0.30000000000000004,0.15000000000000002,91,91,91,FALSE
2026,15103,"Gilliam, Reggie",RB,2,0.3,0.15,92,92,92,FALSE
2026,16603,"Davis, Ray",RB,2,0.2,0.1,93.5,93.5,93.5,FALSE
2026,16599,"Gore Jr., Frank",RB,2,0.2,0.1,93.5,93.5,93.5,FALSE
2026,17641,"Bredeson, Max",RB,2,0,0,99.5,99.5,99.5,FALSE
2026,17058,"Brooks, Tahj",RB,2,0,0,99.5,99.5,99.5,FALSE
2026,12325,"Burton, Michael",RB,2,0,0,99.5,99.5,99.5,FALSE
2026,17685,"Heidenreich, Eli",RB,2,0,0,99.5,99.5,99.5,FALSE
2026,15767,"Jones, Velus",RB,1,0,0,99.5,99.5,99.5,FALSE
2026,17047,"Sampson, Dylan",RB,1,0,0,99.5,99.5,99.5,FALSE
2026,17476,"Singleton, Nicholas",RB,1,0,0,99.5,99.5,99.5,FALSE
2026,17049,"Smith, Brashard",RB,2,0,0,99.5,99.5,99.5,FALSE
2026,16166,"Tucker, Sean",RB,1,0,0,99.5,99.5,99.5,FALSE
2026,17359,"Williams, Josh",RB,1,0,0,99.5,99.5,99.5,FALSE
2026,17059,"Gordon, Ollie",RB,2,-0.1,-0.05,105.5,105,105,FALSE
2026,17481,"Claiborne, Demond",RB,1,-0.1,-0.1,105.5,106,105.5,FALSE
2026,17061,"Allen, LeQuint",RB,2,-1,-0.5,109,107,107,FALSE
2026,15254,"Harris, Najee",RB,1,-0.8,-0.8,107,110,107,FALSE
2026,17492,"Donaldson, CJ",RB,2,-1.3000000000000003,-0.6500000000000001,110,108,108,FALSE
2026,16390,"McLaughlin, Jaleel",RB,1,-0.9,-0.9,108,112,108,FALSE
2026,16752,"Davis, Isaiah",RB,2,-1.5,-0.75,111,109,109,FALSE
2026,14823,"Dowdle, Rico",RB,2,-1.7999999999999998,-0.8999999999999999,112,111,111,FALSE
2026,17475,"McGowan, Seth",RB,2,-2,-1,113,113,113,FALSE
2026,17048,"Johnson, Kaleb",RB,2,-2.1,-1.05,114,114,114,FALSE
2026,17274,"Kiner, Corey",RB,2,-2.6,-1.3,115,115,115,FALSE
2026,13132,"Kamara, Alvin",RB,1,-3.1,-3.1,116,116,116,FALSE
2026,17784,"Herman, DJ",RB,1,-4.4,-4.4,117,118,117,FALSE
2026,16747,"Tracy, Tyrone",RB,2,-6.9,-3.45,118,117,117,FALSE
2026,15923,"Lake, Quentin",S,2,81.5,40.75,1,1,1,FALSE
2026,14179,"Love, Julian",S,2,61,30.5,2,2,2,FALSE
2026,14328,"Wingard, Andrew",S,2,59.5,29.75,3,3,3,FALSE
2026,15366,"Holland, Jevon",S,2,57.1,28.55,4,4,4,FALSE
2026,14182,"Hooker, Amani",S,2,50.3,25.15,5,5,5,FALSE
2026,17563,"Downs, Caleb",S,2,43.9,21.95,6,6,6,FALSE
2026,14910,"Jones, Brandon",S,2,41.7,20.85,7,7,7,FALSE
2026,15835,"Brisker, Jaquan",S,2,40.5,20.25,8,8,8,FALSE
2026,13322,"Clark, Chuck",S,2,39.9,19.95,9,9,9,FALSE
2026,17576,"Thieneman, Dillon",S,2,38,19,10,10,10,FALSE
2026,17582,"Stukes, Treydan",S,2,37,18.5,11,11,11,FALSE
2026,17640,"Taaffe, Michael",S,2,36.6,18.3,12,12,12,FALSE
2026,14927,"Chinn, Jeremy",S,2,35.5,17.75,13.5,13.5,13.5,FALSE
2026,15860,"Cook, Bryan",S,2,35.5,17.75,13.5,13.5,13.5,FALSE
2026,17202,"Trader, Dante",S,2,33.7,16.85,15,15,15,FALSE
2026,13251,"Baker, Budda",S,2,32.4,16.2,16,16,16,FALSE
2026,13714,"James, Derwin",S,2,29.5,14.75,17,17,17,FALSE
2026,13767,"Maddox, Avonte",S,2,29,14.5,18,18,18,FALSE
2026,15364,"Cisco, Andre",S,2,28,14,19,19,19,FALSE
2026,16719,"Williams, Evan",S,2,26.6,13.3,20,20,20,FALSE
2026,15839,"Cross, Nick",S,2,26,13,21,21,21,FALSE
2026,16245,"Battle, Jordan",S,2,25,12.5,22,22,22,FALSE
2026,17167,"Sanker, Jonas",S,2,24,12,23,23.5,23,FALSE
2026,16676,"Kinchens, Kamren",S,1,12,12,60.5,23.5,23.5,FALSE
2026,15834,"Hamilton, Kyle",S,2,23,11.5,24,25,24,FALSE
2026,14933,"Blackmon, Julian",S,2,22.3,11.15,25.5,26.5,25.5,FALSE
2026,16708,"Smith, Tykee",S,2,22.3,11.15,25.5,26.5,25.5,FALSE
2026,15676,"Anderson, Zayne",S,2,22,11,27.5,28.5,27.5,FALSE
2026,17207,"Sigle, Marques",S,2,22,11,27.5,28.5,27.5,FALSE
2026,15850,"Pitre, Jalen",S,2,21.5,10.75,29,30,29,FALSE
2026,15418,"Bynum, Camryn",S,2,21,10.5,30,31.5,30,FALSE
2026,17577,"Wheatley, Zakee",S,1,10.5,10.5,67.5,31.5,31.5,FALSE
2026,14909,"Winfield, Antoine",S,2,20.5,10.25,31.5,33.5,31.5,FALSE
2026,17145,"Winston, Kevin",S,2,20.5,10.25,31.5,33.5,31.5,FALSE
2026,16928,"Harper, Thomas",S,2,20,10,33.5,35.5,33.5,FALSE
2026,13717,"Reid, Justin",S,2,20,10,33.5,35.5,33.5,FALSE
2026,17132,"Starks, Malaki",S,2,19.9,9.95,35,37,35,FALSE
2026,17172,"Woodson, Craig",S,2,19.5,9.75,36,38,36,FALSE
2026,16705,"Bullock, Calen",S,2,19,9.5,37,39,37,FALSE
2026,14907,"Delpit, Grant",S,2,18,9,39,41,39,FALSE
2026,14302,"Scott, Nick",S,2,18,9,39,41,39,FALSE
2026,17131,"Watts, Xavier",S,2,18,9,39,41,39,FALSE
2026,15946,"Thomas II, Rodney",S,2,16.8,8.4,41,43,41,FALSE
2026,16281,"Brown, Ji'Ayir",S,2,16.5,8.25,43.5,45.5,43.5,FALSE
2026,11327,"Jefferson, Tony",S,2,16.5,8.25,43.5,45.5,43.5,FALSE
2026,14995,"Metellus, Josh",S,2,16.5,8.25,43.5,45.5,43.5,FALSE
2026,16679,"Nubin, Tyler",S,2,16.5,8.25,43.5,45.5,43.5,FALSE
2026,10783,"Smith, Harrison",S,2,16,8,46,48.5,46,FALSE
2026,14518,"Thompson, Jalen",S,2,15.5,7.75,47,50,47,FALSE
2026,15402,"Molden, Elijah",S,1,8,8,72.5,48.5,48.5,FALSE
2026,16018,"Blankenship, Reed",S,2,15,7.5,49,52,49,FALSE
2026,14224,"Gardner-Johnson, Chauncey",S,2,15,7.5,49,52,49,FALSE
2026,15140,"Lewis, Cam",S,2,15,7.5,49,52,49,FALSE
2026,13737,"Bates, Jessie",S,2,14.5,7.25,51.5,54.5,51.5,FALSE
2026,16700,"Bishop, Cole",S,2,14.5,7.25,51.5,54.5,51.5,FALSE
2026,16727,"Hicks, Jaden",S,2,14.2,7.1,53,56,53,FALSE
2026,16460,"Hickman, Ronnie",S,2,14,7,54,57,54,FALSE
2026,14270,"Epps, Marcus",S,2,13.5,6.75,55.5,58.5,55.5,FALSE
2026,17626,"Smith, Genesis",S,2,13.5,6.75,55.5,58.5,55.5,FALSE
2026,15452,"Hufanga, Talanoa",S,2,12.8,6.4,57,60,57,FALSE
2026,17601,"Haulcy, A.J.",S,2,12.5,6.25,58,61,58,FALSE
2026,15001,"Curl, Kamren",S,2,12,6,60.5,63,60.5,FALSE
2026,14982,"Gilman, Alohi",S,2,12,6,60.5,63,60.5,FALSE
2026,16246,"Johnson, Antonio",S,2,12,6,60.5,63,60.5,FALSE
2026,16263,"Martin, Quan",S,2,11.5,5.75,63,65,63,FALSE
2026,14434,"Reaves, Jeremy",S,2,11.2,5.6,64,66,64,FALSE
2026,16912,"McCollough, Jaylen",S,2,11,5.5,65.5,67.5,65.5,FALSE
2026,17166,"Ransaw, Caleb",S,2,11,5.5,65.5,67.5,65.5,FALSE
2026,15921,"Jackson, Theo",S,2,10.5,5.25,67.5,69,67.5,FALSE
2026,15875,"Belton, Dane",S,2,10,5,69,70.5,69,FALSE
2026,16271,"Brown, Sydney",S,2,8.9,4.45,70,72,70,FALSE
2026,17246,"Crawford, Kitan",S,1,5,5,85.5,70.5,70.5,FALSE
2026,12752,"Byard, Kevin",S,2,8.3,4.15,71,73,71,FALSE
2026,17181,"Ransom, Lathan",S,2,8,4,72.5,74,72.5,FALSE
2026,15985,"Bell, Markquese",S,2,7.5,3.75,75,76,75,FALSE
2026,13288,"Jenkins, Rayshawn",S,2,7.5,3.75,75,76,75,FALSE
2026,17680,"Spears-Jennings, Robert",S,2,7.5,3.75,75,76,75,FALSE
2026,14954,"Hawkins, Jaylinn",S,2,7,3.5,78,79,78,FALSE
2026,15365,"Moehrig, Trevon",S,2,7,3.5,78,79,78,FALSE
2026,17753,"Thomas, Jacob",S,2,7,3.5,78,79,78,FALSE
2026,16677,"Bullard, Javon",S,2,6.800000000000001,3.4000000000000004,80,81,80,FALSE
2026,14908,"McKinney, Xavier",S,2,6.2,3.1,81,82,81,FALSE
2026,17153,"Mukuba, Andrew",S,2,6,3,82,83,82,FALSE
2026,16725,"Mustapha, Malik",S,2,5.5,2.75,83.5,84.5,83.5,FALSE
2026,17250,"Wohler, Hunter",S,2,5.5,2.75,83.5,84.5,83.5,FALSE
2026,12772,"Murray, Eric",S,2,5,2.5,85.5,87,85.5,FALSE
2026,16457,"Izien, Christian",S,1,2.5,2.5,99.5,87,87,FALSE
2026,17239,"Mickens, R.J.",S,1,2.5,2.5,99.5,87,87,FALSE
2026,17211,"Hancock, Jordan",S,2,4,2,88.5,91,88.5,FALSE
2026,15094,"Locke, P.J.",S,2,4,2,88.5,91,88.5,FALSE
2026,16880,"Owens, Tyler",S,2,4,2,88.5,91,88.5,FALSE
2026,16900,"Pettus, Dell",S,2,4,2,88.5,91,88.5,FALSE
2026,13228,"Hooker, Malik",S,1,2,2,104.5,91,91,FALSE
2026,16102,"Pola-Mao, Isaiah",S,2,3.5,1.75,91,94,91,FALSE
2026,16014,"Adams, Tony",S,2,3,1.5,94.5,97.5,94.5,FALSE
2026,14911,"Davis, Ashtyn",S,2,3,1.5,94.5,97.5,94.5,FALSE
2026,16311,"Howden, Jordan",S,2,3,1.5,94.5,97.5,94.5,FALSE
2026,17365,"McMillon, Donovan",S,2,3,1.5,94.5,97.5,94.5,FALSE
2026,17755,"Nwankpa, Xavier",S,2,3,1.5,94.5,97.5,94.5,FALSE
2026,14414,"Owens, Jonathan",S,2,3,1.5,94.5,97.5,94.5,FALSE
2026,17319,"Clark, Alijah",S,2,2.5,1.25,99.5,101.5,99.5,FALSE
2026,17186,"Moore, Malachi",S,2,2.5,1.25,99.5,101.5,99.5,FALSE
2026,16352,"Hellams, DeMarcco",S,2,2,1,104.5,106.5,104.5,FALSE
2026,15956,"Hicks, Elijah",S,2,2,1,104.5,106.5,104.5,FALSE
2026,12776,"Killebrew, Miles",S,2,2,1,104.5,106.5,104.5,FALSE
2026,17575,"McNeil-Warren, Emmanuel",S,2,2,1,104.5,106.5,104.5,FALSE
2026,15510,"Washington, Ar'Darius",S,2,2,1,104.5,106.5,104.5,FALSE
2026,17144,"Emmanwori, Nick",S,1,1,1,113.5,106.5,106.5,FALSE
2026,16515,"Finley, AJ",S,1,1,1,113.5,106.5,106.5,FALSE
2026,13325,"Woods, Xavier",S,1,1,1,113.5,106.5,106.5,FALSE
2026,15527,"Key, Devon",S,2,1.5,0.75,109,112,109,FALSE
2026,17229,"Lane, Rayuan",S,2,1.5,0.75,109,112,109,FALSE
2026,17223,"Reed, Jaylen",S,2,1.5,0.75,109,112,109,FALSE
2026,14942,"Burgess, Terrell",S,2,1,0.5,113.5,115,113.5,FALSE
2026,17398,"Jackson, Keondre",S,2,1,0.5,113.5,115,113.5,FALSE
2026,17343,"Jules, PJ",S,2,1,0.5,113.5,115,113.5,FALSE
2026,16340,"Hallett, Erick",S,2,0.5,0.25,118,118,118,FALSE
2026,16304,"Ward, Jay",S,2,0.5,0.25,118,118,118,FALSE
2026,16989,"Wood, Julius",S,2,0.5,0.25,118,118,118,FALSE
2026,16247,"Skinner, JL",S,2,0.30000000000000004,0.15000000000000002,120,120,120,FALSE
2026,15469,"Hamlin, Damar",S,2,0.10000000000000009,0.050000000000000044,121,121,121,FALSE
2026,15874,"Butler, Percy",S,2,0,0,125.5,125.5,125.5,FALSE
2026,13713,"Fitzpatrick, Minkah",S,1,0,0,125.5,125.5,125.5,FALSE
2026,16571,"McCollum, Tristin",S,1,0,0,125.5,125.5,125.5,FALSE
2026,15363,"Melifonwu, Ifeatu",S,2,0,0,125.5,125.5,125.5,FALSE
2026,16750,"Oladapo, Kitan",S,2,0,0,125.5,125.5,125.5,FALSE
2026,17564,"Ramsey, Kamari",S,2,0,0,125.5,125.5,125.5,FALSE
2026,16717,"Taylor-Demerson, Dadrion",S,1,0,0,125.5,125.5,125.5,FALSE
2026,16375,"Williamson, Kendall",S,2,0,0,125.5,125.5,125.5,FALSE
2026,15595,"Campbell, Elijah",S,2,-3,-1.5,130,130,130,FALSE
2026,17423,"Ingle, Tanner",S,2,-3.2,-1.6,131,131,131,FALSE
2026,15903,"Anderson, Tycen",S,2,-3.5,-1.75,132.5,132.5,132.5,FALSE
2026,14921,"Dugger, Kyle",S,2,-3.5,-1.75,132.5,132.5,132.5,FALSE
2026,13939,"Odum, George",S,2,-4,-2,134,134,134,FALSE
2026,15148,"Franklin, Sam",S,2,-7.7,-3.85,135,135,135,FALSE
2026,16213,"Kincaid, Dalton",TE,2,70,35,1,1,1,FALSE
2026,11244,"Kelce, Travis",TE,2,44.599999999999994,22.299999999999997,2,2,2,FALSE
2026,15794,"McBride, Trey",TE,2,42.7,21.35,3,3,3,FALSE
2026,13674,"Goedert, Dallas",TE,2,42.099999999999994,21.049999999999997,4,4,4,FALSE
2026,13672,"Gesicki, Mike",TE,2,35.2,17.6,5,5,5,FALSE
2026,15798,"Likely, Isaiah",TE,2,33.800000000000004,16.900000000000002,6,6,6,FALSE
2026,14861,"Johnson, Juwan",TE,2,33.8,16.9,7,7,7,FALSE
2026,15331,"Freiermuth, Pat",TE,2,28.7,14.35,8,8,8,FALSE
2026,13772,"Schultz, Dalton",TE,2,26,13,9,9,9,FALSE
2026,13189,"Engram, Evan",TE,2,25.599999999999998,12.799999999999999,10,10,10,FALSE
2026,14138,"Hockenson, T.J.",TE,2,24.7,12.35,11,11,11,FALSE
2026,16214,"LaPorta, Sam",TE,2,22.6,11.3,12,12,12,FALSE
2026,12263,"Waller, Darren",TE,2,21.2,10.6,13,13,13,FALSE
2026,13192,"Njoku, David",TE,2,20.5,10.25,14,14,14,FALSE
2026,14867,"Kmet, Cole",TE,2,19,9.5,15,15,15,FALSE
2026,17099,"Gadsden, Oronde",TE,2,18.9,9.45,16,16,16,FALSE
2026,16222,"Kraft, Tucker",TE,2,18.5,9.25,17,17,17,FALSE
2026,13671,"Andrews, Mark",TE,2,18.4,9.2,18,18,18,FALSE
2026,13193,"Smith, Jonnu",TE,2,18,9,19,19,19,FALSE
2026,13299,"Kittle, George",TE,2,16.8,8.4,20,20,20,FALSE
2026,15799,"Ferguson, Jake",TE,2,16.5,8.25,21,21,21,FALSE
2026,17607,"Raridon, Eli",TE,2,14.8,7.4,22,22,22,FALSE
2026,12676,"Henry, Hunter",TE,2,14.4,7.2,23,23,23,FALSE
2026,17103,"Fannin, Harold",TE,2,14.200000000000001,7.1000000000000005,24,24,24,FALSE
2026,16269,"Strange, Brenton",TE,2,14.1,7.05,25,25,25,FALSE
2026,16474,"Adkins, Nate",TE,2,13.1,6.55,26,26,26,FALSE
2026,17102,"Warren, Tyler",TE,2,12.5,6.25,27,27,27,FALSE
2026,14137,"Fant, Noah",TE,2,11.7,5.85,28,28,28,FALSE
2026,17543,"Sadiq, Kenyon",TE,2,11,5.5,29,29,29,FALSE
2026,16212,"Mayer, Michael",TE,2,8.9,4.45,30,30,30,FALSE
2026,14239,"Moreau, Foster",TE,2,8.3,4.15,31,31,31,FALSE
2026,15797,"Dulcich, Greg",TE,2,8.1,4.05,32,32,32,FALSE
2026,15802,"Otton, Cade",TE,2,8,4,33,33,33,FALSE
2026,17107,"Ferguson, Terrance",TE,2,7.800000000000001,3.9000000000000004,34.5,34.5,34.5,FALSE
2026,17105,"Helm, Gunnar",TE,2,7.800000000000001,3.9000000000000004,34.5,34.5,34.5,FALSE
2026,14209,"Oliver, Josh",TE,2,7.1,3.55,36.5,36.5,36.5,FALSE
2026,16647,"Spann-Ford, Brevyn",TE,2,7.1,3.55,36.5,36.5,36.5,FALSE
2026,16333,"Higgins, Elijah",TE,2,7,3.5,38.5,38.5,38.5,FALSE
2026,15626,"Wright, Brock",TE,2,7,3.5,38.5,38.5,38.5,FALSE
2026,16219,"Allen, Davis",TE,2,6.6,3.3,40,41,40,FALSE
2026,15889,"Okonkwo, Chigoziem",TE,1,3.4,3.4,52.5,40,40,FALSE
2026,16723,"Barner, AJ",TE,2,6.5,3.25,41.5,42.5,41.5,FALSE
2026,16940,"Whiteheart, Blake",TE,2,6.5,3.25,41.5,42.5,41.5,FALSE
2026,17593,"Klein, Marlin",TE,2,6.4,3.2,43,44,43,FALSE
2026,16216,"Washington, Darnell",TE,2,6.1000000000000005,3.0500000000000003,44,45,44,FALSE
2026,14146,"Sample, Drew",TE,2,5.6,2.8,45,46,45,FALSE
2026,17627,"Hibner, Matthew",TE,2,5.2,2.6,46,47,46,FALSE
2026,15335,"Farrell, Luke",TE,2,5.1,2.55,47,48,47,FALSE
2026,17268,"Briningstool, Jake",TE,2,4.6,2.3,48,49,48,FALSE
2026,14143,"Knox, Dawson",TE,2,4.3,2.15,49.5,50.5,49.5,FALSE
2026,16898,"Yankoff, Colson",TE,2,4.3,2.15,49.5,50.5,49.5,FALSE
2026,17419,"Latu, Keleki",TE,2,3.5,1.75,51,52,51,FALSE
2026,17108,"Arroyo, Elijah",TE,2,3.4,1.7,52.5,53,52.5,FALSE
2026,13678,"Thomas, Ian",TE,2,2.2,1.1,54,55.5,54,FALSE
2026,16367,"Willis, Brayden",TE,1,1.5,1.5,59,54,54,FALSE
2026,17567,"Delp, Oscar",TE,1,1.1,1.1,61,55.5,55.5,FALSE
2026,15244,"Franks, Feleipe",TE,2,2,1,56.5,58.5,56.5,FALSE
2026,12677,"Hooper, Austin",TE,2,2,1,56.5,58.5,56.5,FALSE
2026,17660,"Sharp, Bauer",TE,2,2,1,56.5,58.5,56.5,FALSE
2026,17774,"Welch, Treyton",TE,2,2,1,56.5,58.5,56.5,FALSE
2026,15344,"Bates, John",TE,2,1.2,0.6,60,61.5,60,FALSE
2026,14370,"Hudson, Tanner",TE,1,0.6,0.6,66.5,61.5,61.5,FALSE
2026,15937,"Muse, Nick",TE,2,1,0.5,62.5,63.5,62.5,FALSE
2026,17696,"Ryan, Carsen",TE,2,1,0.5,62.5,63.5,62.5,FALSE
2026,15873,"Bellinger, Daniel",TE,2,0.8,0.4,64,65,64,FALSE
2026,16644,"Sinnott, Ben",TE,2,0.7,0.35,65,66,65,FALSE
2026,15796,"Ruckert, Jeremy",TE,2,0.6,0.3,66.5,67,66.5,FALSE
2026,16217,"Latu, Cameron",TE,2,0.5,0.25,68,68,68,FALSE
2026,15795,"Kolar, Charlie",TE,2,0.20000000000000018,0.10000000000000009,69,69,69,FALSE
2026,16642,"Stover, Cade",TE,2,0.2,0.1,70,70,70,FALSE
2026,13246,"Alie-Cox, Mo",TE,2,0,0,82,82,82,FALSE
2026,17231,"Bartholomew, Gavin",TE,2,0,0,82,82,82,FALSE
2026,13675,"Conklin, Tyler",TE,2,0,0,82,82,82,FALSE
2026,17651,"Cuevas, Josh",TE,2,0,0,82,82,82,FALSE
2026,16218,"Durham, Payne",TE,2,0,0,82,82,82,FALSE
2026,17545,"Endries, Jack",TE,1,0,0,82,82,82,FALSE
2026,15419,"Granson, Kylen",TE,1,0,0,82,82,82,FALSE
2026,15337,"Gray, Noah",TE,2,0,0,82,82,82,FALSE
2026,17213,"Hawes, Jackson",TE,2,0,0,82,82,82,FALSE
2026,16919,"Jenkins, E.J.",TE,2,0,0,82,82,82,FALSE
2026,17414,"Kallerup, Nick",TE,1,0,0,82,82,82,FALSE
2026,15929,"Kieft, Ko",TE,2,0,0,82,82,82,FALSE
2026,17547,"Klare, Max",TE,1,0,0,82,82,82,FALSE
2026,12955,"Manhertz, Chris",TE,2,0,0,82,82,82,FALSE
2026,16831,"Martin-Robinson, David",TE,2,0,0,82,82,82,FALSE
2026,15620,"Myarick, Chris",TE,2,0,0,82,82,82,FALSE
2026,16036,"Tonges, Jake",TE,1,0,0,82,82,82,FALSE
2026,13427,"Tonyan, Robert",TE,2,0,0,82,82,82,FALSE
2026,17655,"Traore, Seydou",TE,2,0,0,82,82,82,FALSE
2026,14870,"Trautman, Adam",TE,2,0,0,82,82,82,FALSE
2026,16312,"Whyle, Josh",TE,2,0,0,82,82,82,FALSE
2026,12608,"Winchester, James",TE,2,0,0,82,82,82,FALSE
2026,15840,"Woods, Jelani",TE,2,0,0,82,82,82,FALSE
2026,15341,"Morris, Quintin",TE,2,-0.09999999999999998,-0.04999999999999999,94,94,94,FALSE
2026,13676,"Smythe, Durham",TE,2,-0.4,-0.2,95,95,95,FALSE
2026,15332,"Tremble, Tommy",TE,2,-0.5,-0.25,96.5,96.5,96.5,FALSE
2026,14984,"Woerner, Charlie",TE,2,-0.5,-0.25,96.5,96.5,96.5,FALSE
2026,14871,"Parkinson, Colby",TE,2,-0.6,-0.3,98,98,98,FALSE
2026,16645,"All, Erick",TE,2,-1,-0.5,99.5,99.5,99.5,FALSE
2026,15916,"Ogletree, Drew",TE,2,-1,-0.5,99.5,99.5,99.5,FALSE
2026,17605,"Kacmarek, Will",TE,2,-1.2,-0.6,101.5,101.5,101.5,FALSE
2026,16221,"Schoonmaker, Luke",TE,2,-1.2,-0.6,101.5,101.5,101.5,FALSE
2026,16649,"Johnson, Theo",TE,2,-1.9,-0.95,103,103,103,FALSE
2026,15329,"Pitts, Kyle",TE,2,-2,-1,104,104,104,FALSE
2026,15334,"Long, Hunter",TE,2,-2.1,-1.05,105,105,105,FALSE
2026,17549,"Roush, Sam",TE,2,-2.2,-1.1,106,106,106,FALSE
2026,17591,"Boerkircher, Nate",TE,2,-2.4,-1.2,107,107,107,FALSE
2026,13940,"Mundt, Johnny",TE,2,-2.9,-1.45,108,108,108,FALSE
2026,17109,"Evans, Mitchell",TE,2,-4.300000000000001,-2.1500000000000004,109,109,109,FALSE
2026,13315,"Saubert, Eric",TE,2,-5.5,-2.75,110,110,110,FALSE
2026,17106,"Taylor, Mason",TE,2,-7.4,-3.7,111,111,111,FALSE
2026,12678,"Higbee, Tyler",TE,2,-9.2,-4.6,112,112,112,FALSE
2026,17104,"Loveland, Colston",TE,2,-10.9,-5.45,113,113,113,FALSE
2026,16190,"Flowers, Zay",WR,1,66,66,5,1,1,FALSE
2026,16185,"Smith-Njigba, Jaxon",WR,2,88.3,44.15,1,2,1,FALSE
2026,15754,"Olave, Chris",WR,2,78.5,39.25,2,3,2,FALSE
2026,15789,"Watson, Christian",WR,2,72.7,36.35,3,4,3,FALSE
2026,16809,"Coker, Jalen",WR,2,71.9,35.95,4,5,4,FALSE
2026,15290,"Collins, Nico",WR,1,30.8,30.8,27,6,6,FALSE
2026,14836,"Jefferson, Justin",WR,2,61.3,30.65,6,7,6,FALSE
2026,15287,"St. Brown, Amon-Ra",WR,2,60.2,30.1,7,8,7,FALSE
2026,16192,"Washington, Parker",WR,2,56.300000000000004,28.150000000000002,8,9,8,FALSE
2026,14832,"Lamb, CeeDee",WR,2,55.7,27.85,9,10,9,FALSE
2026,11675,"Adams, Davante",WR,2,47.9,23.95,10,11,10,FALSE
2026,17500,"Boston, Denzel",WR,2,47.6,23.8,11,12,11,FALSE
2026,16195,"Wicks, Dontayvion",WR,2,47,23.5,12,13,12,FALSE
2026,16627,"McConkey, Ladd",WR,2,43.3,21.65,13,14,13,FALSE
2026,13635,"Moore, D.J.",WR,2,40.3,20.15,14,16,14,FALSE
2026,16211,"Nacua, Puka",WR,1,20.6,20.6,43,15,15,FALSE
2026,16788,"Vele, Devaughn",WR,2,37.400000000000006,18.700000000000003,15,18,15,FALSE
2026,15282,"Smith, DeVonta",WR,2,37.099999999999994,18.549999999999997,16,19,16,FALSE
2026,14842,"Pittman, Michael",WR,1,19.2,19.2,47,17,17,FALSE
2026,15753,"Wilson, Garrett",WR,2,36.5,18.25,17,20,17,FALSE
2026,11671,"Evans, Mike",WR,2,36.400000000000006,18.200000000000003,18,21,18,FALSE
2026,17599,"Douglas, Caleb",WR,2,36.4,18.2,19.5,22.5,19.5,FALSE
2026,17512,"Williams, Antonio",WR,2,36.4,18.2,19.5,22.5,19.5,FALSE
2026,13066,"Raymond, Kalif",WR,2,35.1,17.55,21,24,21,FALSE
2026,17075,"Golden, Matthew",WR,2,33.6,16.8,22,25,22,FALSE
2026,12785,"Robinson, Demarcus",WR,2,32.8,16.4,23,26,23,FALSE
2026,14835,"Higgins, Tee",WR,2,31.6,15.8,24,27,24,FALSE
2026,14136,"Samuel, Deebo",WR,2,31.5,15.75,25,28,25,FALSE
2026,16287,"Tucker, Tre",WR,2,31.1,15.55,26,29,26,FALSE
2026,14127,"Meyers, Jakobi",WR,2,30.4,15.2,28,30,28,FALSE
2026,15319,"Palmer, Joshua",WR,2,30.200000000000003,15.100000000000001,29,31,29,FALSE
2026,16626,"Mitchell, Adonai",WR,2,29.1,14.55,30,32,30,FALSE
2026,12186,"Diggs, Stefon",WR,2,28.9,14.45,31,33,31,FALSE
2026,16194,"Rice, Rashee",WR,2,28.7,14.35,32,34,32,FALSE
2026,13418,"Bourne, Kendrick",WR,2,27.2,13.6,33,36,33,FALSE
2026,17080,"Noel, Jaylin",WR,2,26,13,34,37,34,FALSE
2026,13163,"Godwin, Chris",WR,2,25.799999999999997,12.899999999999999,35,38,35,FALSE
2026,16633,"Whittington, Jordan",WR,1,14.2,14.2,63.5,35,35,FALSE
2026,17071,"McMillan, Tetairoa",WR,2,25.7,12.85,36,39,36,FALSE
2026,16187,"Downs, Josh",WR,2,24.700000000000003,12.350000000000001,37,40,37,FALSE
2026,17081,"Egbuka, Emeka",WR,2,24.3,12.15,38,41,38,FALSE
2026,15756,"Williams, Jameson",WR,2,22.6,11.3,39,43,39,FALSE
2026,15768,"Pierce, Alec",WR,2,22.599999999999998,11.299999999999999,40,44,40,FALSE
2026,17073,"Ayomanor, Elic",WR,2,21.200000000000003,10.600000000000001,41,45,41,FALSE
2026,17502,"Cooper Jr., Omar",WR,1,12,12,69,42,42,FALSE
2026,16616,"Odunze, Rome",WR,2,20.9,10.45,42,46,42,FALSE
2026,17078,"Bech, Jack",WR,2,19.7,9.85,44,48,44,FALSE
2026,16958,"Miller, Ryan",WR,2,19.4,9.7,45.5,49.5,45.5,FALSE
2026,14974,"Mooney, Darnell",WR,2,19.4,9.7,45.5,49.5,45.5,FALSE
2026,16877,"Davis, Kaden",WR,1,10,10,76,47,47,FALSE
2026,15284,"Waddle, Jaylen",WR,2,18.900000000000002,9.450000000000001,48,51,48,FALSE
2026,13289,"Hollins, Mack",WR,2,18.5,9.25,49,52,49,FALSE
2026,15761,"Shakir, Khalil",WR,2,18.1,9.05,50,53,50,FALSE
2026,15281,"Chase, Ja'Marr",WR,2,17.3,8.65,51,54,51,FALSE
2026,17527,"Cameron, Josh",WR,2,17,8.5,52,55,52,FALSE
2026,15293,"Bateman, Rashod",WR,2,16.6,8.3,53,57,53,FALSE
2026,12773,"Moore, Chris",WR,2,16.4,8.2,54,58,54,FALSE
2026,17333,"Cooper, Darius",WR,2,16.2,8.1,55,59,55,FALSE
2026,15751,"London, Drake",WR,2,15.8,7.9,56,60,56,FALSE
2026,16621,"Walker, Devontez",WR,1,8.4,8.4,77,56,56,FALSE
2026,13164,"Kupp, Cooper",WR,2,15.5,7.75,57,61,57,FALSE
2026,16615,"Nabers, Malik",WR,2,15.3,7.65,58,62,58,FALSE
2026,15303,"Fehoko, Simi",WR,2,15,7.5,59,63,59,FALSE
2026,15589,"White, Cody",WR,2,14.8,7.4,60,64.5,60,FALSE
2026,16206,"Wilson, Michael",WR,2,14.499999999999998,7.249999999999999,61,66,61,FALSE
2026,17520,"Hurst, Ted",WR,2,14.3,7.15,62,67,62,FALSE
2026,15787,"Thornton, Tyquan",WR,2,14.2,7.1,63.5,68,63.5,FALSE
2026,14104,"Brown, A.J.",WR,1,7.4,7.4,80,64.5,64.5,FALSE
2026,17072,"Harris, Tre",WR,2,13.6,6.8,65,69,65,FALSE
2026,17519,"Lance, Bryce",WR,2,13.4,6.7,66,70,66,FALSE
2026,15755,"Dotson, Jahan",WR,2,13.299999999999999,6.6499999999999995,67,71,67,FALSE
2026,15757,"Robinson, Wan'Dale",WR,2,13,6.5,68,72,68,FALSE
2026,17070,"Burden, Luther",WR,2,11.4,5.7,70,73,70,FALSE
2026,16617,"Coleman, Keon",WR,2,11,5.5,71,74,71,FALSE
2026,16193,"Boutte, Kayshon",WR,2,10.8,5.4,72,75,72,FALSE
2026,17497,"Tate, Carnell",WR,2,10.6,5.3,73,76,73,FALSE
2026,17353,"Walker, Jahdae",WR,2,10.4,5.2,74,77,74,FALSE
2026,17752,"Meyers, Dohnte",WR,2,10.2,5.1,75,78,75,FALSE
2026,16614,"Harrison Jr., Marvin",WR,2,8.2,4.1,78,79,78,FALSE
2026,17511,"Fields, Malachi",WR,2,8,4,79,80,79,FALSE
2026,17506,"Bell, Chris",WR,2,7,3.5,81,81,81,FALSE
2026,15762,"Pickens, George",WR,2,6.7,3.35,82,82,82,FALSE
2026,17501,"Concepcion, KC",WR,2,6.6,3.3,84.5,84.5,84.5,FALSE
2026,13963,"Hodge, KhaDarel",WR,2,6.6,3.3,84.5,84.5,84.5,FALSE
2026,17184,"Lane, Jaylin",WR,2,6.6,3.3,84.5,84.5,84.5,FALSE
2026,15786,"Nailor, Jalen",WR,2,6.6,3.3,84.5,84.5,84.5,FALSE
2026,15771,"Martin, Tay",WR,2,6.5,3.25,87,87,87,FALSE
2026,16639,"Legette, Xavier",WR,2,6.300000000000001,3.1500000000000004,88,88,88,FALSE
2026,16618,"Thomas Jr., Brian",WR,2,6,3,89.5,89.5,89.5,FALSE
2026,16629,"Wilson, Roman",WR,2,6,3,89.5,89.5,89.5,FALSE
2026,16778,"Flournoy, Ryan",WR,2,5.9,2.95,91,91,91,FALSE
2026,16201,"Hutchinson, Xavier",WR,2,5.7,2.85,92,92,92,FALSE
2026,15779,"Doubs, Romeo",WR,2,5.699999999999999,2.8499999999999996,93,93,93,FALSE
2026,15301,"Atwell, Tutu",WR,1,2.8,2.8,110.5,94,94,FALSE
2026,17074,"Hunter, Travis",WR,2,5.4,2.7,94.5,95.5,94.5,FALSE
2026,16630,"Williams, Isaiah",WR,2,5.4,2.7,94.5,95.5,94.5,FALSE
2026,17086,"Royals, Jalen",WR,2,5.2,2.6,96,97,96,FALSE
2026,16620,"Worthy, Xavier",WR,2,4.7,2.35,97,98,97,FALSE
2026,14833,"Jeudy, Jerry",WR,2,4.4,2.2,98,99,98,FALSE
2026,11222,"Allen, Keenan",WR,2,4.3,2.15,99.5,100.5,99.5,FALSE
2026,17232,"Wester, LaJohntay",WR,2,4.3,2.15,99.5,100.5,99.5,FALSE
2026,16684,"Washington, Malik",WR,2,4.1000000000000005,2.0500000000000003,101,102,101,FALSE
2026,17011,"Wayne, Jared",WR,2,3.9,1.95,102,105,102,FALSE
2026,13629,"Ridley, Calvin",WR,2,3.5,1.75,103,106,103,FALSE
2026,14315,"Dulin, Ashton",WR,1,2,2,118.5,103.5,103.5,FALSE
2026,17754,"Foster, Montorie",WR,1,2,2,118.5,103.5,103.5,FALSE
2026,16342,"Douglas, Demario",WR,2,3.3,1.65,104,107,104,FALSE
2026,15766,"Moore, Skyy",WR,2,3.2,1.6,105,108,105,FALSE
2026,12645,"Treadwell, Laquon",WR,2,3.1999999999999993,1.5999999999999996,106,109,106,FALSE
2026,15785,"Melton, Bo",WR,2,3,1.5,107.5,110.5,107.5,FALSE
2026,16949,"Tremayne, Brycen",WR,2,3,1.5,107.5,110.5,107.5,FALSE
2026,15981,"Turpin, KaVontae",WR,2,2.9000000000000004,1.4500000000000002,109,112,109,FALSE
2026,17510,"Burks, Deion",WR,2,2.8,1.4,110.5,113.5,110.5,FALSE
2026,16207,"Iosivas, Andrei",WR,2,2.7,1.35,112,115,112,FALSE
2026,15941,"Young, Dareke",WR,2,2.4000000000000004,1.2000000000000002,113,116,113,FALSE
2026,14105,"Brown, Marquise",WR,1,1.4,1.4,124.5,113.5,113.5,FALSE
2026,17507,"Branch, Zachariah",WR,2,2.3,1.15,114,117,114,FALSE
2026,17079,"Johnson, Tez",WR,2,2.2,1.1,115,118,115,FALSE
2026,17503,"Bernard, Germie",WR,2,2,1,118.5,120.5,118.5,FALSE
2026,17076,"Bond, Isaiah",WR,2,2,1,118.5,120.5,118.5,FALSE
2026,16636,"Corley, Malachi",WR,2,2,1,118.5,120.5,118.5,FALSE
2026,16883,"Johnson, Kameron",WR,2,2,1,118.5,120.5,118.5,FALSE
2026,17171,"Dike, Chimere",WR,2,1.8,0.9,122,123,122,FALSE
2026,17082,"Bryant, Pat",WR,2,1.5,0.75,123,124,123,FALSE
2026,13630,"Sutton, Courtland",WR,2,1.4,0.7,124.5,125,124.5,FALSE
2026,14109,"McLaurin, Terry",WR,2,1.2999999999999998,0.6499999999999999,126,126,126,FALSE
2026,17175,"Smith, Arian",WR,2,1,0.5,127.5,128,127.5,FALSE
2026,17134,"Williams, Kyle",WR,2,1,0.5,127.5,128,127.5,FALSE
2026,17707,"Sturdivant, J Michael",WR,1,0.5,0.5,131,128,128,FALSE
2026,15765,"Austin, Kevin",WR,2,0.9,0.45,129.5,130.5,129.5,FALSE
2026,17542,"Young, Colbie",WR,2,0.9,0.45,129.5,130.5,129.5,FALSE
2026,17541,"Brown, Barion",WR,2,0.2,0.1,132,132,132,FALSE
2026,11679,"Beckham, Odell",WR,2,0,0,145.5,145.5,145.5,FALSE
2026,17536,"Bell, Dillon",WR,1,0,0,145.5,145.5,145.5,FALSE
2026,13638,"Berrios, Braxton",WR,2,0,0,145.5,145.5,145.5,FALSE
2026,17530,"Bond, Lewis",WR,1,0,0,145.5,145.5,145.5,FALSE
2026,16364,"Brooks, Jalen",WR,2,0,0,145.5,145.5,145.5,FALSE
2026,15772,"Covey, Britain",WR,2,0,0,145.5,145.5,145.5,FALSE
2026,16640,"Cowing, Jacob",WR,2,0,0,145.5,145.5,145.5,FALSE
2026,16299,"Davis, Derius",WR,2,0,0,145.5,145.5,145.5,FALSE
2026,14108,"Dortch, Greg",WR,2,0,0,145.5,145.5,145.5,FALSE
2026,14847,"Duvernay, Devin",WR,2,0,0,145.5,145.5,145.5,FALSE
2026,17097,"Felton, Tai",WR,2,0,0,145.5,145.5,145.5,FALSE
2026,16732,"Gould, Anthony",WR,1,0,0,145.5,145.5,145.5,FALSE
2026,17098,"Horton, Tory",WR,1,0,0,145.5,145.5,145.5,FALSE
2026,14120,"Jennings, Gary",WR,1,0,0,145.5,145.5,145.5,FALSE
2026,14503,"Kennedy, Tom",WR,2,0,0,145.5,145.5,145.5,FALSE
2026,17205,"Lambert-Smith, KeAndre",WR,1,0,0,145.5,145.5,145.5,FALSE
2026,16628,"McMillan, Jalen",WR,1,0,0,145.5,145.5,145.5,FALSE
2026,17334,"Meeks, Jackson",WR,2,0,0,145.5,145.5,145.5,FALSE
2026,15759,"Metchie, John",WR,1,0,0,145.5,145.5,145.5,FALSE
2026,16189,"Mims, Marvin",WR,1,0,0,145.5,145.5,145.5,FALSE
2026,16422,"Remigio, Nikko",WR,2,0,0,145.5,145.5,145.5,FALSE
2026,17514,"Stribling, De'Zhaun",WR,1,0,0,145.5,145.5,145.5,FALSE
2026,17521,"Thomas, Zavion",WR,2,0,0,145.5,145.5,145.5,FALSE
2026,15285,"Wallace, Tylan",WR,2,0,0,145.5,145.5,145.5,FALSE
2026,17620,"Wetjen, Kaden",WR,2,0,0,145.5,145.5,145.5,FALSE
2026,17671,"Williams, C.J.",WR,1,0,0,145.5,145.5,145.5,FALSE
2026,15491,"Skowronek, Ben",WR,2,-0.1,-0.05,159,159,159,FALSE
2026,16080,"Shaheed, Rashid",WR,2,-0.10000000000000009,-0.050000000000000044,160,160,160,FALSE
2026,16499,"Blair, Chris",WR,2,-0.30000000000000004,-0.15000000000000002,161.5,161.5,161.5,FALSE
2026,17157,"TeSlaa, Isaac",WR,2,-0.30000000000000004,-0.15000000000000002,161.5,161.5,161.5,FALSE
2026,17517,"Lane, Ja'Kobi",WR,1,-0.6,-0.6,163,166,163,FALSE
2026,14592,"Zaccheaus, Olamide",WR,2,-0.8999999999999999,-0.44999999999999996,164,163,163,FALSE
2026,17360,"Price, Myles",WR,2,-1,-0.5,166.5,164.5,164.5,FALSE
2026,16428,"Smith, Xavier",WR,2,-1,-0.5,166.5,164.5,164.5,FALSE
2026,15752,"Burks, Treylon",WR,1,-1,-1,166.5,170.5,166.5,FALSE
2026,14118,"Humphrey, Lil'Jordan",WR,1,-1,-1,166.5,170.5,166.5,FALSE
2026,16197,"Mingo, Jonathan",WR,2,-1.4,-0.7,169,167,167,FALSE
2026,16619,"Franklin, Troy",WR,2,-1.5999999999999996,-0.7999999999999998,170,168,168,FALSE
2026,16184,"Reed, Jayden",WR,2,-1.7,-0.85,172,169,169,FALSE
2026,17269,"Chism, Efton",WR,1,-1.6,-1.6,171,173,171,FALSE
2026,17254,"Mumpfield, Konata",WR,2,-3.1,-1.55,175,172,172,FALSE
2026,17234,"Horn, Jimmy",WR,1,-2,-2,173.5,176,173.5,FALSE
2026,14860,"Jennings, Jauan",WR,1,-2,-2,173.5,176,173.5,FALSE
2026,16186,"Addison, Jordan",WR,2,-3.3,-1.65,176,174,174,FALSE
2026,17528,"Coleman, Kevin",WR,2,-4,-2,177,176,176,FALSE
2026,14102,"Metcalf, DK",WR,2,-4.1,-2.05,178,178,178,FALSE
2026,17499,"Lemon, Makai",WR,2,-4.7,-2.35,179,179,179,FALSE
2026,17518,"Allen, Cyrus",WR,2,-5.4,-2.7,180.5,180.5,180.5,FALSE
2026,17529,"Thompson, Brenen",WR,2,-5.4,-2.7,180.5,180.5,180.5,FALSE
2026,17706,"Benson, Malik",WR,2,-5.8,-2.9,182,182,182,FALSE
2026,16188,"Johnston, Quentin",WR,2,-7.9,-3.95,183,183,183,FALSE
2026,15292,"Brown, Dyami",WR,2,-9.3,-4.65,184,184,184,FALSE
