🏆,Analytics Dynasty League Trophy Room,,,,🏆,,,,,,,,,
Year,,Super Bowl Champion,,Runner Up,Score,,NFC HC ,NFC OC,NFC DC,NFC GM,AFC HC,AFC OC ,AFC DC,AFC GM
2025,,Houston Texans (9-8),Def,New York Giants (14-3),248.8 - 207.0,,NYG (.680),NYG (124.0),TBB (109.2),WAS (267.2),KCC (.831),LVR (118.6),KCC (114.6),KCC (282.5)
2024,,Kansas City Chiefs (13-4),Def,Chicago Bears (10-7),267.4 - 203.8,,LAR (.634),TBB (116.7),ATL (111.8),WAS (274.9),IND (.839),IND (128.5),IND (116.4),IND (303.3)
2023,,Kansas City Chiefs (14-2-1),Def,Washington Commanders (13-4),195.5 - 175.8,,WAS (.696),DET (112.4),ATL (129.3),WAS (289.1),HOU (.774),HOU (133.1),KCC (127.5),HOU (294.5)
2022,,Kansas City Chiefs (14-3),Def,Detroit Lions (15-2),208.0 - 198.6,,DET (.802),CHI (121.8),DAL (117.6),CHI (287.5),KCC (.848),KCC (137.7),KCC (123.3),KCC (302.4)
2021,,Detroit Lions (12-5),Def,Jacksonville Jaguars (9-7-1),202.5 - 182.5,,ATL (.788),WAS (126.1),SFO (119.1),ATL (283.8),KCC (.772),TEN (114.4),KCC (119.2),KCC (286.9)
2020,,Baltimore Ravens (12-4),Def,Carolina Panthers (12-4),316.7 - 310.2,,CHI (.788),MIN (126.0),PHI (108.4),CHI (295.5),KCC (.805),KCC (121.8),KCC (114.7),KCC (288.2)
2019,,Tampa Bay Bucaneers (13-2-1),Def,Baltimore Ravens (12-4),190.1 - 172.6,,CAR (.726),CAR (120.0),CHI (115.0),CAR (267.7),KCC (.710),BAL (108.8),KCC (120.3),BAL (281.1)
2018,,Buffalo Bills (11-5),Def,Chicago Bears (14-2),233.1 - 224.8,,CHI (.766),NOS (119.3),CHI (103.5),CHI (274.3),KCC (.815),KCC (121.3),KCC (108.3),KCC (284.0)
2017,,Cleveland Browns (11-4-1),Def,Seattle Seahawks (14-2),205.5 - 178.6,,CHI (.785),WAS (100.0),SEA (103.2),SEA (244.6),CLE (.742),PIT (91.1),CLE (113.6),IND (230.4)
2016,,Baltimore Ravens (14-1-1),Def,Minnesota Vikings (11-5),211.6 - 171.9,,MIN (.691),CHI (107.0),MIN (115.6),CHI (246.0),BAL (.778),OAK (111.0),BAL (107.9),BAL (253.2)